<?xml version="1.0" encoding="UTF-8"?>
<Flow xmlns="http://soap.sforce.com/2006/04/metadata">
    <apiVersion>58.0</apiVersion>
    <areMetricsLoggedToDataCloud>false</areMetricsLoggedToDataCloud>
    <description>Close all Darin records</description>
    <environments>Default</environments>
    <interviewLabel>Close all Darin records {!$Flow.CurrentDateTime}</interviewLabel>
    <label>Close all Darin records</label>
    <processMetadataValues>
        <name>BuilderType</name>
        <value>
            <stringValue>LightningFlowBuilder</stringValue>
        </value>
    </processMetadataValues>
    <processMetadataValues>
        <name>CanvasMode</name>
        <value>
            <stringValue>AUTO_LAYOUT_CANVAS</stringValue>
        </value>
    </processMetadataValues>
    <processMetadataValues>
        <name>OriginBuilderType</name>
        <value>
            <stringValue>LightningFlowBuilder</stringValue>
        </value>
    </processMetadataValues>
    <processType>AutoLaunchedFlow</processType>
    <recordUpdates>
        <description>Marking old records closed lost (Before 9/15/23)</description>
        <name>Marking_old_records_closed_lost</name>
        <label>Marking old records closed lost</label>
        <locationX>176</locationX>
        <locationY>252</locationY>
        <inputAssignments>
            <field>Loss_Reason__c</field>
            <value>
                <stringValue>Abandoned</stringValue>
            </value>
        </inputAssignments>
        <inputAssignments>
            <field>StageName</field>
            <value>
                <stringValue>Closed Lost</stringValue>
            </value>
        </inputAssignments>
        <inputReference>$Record</inputReference>
    </recordUpdates>
    <start>
        <locationX>50</locationX>
        <locationY>0</locationY>
        <connector>
            <targetReference>Marking_old_records_closed_lost</targetReference>
        </connector>
        <filterLogic>and</filterLogic>
        <filters>
            <field>IsClosed</field>
            <operator>EqualTo</operator>
            <value>
                <booleanValue>false</booleanValue>
            </value>
        </filters>
        <filters>
            <field>CloseDate</field>
            <operator>LessThan</operator>
            <value>
                <dateValue>2023-10-30</dateValue>
            </value>
        </filters>
        <object>Opportunity</object>
        <schedule>
            <frequency>Once</frequency>
            <startDate>2023-11-01</startDate>
            <startTime>15:08:00.000Z</startTime>
        </schedule>
        <triggerType>Scheduled</triggerType>
    </start>
    <status>Active</status>
</Flow>
