<?xml version="1.0" encoding="UTF-8"?>
<Flow xmlns="http://soap.sforce.com/2006/04/metadata">
    <apiVersion>60.0</apiVersion>
    <areMetricsLoggedToDataCloud>false</areMetricsLoggedToDataCloud>
    <environments>Default</environments>
    <interviewLabel>[Company] Add Partner&apos;s Company Code as Spectrum Company Code {!$Flow.CurrentDateTime}</interviewLabel>
    <label>[Company] Add Partner&apos;s Company Code as Spectrum Company Code</label>
    <processMetadataValues>
        <name>BuilderType</name>
        <value>
            <stringValue>LightningFlowBuilder</stringValue>
        </value>
    </processMetadataValues>
    <processMetadataValues>
        <name>CanvasMode</name>
        <value>
            <stringValue>AUTO_LAYOUT_CANVAS</stringValue>
        </value>
    </processMetadataValues>
    <processMetadataValues>
        <name>OriginBuilderType</name>
        <value>
            <stringValue>LightningFlowBuilder</stringValue>
        </value>
    </processMetadataValues>
    <processType>AutoLaunchedFlow</processType>
    <recordUpdates>
        <name>Update_Records_1</name>
        <label>Add Company Code</label>
        <locationX>176</locationX>
        <locationY>323</locationY>
        <inputAssignments>
            <field>Spectrum_Company_Code__c</field>
            <value>
                <elementReference>$Record.Partner__r.Company_Code__c</elementReference>
            </value>
        </inputAssignments>
        <inputReference>$Record</inputReference>
    </recordUpdates>
    <start>
        <locationX>50</locationX>
        <locationY>0</locationY>
        <connector>
            <targetReference>Update_Records_1</targetReference>
        </connector>
        <filterLogic>and</filterLogic>
        <filters>
            <field>Partner__c</field>
            <operator>IsChanged</operator>
            <value>
                <booleanValue>true</booleanValue>
            </value>
        </filters>
        <object>Account</object>
        <recordTriggerType>CreateAndUpdate</recordTriggerType>
        <triggerType>RecordAfterSave</triggerType>
    </start>
    <status>Active</status>
</Flow>
