<?xml version="1.0" encoding="UTF-8"?>
<Flow xmlns="http://soap.sforce.com/2006/04/metadata">
    <actionCalls>
        <name>Inform_Owner_of_Ticket_change</name>
        <label>Inform Owner of Ticket change</label>
        <locationX>50</locationX>
        <locationY>539</locationY>
        <actionName>Contact_Invite__c.Contact_Invite_Ticket_Amount_Changed</actionName>
        <actionType>emailAlert</actionType>
        <flowTransactionModel>CurrentTransaction</flowTransactionModel>
        <inputParameters>
            <name>SObjectRowId</name>
            <value>
                <elementReference>$Record.Id</elementReference>
            </value>
        </inputParameters>
        <nameSegment>Contact_Invite__c.Contact_Invite_Ticket_Amount_Changed</nameSegment>
    </actionCalls>
    <apiVersion>60.0</apiVersion>
    <areMetricsLoggedToDataCloud>false</areMetricsLoggedToDataCloud>
    <decisions>
        <name>Did_Tickets_Change</name>
        <label>Did Tickets Change?</label>
        <locationX>182</locationX>
        <locationY>323</locationY>
        <defaultConnectorLabel>Default Outcome</defaultConnectorLabel>
        <rules>
            <name>Yes_fewer_tickets</name>
            <conditionLogic>and</conditionLogic>
            <conditions>
                <leftValueReference>$Record.Tickets__c</leftValueReference>
                <operator>LessThan</operator>
                <rightValue>
                    <elementReference>$Record__Prior.Tickets__c</elementReference>
                </rightValue>
            </conditions>
            <connector>
                <targetReference>Tag_Invite_Owner</targetReference>
            </connector>
            <label>Yes, fewer tickets</label>
        </rules>
    </decisions>
    <environments>Default</environments>
    <interviewLabel>[Contact Invite] Ticket Amount Changed {!$Flow.CurrentDateTime}</interviewLabel>
    <label>[Contact Invite] Ticket Amount Changed</label>
    <processMetadataValues>
        <name>BuilderType</name>
        <value>
            <stringValue>LightningFlowBuilder</stringValue>
        </value>
    </processMetadataValues>
    <processMetadataValues>
        <name>CanvasMode</name>
        <value>
            <stringValue>AUTO_LAYOUT_CANVAS</stringValue>
        </value>
    </processMetadataValues>
    <processMetadataValues>
        <name>OriginBuilderType</name>
        <value>
            <stringValue>LightningFlowBuilder</stringValue>
        </value>
    </processMetadataValues>
    <processType>AutoLaunchedFlow</processType>
    <recordUpdates>
        <name>Tag_Invite_Owner</name>
        <label>Tag Invite Owner</label>
        <locationX>50</locationX>
        <locationY>431</locationY>
        <connector>
            <targetReference>Inform_Owner_of_Ticket_change</targetReference>
        </connector>
        <inputAssignments>
            <field>Invite_Owner__c</field>
            <value>
                <elementReference>$Record.Hospitality_Request__r.OwnerId</elementReference>
            </value>
        </inputAssignments>
        <inputReference>$Record</inputReference>
    </recordUpdates>
    <start>
        <locationX>56</locationX>
        <locationY>0</locationY>
        <connector>
            <targetReference>Did_Tickets_Change</targetReference>
        </connector>
        <object>Contact_Invite__c</object>
        <recordTriggerType>Update</recordTriggerType>
        <triggerType>RecordAfterSave</triggerType>
    </start>
    <status>Active</status>
</Flow>
