<?xml version="1.0" encoding="UTF-8"?>
<Flow xmlns="http://soap.sforce.com/2006/04/metadata">
    <apiVersion>62.0</apiVersion>
    <areMetricsLoggedToDataCloud>false</areMetricsLoggedToDataCloud>
    <assignments>
        <name>Assign_Var_OrgCaseID</name>
        <label>Assign Var_OrgCaseID</label>
        <locationX>182</locationX>
        <locationY>323</locationY>
        <assignmentItems>
            <assignToReference>Var_orgCaseId</assignToReference>
            <operator>Assign</operator>
            <value>
                <elementReference>$Record.RelatedToId</elementReference>
            </value>
        </assignmentItems>
        <connector>
            <targetReference>is_FM_PMTTask_null</targetReference>
        </connector>
    </assignments>
    <assignments>
        <name>Set_Var_PMTTask</name>
        <label>Set Var_PMTTask</label>
        <locationX>50</locationX>
        <locationY>539</locationY>
        <assignmentItems>
            <assignToReference>$Record.RelatedToId</assignToReference>
            <operator>Assign</operator>
            <value>
                <elementReference>FM_PMTTaskID</elementReference>
            </value>
        </assignmentItems>
        <assignmentItems>
            <assignToReference>$Record.Flow_Created__c</assignToReference>
            <operator>Assign</operator>
            <value>
                <booleanValue>true</booleanValue>
            </value>
        </assignmentItems>
        <connector>
            <targetReference>Create_duplicate_Email</targetReference>
        </connector>
    </assignments>
    <assignments>
        <name>Set_var_PMTTask_from_new_PMT_Task</name>
        <label>Set var_PMTTask from new PMT Task</label>
        <locationX>314</locationX>
        <locationY>863</locationY>
        <assignmentItems>
            <assignToReference>Var_PMTTask</assignToReference>
            <operator>Assign</operator>
            <value>
                <elementReference>Create_new_PMT_Task</elementReference>
            </value>
        </assignmentItems>
        <assignmentItems>
            <assignToReference>$Record.Flow_Created__c</assignToReference>
            <operator>Assign</operator>
            <value>
                <booleanValue>true</booleanValue>
            </value>
        </assignmentItems>
        <assignmentItems>
            <assignToReference>$Record.RelatedToId</assignToReference>
            <operator>Assign</operator>
            <value>
                <elementReference>Create_new_PMT_Task</elementReference>
            </value>
        </assignmentItems>
        <connector>
            <targetReference>Create_duplicate_Email</targetReference>
        </connector>
    </assignments>
    <decisions>
        <name>is_FM_PMTTask_null</name>
        <label>is FM_PMTTask null</label>
        <locationX>182</locationX>
        <locationY>431</locationY>
        <defaultConnector>
            <targetReference>Get_User_For_Requestor</targetReference>
        </defaultConnector>
        <defaultConnectorLabel>Yes make new PMT Task</defaultConnectorLabel>
        <rules>
            <name>Not_Null_Add_to_Current_Record</name>
            <conditionLogic>and</conditionLogic>
            <conditions>
                <leftValueReference>FM_PMTTaskID</leftValueReference>
                <operator>StartsWith</operator>
                <rightValue>
                    <stringValue>a1P</stringValue>
                </rightValue>
            </conditions>
            <connector>
                <targetReference>Set_Var_PMTTask</targetReference>
            </connector>
            <label>Not Null Add to Current Record</label>
        </rules>
    </decisions>
    <description>v5 messed up attaching the email to the new task 
v3 adding flow created flag to keep endless loop 
v2 Troubleshooting</description>
    <environments>Default</environments>
    <formulas>
        <name>FM_EverythingAfterPMTTask</name>
        <dataType>String</dataType>
        <expression>RIGHT({!$Record.TextBody},(LEN({!$Record.TextBody})-FIND(&quot;*PMT Task*&quot;, {!$Record.TextBody})))</expression>
    </formulas>
    <formulas>
        <name>FM_PMTTaskID</name>
        <dataType>String</dataType>
        <expression>MID({!FM_EverythingAfterPMTTask} , 11, 18)</expression>
    </formulas>
    <interviewLabel>[Email Message] Send To PMT Task {!$Flow.CurrentDateTime}</interviewLabel>
    <label>[Email Message] Send To PMT Task</label>
    <processMetadataValues>
        <name>BuilderType</name>
        <value>
            <stringValue>LightningFlowBuilder</stringValue>
        </value>
    </processMetadataValues>
    <processMetadataValues>
        <name>CanvasMode</name>
        <value>
            <stringValue>AUTO_LAYOUT_CANVAS</stringValue>
        </value>
    </processMetadataValues>
    <processMetadataValues>
        <name>OriginBuilderType</name>
        <value>
            <stringValue>LightningFlowBuilder</stringValue>
        </value>
    </processMetadataValues>
    <processType>AutoLaunchedFlow</processType>
    <recordCreates>
        <name>Create_duplicate_Email</name>
        <label>Create duplicate Email</label>
        <locationX>182</locationX>
        <locationY>1055</locationY>
        <connector>
            <targetReference>Get_Duplicate_Email_values</targetReference>
        </connector>
        <inputReference>$Record</inputReference>
    </recordCreates>
    <recordCreates>
        <name>Create_new_PMT_Task</name>
        <label>Create new PMT Task</label>
        <locationX>314</locationX>
        <locationY>755</locationY>
        <connector>
            <targetReference>Set_var_PMTTask_from_new_PMT_Task</targetReference>
        </connector>
        <inputAssignments>
            <field>Name</field>
            <value>
                <elementReference>$Record.Subject</elementReference>
            </value>
        </inputAssignments>
        <inputAssignments>
            <field>Owner__c</field>
            <value>
                <stringValue>005Uw000006LQX7IAO</stringValue>
            </value>
        </inputAssignments>
        <inputAssignments>
            <field>PMT_Epic__c</field>
            <value>
                <stringValue>a1MUw00000C2NPpMAN</stringValue>
            </value>
        </inputAssignments>
        <inputAssignments>
            <field>Partner__c</field>
            <value>
                <elementReference>Get_Partner.Id</elementReference>
            </value>
        </inputAssignments>
        <inputAssignments>
            <field>Requestor__c</field>
            <value>
                <stringValue>{!Get_User_For_Requestor.Id}</stringValue>
            </value>
        </inputAssignments>
        <inputAssignments>
            <field>Start_Date__c</field>
            <value>
                <elementReference>$Flow.CurrentDate</elementReference>
            </value>
        </inputAssignments>
        <object>PMT_Task__c</object>
        <storeOutputAutomatically>true</storeOutputAutomatically>
    </recordCreates>
    <recordLookups>
        <name>Get_Duplicate_Email_values</name>
        <label>Get Duplicate Email values</label>
        <locationX>182</locationX>
        <locationY>1163</locationY>
        <assignNullValuesIfNoRecordsFound>false</assignNullValuesIfNoRecordsFound>
        <filterLogic>and</filterLogic>
        <filters>
            <field>Id</field>
            <operator>EqualTo</operator>
            <value>
                <stringValue>email</stringValue>
            </value>
        </filters>
        <getFirstRecordOnly>true</getFirstRecordOnly>
        <object>EmailMessage</object>
        <storeOutputAutomatically>true</storeOutputAutomatically>
    </recordLookups>
    <recordLookups>
        <name>Get_Partner</name>
        <label>Get Partner</label>
        <locationX>314</locationX>
        <locationY>647</locationY>
        <assignNullValuesIfNoRecordsFound>false</assignNullValuesIfNoRecordsFound>
        <connector>
            <targetReference>Create_new_PMT_Task</targetReference>
        </connector>
        <filterLogic>and</filterLogic>
        <filters>
            <field>Partner_Picklist__c</field>
            <operator>EqualTo</operator>
            <value>
                <elementReference>Get_User_For_Requestor.Partner__c</elementReference>
            </value>
        </filters>
        <getFirstRecordOnly>true</getFirstRecordOnly>
        <object>Partner__c</object>
        <storeOutputAutomatically>true</storeOutputAutomatically>
    </recordLookups>
    <recordLookups>
        <name>Get_User_For_Requestor</name>
        <label>Get User For Requestor</label>
        <locationX>314</locationX>
        <locationY>539</locationY>
        <assignNullValuesIfNoRecordsFound>false</assignNullValuesIfNoRecordsFound>
        <connector>
            <targetReference>Get_Partner</targetReference>
        </connector>
        <filterLogic>and</filterLogic>
        <filters>
            <field>Email</field>
            <operator>EqualTo</operator>
            <value>
                <elementReference>$Record.FromAddress</elementReference>
            </value>
        </filters>
        <getFirstRecordOnly>true</getFirstRecordOnly>
        <object>User</object>
        <storeOutputAutomatically>true</storeOutputAutomatically>
    </recordLookups>
    <start>
        <locationX>56</locationX>
        <locationY>0</locationY>
        <connector>
            <targetReference>Assign_Var_OrgCaseID</targetReference>
        </connector>
        <filterLogic>and</filterLogic>
        <filters>
            <field>TextBody</field>
            <operator>Contains</operator>
            <value>
                <stringValue>*PMT Task*</stringValue>
            </value>
        </filters>
        <filters>
            <field>Flow_Created__c</field>
            <operator>EqualTo</operator>
            <value>
                <booleanValue>false</booleanValue>
            </value>
        </filters>
        <object>EmailMessage</object>
        <recordTriggerType>Create</recordTriggerType>
        <triggerType>RecordAfterSave</triggerType>
    </start>
    <status>Draft</status>
    <variables>
        <name>Var_EverythingAfterPMTTask</name>
        <dataType>String</dataType>
        <isCollection>false</isCollection>
        <isInput>false</isInput>
        <isOutput>false</isOutput>
    </variables>
    <variables>
        <name>Var_orgCaseId</name>
        <dataType>String</dataType>
        <isCollection>false</isCollection>
        <isInput>false</isInput>
        <isOutput>false</isOutput>
    </variables>
    <variables>
        <name>Var_PMTTask</name>
        <dataType>String</dataType>
        <isCollection>false</isCollection>
        <isInput>false</isInput>
        <isOutput>false</isOutput>
    </variables>
</Flow>
