<?xml version="1.0" encoding="UTF-8"?>
<Flow xmlns="http://soap.sforce.com/2006/04/metadata">
    <apiVersion>62.0</apiVersion>
    <areMetricsLoggedToDataCloud>false</areMetricsLoggedToDataCloud>
    <assignments>
        <name>Count_Tasks</name>
        <label>Count Tasks</label>
        <locationX>176</locationX>
        <locationY>360</locationY>
        <assignmentItems>
            <assignToReference>CountTasks</assignToReference>
            <operator>AssignCount</operator>
            <value>
                <elementReference>Get_Tasks</elementReference>
            </value>
        </assignmentItems>
        <connector>
            <targetReference>Update_Lead</targetReference>
        </connector>
    </assignments>
    <environments>Default</environments>
    <interviewLabel>{Lead} Count Tasks {!$Flow.CurrentDateTime}</interviewLabel>
    <label>{Lead} Count Tasks</label>
    <processMetadataValues>
        <name>BuilderType</name>
        <value>
            <stringValue>LightningFlowBuilder</stringValue>
        </value>
    </processMetadataValues>
    <processMetadataValues>
        <name>CanvasMode</name>
        <value>
            <stringValue>AUTO_LAYOUT_CANVAS</stringValue>
        </value>
    </processMetadataValues>
    <processMetadataValues>
        <name>OriginBuilderType</name>
        <value>
            <stringValue>LightningFlowBuilder</stringValue>
        </value>
    </processMetadataValues>
    <processType>AutoLaunchedFlow</processType>
    <recordLookups>
        <name>Get_Tasks</name>
        <label>Get Tasks</label>
        <locationX>176</locationX>
        <locationY>252</locationY>
        <assignNullValuesIfNoRecordsFound>false</assignNullValuesIfNoRecordsFound>
        <connector>
            <targetReference>Count_Tasks</targetReference>
        </connector>
        <filterLogic>(1 OR 2) AND 3</filterLogic>
        <filters>
            <field>WhatId</field>
            <operator>EqualTo</operator>
            <value>
                <elementReference>$Record.Id</elementReference>
            </value>
        </filters>
        <filters>
            <field>WhoId</field>
            <operator>EqualTo</operator>
            <value>
                <elementReference>$Record.Id</elementReference>
            </value>
        </filters>
        <filters>
            <field>TaskSubtype</field>
            <operator>EqualTo</operator>
            <value>
                <stringValue>Task</stringValue>
            </value>
        </filters>
        <getFirstRecordOnly>false</getFirstRecordOnly>
        <object>Task</object>
        <sortField>CreatedDate</sortField>
        <sortOrder>Desc</sortOrder>
        <storeOutputAutomatically>true</storeOutputAutomatically>
    </recordLookups>
    <recordUpdates>
        <name>Update_Lead</name>
        <label>Update Lead</label>
        <locationX>176</locationX>
        <locationY>468</locationY>
        <inputAssignments>
            <field>Number_of_Tasks__c</field>
            <value>
                <elementReference>CountTasks</elementReference>
            </value>
        </inputAssignments>
        <inputReference>$Record</inputReference>
    </recordUpdates>
    <start>
        <locationX>50</locationX>
        <locationY>0</locationY>
        <connector>
            <targetReference>Get_Tasks</targetReference>
        </connector>
        <object>Lead</object>
        <schedule>
            <frequency>Daily</frequency>
            <startDate>2025-01-15</startDate>
            <startTime>01:00:00.000Z</startTime>
        </schedule>
        <triggerType>Scheduled</triggerType>
    </start>
    <status>Obsolete</status>
    <variables>
        <name>CountTasks</name>
        <dataType>Number</dataType>
        <isCollection>false</isCollection>
        <isInput>false</isInput>
        <isOutput>false</isOutput>
        <scale>0</scale>
    </variables>
</Flow>
