<?xml version="1.0" encoding="UTF-8"?>
<Flow xmlns="http://soap.sforce.com/2006/04/metadata">
    <apiVersion>57.0</apiVersion>
    <areMetricsLoggedToDataCloud>false</areMetricsLoggedToDataCloud>
    <description>Acquires the contact ID from the User record and places it into the &quot;Partner Contact&quot; field</description>
    <environments>Default</environments>
    <interviewLabel>[Opportunity] Update Partner Contact field {!$Flow.CurrentDateTime}</interviewLabel>
    <label>[Opportunity] Update Partner Contact field</label>
    <processMetadataValues>
        <name>BuilderType</name>
        <value>
            <stringValue>LightningFlowBuilder</stringValue>
        </value>
    </processMetadataValues>
    <processMetadataValues>
        <name>CanvasMode</name>
        <value>
            <stringValue>AUTO_LAYOUT_CANVAS</stringValue>
        </value>
    </processMetadataValues>
    <processMetadataValues>
        <name>OriginBuilderType</name>
        <value>
            <stringValue>LightningFlowBuilder</stringValue>
        </value>
    </processMetadataValues>
    <processType>AutoLaunchedFlow</processType>
    <recordUpdates>
        <description>Acquires the contact ID from the User record and places it into the &quot;Partner Contact&quot; field</description>
        <name>Update_Partner_Contact_in</name>
        <label>Update Partner Contact in</label>
        <locationX>176</locationX>
        <locationY>335</locationY>
        <inputAssignments>
            <field>Partner_Contact_deprecated__c</field>
            <value>
                <elementReference>$Record.Owner.ContactId</elementReference>
            </value>
        </inputAssignments>
        <inputReference>$Record</inputReference>
    </recordUpdates>
    <start>
        <locationX>50</locationX>
        <locationY>0</locationY>
        <connector>
            <targetReference>Update_Partner_Contact_in</targetReference>
        </connector>
        <object>Opportunity</object>
        <recordTriggerType>CreateAndUpdate</recordTriggerType>
        <triggerType>RecordAfterSave</triggerType>
    </start>
    <status>Obsolete</status>
</Flow>
