<?xml version="1.0" encoding="UTF-8"?>
<Flow xmlns="http://soap.sforce.com/2006/04/metadata">
    <apiVersion>58.0</apiVersion>
    <areMetricsLoggedToDataCloud>false</areMetricsLoggedToDataCloud>
    <decisions>
        <name>Record_Type_National_Account_Agreement</name>
        <label>Record Type = National Account Agreement</label>
        <locationX>182</locationX>
        <locationY>323</locationY>
        <defaultConnectorLabel>No, Another Record Type</defaultConnectorLabel>
        <rules>
            <name>Yes_National_Account</name>
            <conditionLogic>and</conditionLogic>
            <conditions>
                <leftValueReference>$Record.RecordType.Name</leftValueReference>
                <operator>EqualTo</operator>
                <rightValue>
                    <stringValue>National Account Agreement</stringValue>
                </rightValue>
            </conditions>
            <connector>
                <targetReference>Update_Amount_and_Margin</targetReference>
            </connector>
            <label>Yes, National Account</label>
        </rules>
    </decisions>
    <description>Updates amount and profit margin upon create of a national account agreement.</description>
    <environments>Default</environments>
    <interviewLabel>[Opportunity] Create RT: National Account Agreement Record Update {!$Flow.CurrentDateTime}</interviewLabel>
    <label>[Opportunity] Create RT: National Account Agreement Record Update</label>
    <processMetadataValues>
        <name>BuilderType</name>
        <value>
            <stringValue>LightningFlowBuilder</stringValue>
        </value>
    </processMetadataValues>
    <processMetadataValues>
        <name>CanvasMode</name>
        <value>
            <stringValue>AUTO_LAYOUT_CANVAS</stringValue>
        </value>
    </processMetadataValues>
    <processMetadataValues>
        <name>OriginBuilderType</name>
        <value>
            <stringValue>LightningFlowBuilder</stringValue>
        </value>
    </processMetadataValues>
    <processType>AutoLaunchedFlow</processType>
    <recordUpdates>
        <name>Update_Amount_and_Margin</name>
        <label>Update Amount and Margin</label>
        <locationX>50</locationX>
        <locationY>431</locationY>
        <inputAssignments>
            <field>Amount</field>
            <value>
                <numberValue>0.0</numberValue>
            </value>
        </inputAssignments>
        <inputAssignments>
            <field>Margin_Sales__c</field>
            <value>
                <numberValue>0.0</numberValue>
            </value>
        </inputAssignments>
        <inputReference>$Record</inputReference>
    </recordUpdates>
    <start>
        <locationX>56</locationX>
        <locationY>0</locationY>
        <connector>
            <targetReference>Record_Type_National_Account_Agreement</targetReference>
        </connector>
        <object>Opportunity</object>
        <recordTriggerType>Create</recordTriggerType>
        <triggerType>RecordAfterSave</triggerType>
    </start>
    <status>Active</status>
</Flow>
