<?xml version="1.0" encoding="UTF-8"?>
<Flow xmlns="http://soap.sforce.com/2006/04/metadata">
    <apiVersion>58.0</apiVersion>
    <areMetricsLoggedToDataCloud>false</areMetricsLoggedToDataCloud>
    <assignments>
        <name>Add_to_Collection</name>
        <label>Add to Collection</label>
        <locationX>402</locationX>
        <locationY>947</locationY>
        <assignmentItems>
            <assignToReference>Opportunity_Collection</assignToReference>
            <operator>Add</operator>
            <value>
                <elementReference>Opportunity_Single</elementReference>
            </value>
        </assignmentItems>
        <connector>
            <targetReference>Loop_Child_Opps</targetReference>
        </connector>
    </assignments>
    <assignments>
        <name>Copy_Job_Number_from_Parent</name>
        <label>Copy Job Number from Parent</label>
        <locationX>270</locationX>
        <locationY>755</locationY>
        <assignmentItems>
            <assignToReference>Opportunity_Single.Job_Number_Booking_Number__c</assignToReference>
            <operator>Assign</operator>
            <value>
                <elementReference>Loop_Child_Opps.Parent_Opportunity__r.Job_Number_Booking_Number__c</elementReference>
            </value>
        </assignmentItems>
        <connector>
            <targetReference>Add_to_Collection</targetReference>
        </connector>
    </assignments>
    <assignments>
        <description>And conditional default some required fields if they are blank on the child.</description>
        <name>Mark_Closed_Won</name>
        <label>Mark Closed/Won</label>
        <locationX>402</locationX>
        <locationY>539</locationY>
        <assignmentItems>
            <assignToReference>Opportunity_Single.Id</assignToReference>
            <operator>Assign</operator>
            <value>
                <elementReference>Loop_Child_Opps.Id</elementReference>
            </value>
        </assignmentItems>
        <assignmentItems>
            <assignToReference>Opportunity_Single.StageName</assignToReference>
            <operator>Assign</operator>
            <value>
                <stringValue>Closed Won</stringValue>
            </value>
        </assignmentItems>
        <assignmentItems>
            <assignToReference>Opportunity_Single.CloseDate</assignToReference>
            <operator>Assign</operator>
            <value>
                <elementReference>CloseDate</elementReference>
            </value>
        </assignmentItems>
        <assignmentItems>
            <assignToReference>Opportunity_Single.Amount</assignToReference>
            <operator>Assign</operator>
            <value>
                <elementReference>Amount</elementReference>
            </value>
        </assignmentItems>
        <assignmentItems>
            <assignToReference>Opportunity_Single.Margin_Sales__c</assignToReference>
            <operator>Assign</operator>
            <value>
                <elementReference>Margin_Sales</elementReference>
            </value>
        </assignmentItems>
        <connector>
            <targetReference>Is_Job_Number_Null</targetReference>
        </connector>
    </assignments>
    <decisions>
        <name>Is_Job_Number_Null</name>
        <label>Is Job Number Null?</label>
        <locationX>402</locationX>
        <locationY>647</locationY>
        <defaultConnector>
            <targetReference>Add_to_Collection</targetReference>
        </defaultConnector>
        <defaultConnectorLabel>No, filled in</defaultConnectorLabel>
        <rules>
            <name>Yes_blank</name>
            <conditionLogic>and</conditionLogic>
            <conditions>
                <leftValueReference>Loop_Child_Opps.Job_Number_Booking_Number__c</leftValueReference>
                <operator>IsNull</operator>
                <rightValue>
                    <booleanValue>true</booleanValue>
                </rightValue>
            </conditions>
            <connector>
                <targetReference>Copy_Job_Number_from_Parent</targetReference>
            </connector>
            <label>Yes, blank</label>
        </rules>
    </decisions>
    <decisions>
        <name>Records_Found</name>
        <label>Records Found?</label>
        <locationX>182</locationX>
        <locationY>1139</locationY>
        <defaultConnectorLabel>No</defaultConnectorLabel>
        <rules>
            <name>Yes</name>
            <conditionLogic>and</conditionLogic>
            <conditions>
                <leftValueReference>Opportunity_Collection</leftValueReference>
                <operator>IsNull</operator>
                <rightValue>
                    <booleanValue>false</booleanValue>
                </rightValue>
            </conditions>
            <connector>
                <targetReference>Update_Child_Opps</targetReference>
            </connector>
            <label>Yes</label>
        </rules>
    </decisions>
    <description>When Parent opportunity is updated to Closed/Won, automatically update any child opportunities that are not already closed to Closed/Won.  Adds the Job Number from the parent if no Job Number has been entered on the child.</description>
    <environments>Default</environments>
    <formulas>
        <name>Amount</name>
        <dataType>Number</dataType>
        <expression>IF(
  ISBLANK({!Loop_Child_Opps.Amount}), 0.0, {!Loop_Child_Opps.Amount}
)</expression>
        <scale>2</scale>
    </formulas>
    <formulas>
        <name>CloseDate</name>
        <dataType>Date</dataType>
        <expression>IF(
  ISBLANK({!Loop_Child_Opps.CloseDate}), TODAY(), {!Loop_Child_Opps.CloseDate}
)</expression>
    </formulas>
    <formulas>
        <name>Margin_Sales</name>
        <dataType>Number</dataType>
        <expression>IF(
  ISBLANK({!Loop_Child_Opps.Margin_Sales__c}), 18, {!Loop_Child_Opps.Margin_Sales__c}
)</expression>
        <scale>2</scale>
    </formulas>
    <interviewLabel>[Opportunity] Update Child Opportunity Stages when Parent is Closed/Won {!$Flow.CurrentDateTime}</interviewLabel>
    <label>[Opportunity] Update Child Opportunity Stages when Parent is Closed/Won</label>
    <loops>
        <name>Loop_Child_Opps</name>
        <label>Loop Child Opps</label>
        <locationX>182</locationX>
        <locationY>431</locationY>
        <collectionReference>Get_Child_Opportunities</collectionReference>
        <iterationOrder>Asc</iterationOrder>
        <nextValueConnector>
            <targetReference>Mark_Closed_Won</targetReference>
        </nextValueConnector>
        <noMoreValuesConnector>
            <targetReference>Records_Found</targetReference>
        </noMoreValuesConnector>
    </loops>
    <processMetadataValues>
        <name>BuilderType</name>
        <value>
            <stringValue>LightningFlowBuilder</stringValue>
        </value>
    </processMetadataValues>
    <processMetadataValues>
        <name>CanvasMode</name>
        <value>
            <stringValue>AUTO_LAYOUT_CANVAS</stringValue>
        </value>
    </processMetadataValues>
    <processMetadataValues>
        <name>OriginBuilderType</name>
        <value>
            <stringValue>LightningFlowBuilder</stringValue>
        </value>
    </processMetadataValues>
    <processType>AutoLaunchedFlow</processType>
    <recordLookups>
        <name>Get_Child_Opportunities</name>
        <label>Get Child Opportunities</label>
        <locationX>182</locationX>
        <locationY>323</locationY>
        <assignNullValuesIfNoRecordsFound>false</assignNullValuesIfNoRecordsFound>
        <connector>
            <targetReference>Loop_Child_Opps</targetReference>
        </connector>
        <filterLogic>and</filterLogic>
        <filters>
            <field>Parent_Opportunity__c</field>
            <operator>EqualTo</operator>
            <value>
                <elementReference>$Record.Id</elementReference>
            </value>
        </filters>
        <filters>
            <field>IsClosed</field>
            <operator>EqualTo</operator>
            <value>
                <booleanValue>false</booleanValue>
            </value>
        </filters>
        <getFirstRecordOnly>false</getFirstRecordOnly>
        <object>Opportunity</object>
        <storeOutputAutomatically>true</storeOutputAutomatically>
    </recordLookups>
    <recordUpdates>
        <name>Update_Child_Opps</name>
        <label>Update Child Opps</label>
        <locationX>50</locationX>
        <locationY>1247</locationY>
        <inputReference>Opportunity_Collection</inputReference>
    </recordUpdates>
    <start>
        <locationX>56</locationX>
        <locationY>0</locationY>
        <connector>
            <targetReference>Get_Child_Opportunities</targetReference>
        </connector>
        <doesRequireRecordChangedToMeetCriteria>true</doesRequireRecordChangedToMeetCriteria>
        <filterLogic>and</filterLogic>
        <filters>
            <field>IsClosed</field>
            <operator>EqualTo</operator>
            <value>
                <booleanValue>true</booleanValue>
            </value>
        </filters>
        <filters>
            <field>IsWon</field>
            <operator>EqualTo</operator>
            <value>
                <booleanValue>true</booleanValue>
            </value>
        </filters>
        <filters>
            <field>Sales_Type__c</field>
            <operator>EqualTo</operator>
            <value>
                <stringValue>Cross-Sell</stringValue>
            </value>
        </filters>
        <filters>
            <field>Parent_Child_Type__c</field>
            <operator>EqualTo</operator>
            <value>
                <stringValue>Parent</stringValue>
            </value>
        </filters>
        <filters>
            <field>Parent_Opportunity__c</field>
            <operator>IsNull</operator>
            <value>
                <booleanValue>true</booleanValue>
            </value>
        </filters>
        <object>Opportunity</object>
        <recordTriggerType>Update</recordTriggerType>
        <triggerType>RecordAfterSave</triggerType>
    </start>
    <status>Draft</status>
    <variables>
        <name>Opportunity_Collection</name>
        <dataType>SObject</dataType>
        <isCollection>true</isCollection>
        <isInput>false</isInput>
        <isOutput>false</isOutput>
        <objectType>Opportunity</objectType>
    </variables>
    <variables>
        <name>Opportunity_Single</name>
        <dataType>SObject</dataType>
        <isCollection>false</isCollection>
        <isInput>false</isInput>
        <isOutput>false</isOutput>
        <objectType>Opportunity</objectType>
    </variables>
</Flow>
