<?xml version="1.0" encoding="UTF-8"?>
<Flow xmlns="http://soap.sforce.com/2006/04/metadata">
    <apiVersion>62.0</apiVersion>
    <areMetricsLoggedToDataCloud>false</areMetricsLoggedToDataCloud>
    <decisions>
        <name>Stage</name>
        <label>Stage?</label>
        <locationX>842</locationX>
        <locationY>252</locationY>
        <defaultConnectorLabel>Other</defaultConnectorLabel>
        <rules>
            <name>Assessing</name>
            <conditionLogic>and</conditionLogic>
            <conditions>
                <leftValueReference>$Record.StageName</leftValueReference>
                <operator>EqualTo</operator>
                <rightValue>
                    <stringValue>Assessing</stringValue>
                </rightValue>
            </conditions>
            <connector>
                <targetReference>Update_Days_in_Assessing</targetReference>
            </connector>
            <label>Assessing</label>
        </rules>
        <rules>
            <name>Qualified</name>
            <conditionLogic>and</conditionLogic>
            <conditions>
                <leftValueReference>$Record.StageName</leftValueReference>
                <operator>EqualTo</operator>
                <rightValue>
                    <stringValue>Qualified</stringValue>
                </rightValue>
            </conditions>
            <connector>
                <targetReference>Update_Days_in_Qualified</targetReference>
            </connector>
            <label>Qualified</label>
        </rules>
        <rules>
            <name>Proposal_Audit_Generation</name>
            <conditionLogic>and</conditionLogic>
            <conditions>
                <leftValueReference>$Record.StageName</leftValueReference>
                <operator>EqualTo</operator>
                <rightValue>
                    <stringValue>Proposal/Audit Generation</stringValue>
                </rightValue>
            </conditions>
            <connector>
                <targetReference>Update_Days_in_Proposal_Audit_Generation</targetReference>
            </connector>
            <label>Proposal/Audit Generation</label>
        </rules>
        <rules>
            <name>Proposed</name>
            <conditionLogic>and</conditionLogic>
            <conditions>
                <leftValueReference>$Record.StageName</leftValueReference>
                <operator>EqualTo</operator>
                <rightValue>
                    <stringValue>Proposed</stringValue>
                </rightValue>
            </conditions>
            <connector>
                <targetReference>Update_Days_in_Proposed</targetReference>
            </connector>
            <label>Proposed</label>
        </rules>
        <rules>
            <name>Negotiated</name>
            <conditionLogic>and</conditionLogic>
            <conditions>
                <leftValueReference>$Record.StageName</leftValueReference>
                <operator>EqualTo</operator>
                <rightValue>
                    <stringValue>Negotiated</stringValue>
                </rightValue>
            </conditions>
            <connector>
                <targetReference>Update_Days_in_Negotiated</targetReference>
            </connector>
            <label>Negotiated</label>
        </rules>
        <rules>
            <name>Proposal_Submitted</name>
            <conditionLogic>and</conditionLogic>
            <conditions>
                <leftValueReference>$Record.StageName</leftValueReference>
                <operator>EqualTo</operator>
                <rightValue>
                    <stringValue>Proposal Submitted</stringValue>
                </rightValue>
            </conditions>
            <connector>
                <targetReference>Update_Days_in_Proposal_Submitted</targetReference>
            </connector>
            <label>Proposal Submitted</label>
        </rules>
    </decisions>
    <environments>Default</environments>
    <formulas>
        <name>AssessingDays</name>
        <dataType>Number</dataType>
        <expression>{!$Record.Days_in_Assessing__c}+1</expression>
        <scale>2</scale>
    </formulas>
    <formulas>
        <name>NegotiatedDays</name>
        <dataType>Number</dataType>
        <expression>{!$Record.Days_in_Negotiated__c} +1</expression>
        <scale>2</scale>
    </formulas>
    <formulas>
        <name>ProposalAuditGenerationDays</name>
        <dataType>Number</dataType>
        <expression>{!$Record.Days_in_Proposal_Audit_Generation__c} + 1</expression>
        <scale>2</scale>
    </formulas>
    <formulas>
        <name>ProposalSubmittedDays</name>
        <dataType>Number</dataType>
        <expression>{!$Record.Days_in_Proposal_Submitted__c} +1</expression>
        <scale>2</scale>
    </formulas>
    <formulas>
        <name>ProposedDays</name>
        <dataType>Number</dataType>
        <expression>{!$Record.Days_in_Proposed__c} +1</expression>
        <scale>2</scale>
    </formulas>
    <formulas>
        <name>QualifiedDays</name>
        <dataType>Number</dataType>
        <expression>{!$Record.Days_In_Qualified__c} +1</expression>
        <scale>2</scale>
    </formulas>
    <interviewLabel>[Opportunity] ST - Add 1 Day to Current Stage if Open {!$Flow.CurrentDateTime}</interviewLabel>
    <label>[Opportunity] ST - Add 1 Day to Current Stage if Open</label>
    <processMetadataValues>
        <name>BuilderType</name>
        <value>
            <stringValue>LightningFlowBuilder</stringValue>
        </value>
    </processMetadataValues>
    <processMetadataValues>
        <name>CanvasMode</name>
        <value>
            <stringValue>AUTO_LAYOUT_CANVAS</stringValue>
        </value>
    </processMetadataValues>
    <processMetadataValues>
        <name>OriginBuilderType</name>
        <value>
            <stringValue>LightningFlowBuilder</stringValue>
        </value>
    </processMetadataValues>
    <processType>AutoLaunchedFlow</processType>
    <recordUpdates>
        <name>Update_Days_in_Assessing</name>
        <label>Update Days in Assessing</label>
        <locationX>50</locationX>
        <locationY>360</locationY>
        <inputAssignments>
            <field>null__NotFound</field>
            <value>
                <elementReference>AssessingDays</elementReference>
            </value>
        </inputAssignments>
        <inputReference>$Record</inputReference>
    </recordUpdates>
    <recordUpdates>
        <name>Update_Days_in_Negotiated</name>
        <label>Update Days in Negotiated</label>
        <locationX>1106</locationX>
        <locationY>360</locationY>
        <inputAssignments>
            <field>null__NotFound</field>
            <value>
                <elementReference>NegotiatedDays</elementReference>
            </value>
        </inputAssignments>
        <inputReference>$Record</inputReference>
    </recordUpdates>
    <recordUpdates>
        <name>Update_Days_in_Proposal_Audit_Generation</name>
        <label>Update Days in Proposal_Audit_Generation</label>
        <locationX>578</locationX>
        <locationY>360</locationY>
        <inputAssignments>
            <field>null__NotFound</field>
            <value>
                <elementReference>ProposalAuditGenerationDays</elementReference>
            </value>
        </inputAssignments>
        <inputReference>$Record</inputReference>
    </recordUpdates>
    <recordUpdates>
        <name>Update_Days_in_Proposal_Submitted</name>
        <label>Update Days in Proposal Submitted</label>
        <locationX>1370</locationX>
        <locationY>360</locationY>
        <inputAssignments>
            <field>null__NotFound</field>
            <value>
                <elementReference>ProposalSubmittedDays</elementReference>
            </value>
        </inputAssignments>
        <inputReference>$Record</inputReference>
    </recordUpdates>
    <recordUpdates>
        <name>Update_Days_in_Proposed</name>
        <label>Update Days in Proposed</label>
        <locationX>842</locationX>
        <locationY>360</locationY>
        <inputAssignments>
            <field>null__NotFound</field>
            <value>
                <elementReference>ProposedDays</elementReference>
            </value>
        </inputAssignments>
        <inputReference>$Record</inputReference>
    </recordUpdates>
    <recordUpdates>
        <name>Update_Days_in_Qualified</name>
        <label>Update Days in Qualified</label>
        <locationX>314</locationX>
        <locationY>360</locationY>
        <inputAssignments>
            <field>null__NotFound</field>
            <value>
                <elementReference>QualifiedDays</elementReference>
            </value>
        </inputAssignments>
        <inputReference>$Record</inputReference>
    </recordUpdates>
    <start>
        <locationX>716</locationX>
        <locationY>0</locationY>
        <connector>
            <targetReference>Stage</targetReference>
        </connector>
        <filterLogic>and</filterLogic>
        <filters>
            <field>IsClosed</field>
            <operator>EqualTo</operator>
            <value>
                <booleanValue>false</booleanValue>
            </value>
        </filters>
        <filters>
            <field>Opportunity_Type__c</field>
            <operator>IsNull</operator>
            <value>
                <booleanValue>false</booleanValue>
            </value>
        </filters>
        <object>Opportunity</object>
        <schedule>
            <frequency>Daily</frequency>
            <startDate>2024-10-04</startDate>
            <startTime>08:56:00.000Z</startTime>
        </schedule>
        <triggerType>Scheduled</triggerType>
    </start>
    <status>InvalidDraft</status>
</Flow>
