<?xml version="1.0" encoding="UTF-8"?>
<Flow xmlns="http://soap.sforce.com/2006/04/metadata">
    <apiVersion>63.0</apiVersion>
    <areMetricsLoggedToDataCloud>false</areMetricsLoggedToDataCloud>
    <assignments>
        <name>Set_Medium</name>
        <label>Set Medium</label>
        <locationX>314</locationX>
        <locationY>431</locationY>
        <assignmentItems>
            <assignToReference>Var_ProjectSize</assignToReference>
            <operator>Assign</operator>
            <value>
                <stringValue>Medium</stringValue>
            </value>
        </assignmentItems>
        <connector>
            <targetReference>Anything_To_Change</targetReference>
        </connector>
    </assignments>
    <assignments>
        <name>Set_Small</name>
        <label>Set Small`</label>
        <locationX>50</locationX>
        <locationY>431</locationY>
        <assignmentItems>
            <assignToReference>Var_ProjectSize</assignToReference>
            <operator>Assign</operator>
            <value>
                <stringValue>Small</stringValue>
            </value>
        </assignmentItems>
        <connector>
            <targetReference>Anything_To_Change</targetReference>
        </connector>
    </assignments>
    <assignments>
        <name>SetLarge</name>
        <label>Set Large</label>
        <locationX>578</locationX>
        <locationY>431</locationY>
        <assignmentItems>
            <assignToReference>Var_ProjectSize</assignToReference>
            <operator>Assign</operator>
            <value>
                <stringValue>Large</stringValue>
            </value>
        </assignmentItems>
        <connector>
            <targetReference>Anything_To_Change</targetReference>
        </connector>
    </assignments>
    <decisions>
        <name>Anything_To_Change</name>
        <label>Anything To Change?</label>
        <locationX>446</locationX>
        <locationY>623</locationY>
        <defaultConnectorLabel>Default Outcome</defaultConnectorLabel>
        <rules>
            <name>Update</name>
            <conditionLogic>and</conditionLogic>
            <conditions>
                <leftValueReference>Var_ProjectSize</leftValueReference>
                <operator>NotEqualTo</operator>
                <rightValue>
                    <elementReference>$Record.Project_Size__c</elementReference>
                </rightValue>
            </conditions>
            <connector>
                <targetReference>Update_Triggering_Record</targetReference>
            </connector>
            <label>Update</label>
        </rules>
    </decisions>
    <decisions>
        <name>What_is_the_Project_Size</name>
        <label>What is the Project Size</label>
        <locationX>446</locationX>
        <locationY>323</locationY>
        <defaultConnector>
            <targetReference>Anything_To_Change</targetReference>
        </defaultConnector>
        <defaultConnectorLabel>Default Outcome</defaultConnectorLabel>
        <rules>
            <name>LT_150k</name>
            <conditionLogic>and</conditionLogic>
            <conditions>
                <leftValueReference>$Record.Amount</leftValueReference>
                <operator>LessThan</operator>
                <rightValue>
                    <numberValue>150000.0</numberValue>
                </rightValue>
            </conditions>
            <connector>
                <targetReference>Set_Small</targetReference>
            </connector>
            <label>LT 150k</label>
        </rules>
        <rules>
            <name>Mid_150k_500k</name>
            <conditionLogic>and</conditionLogic>
            <conditions>
                <leftValueReference>$Record.Amount</leftValueReference>
                <operator>GreaterThanOrEqualTo</operator>
                <rightValue>
                    <numberValue>150000.0</numberValue>
                </rightValue>
            </conditions>
            <conditions>
                <leftValueReference>$Record.Amount</leftValueReference>
                <operator>LessThanOrEqualTo</operator>
                <rightValue>
                    <numberValue>500000.0</numberValue>
                </rightValue>
            </conditions>
            <connector>
                <targetReference>Set_Medium</targetReference>
            </connector>
            <label>Mid 150k 500k</label>
        </rules>
        <rules>
            <name>GT_500k</name>
            <conditionLogic>and</conditionLogic>
            <conditions>
                <leftValueReference>$Record.Amount</leftValueReference>
                <operator>GreaterThan</operator>
                <rightValue>
                    <numberValue>500000.0</numberValue>
                </rightValue>
            </conditions>
            <connector>
                <targetReference>SetLarge</targetReference>
            </connector>
            <label>GT 500k</label>
        </rules>
    </decisions>
    <environments>Default</environments>
    <interviewLabel>[Opportunity] AC Corp Set Project Size {!$Flow.CurrentDateTime}</interviewLabel>
    <label>[Opportunity] AC Corp Set Project Size</label>
    <processMetadataValues>
        <name>BuilderType</name>
        <value>
            <stringValue>LightningFlowBuilder</stringValue>
        </value>
    </processMetadataValues>
    <processMetadataValues>
        <name>CanvasMode</name>
        <value>
            <stringValue>AUTO_LAYOUT_CANVAS</stringValue>
        </value>
    </processMetadataValues>
    <processMetadataValues>
        <name>OriginBuilderType</name>
        <value>
            <stringValue>LightningFlowBuilder</stringValue>
        </value>
    </processMetadataValues>
    <processType>AutoLaunchedFlow</processType>
    <recordUpdates>
        <name>Update_Triggering_Record</name>
        <label>Update Triggering Record</label>
        <locationX>314</locationX>
        <locationY>731</locationY>
        <inputAssignments>
            <field>Project_Size__c</field>
            <value>
                <elementReference>Var_ProjectSize</elementReference>
            </value>
        </inputAssignments>
        <inputReference>$Record</inputReference>
    </recordUpdates>
    <start>
        <locationX>320</locationX>
        <locationY>0</locationY>
        <connector>
            <targetReference>What_is_the_Project_Size</targetReference>
        </connector>
        <filterLogic>and</filterLogic>
        <filters>
            <field>Amount</field>
            <operator>IsNull</operator>
            <value>
                <booleanValue>false</booleanValue>
            </value>
        </filters>
        <filters>
            <field>Partner__c</field>
            <operator>EqualTo</operator>
            <value>
                <stringValue>a0v4x000006Dq6zAAC</stringValue>
            </value>
        </filters>
        <object>Opportunity</object>
        <recordTriggerType>CreateAndUpdate</recordTriggerType>
        <triggerType>RecordAfterSave</triggerType>
    </start>
    <status>Active</status>
    <variables>
        <name>Var_ProjectSize</name>
        <dataType>String</dataType>
        <isCollection>false</isCollection>
        <isInput>false</isInput>
        <isOutput>false</isOutput>
    </variables>
</Flow>
