<?xml version="1.0" encoding="UTF-8"?>
<Flow xmlns="http://soap.sforce.com/2006/04/metadata">
    <actionCalls>
        <name>Email_New_Owner</name>
        <label>Email New Owner</label>
        <locationX>0</locationX>
        <locationY>0</locationY>
        <actionName>Opportunity.A_new_Opportunity_Has_Been_Assigned_To_You</actionName>
        <actionType>emailAlert</actionType>
        <flowTransactionModel>CurrentTransaction</flowTransactionModel>
        <inputParameters>
            <name>SObjectRowId</name>
            <value>
                <elementReference>$Record.Id</elementReference>
            </value>
        </inputParameters>
        <nameSegment>Opportunity.A_new_Opportunity_Has_Been_Assigned_To_You</nameSegment>
        <offset>0</offset>
    </actionCalls>
    <apiVersion>64.0</apiVersion>
    <areMetricsLoggedToDataCloud>false</areMetricsLoggedToDataCloud>
    <environments>Default</environments>
    <interviewLabel>[Opportunity] Email when Owner is Changed {!$Flow.CurrentDateTime}</interviewLabel>
    <label>[Opportunity] Email when Owner is Changed</label>
    <processMetadataValues>
        <name>BuilderType</name>
        <value>
            <stringValue>LightningFlowBuilder</stringValue>
        </value>
    </processMetadataValues>
    <processMetadataValues>
        <name>CanvasMode</name>
        <value>
            <stringValue>AUTO_LAYOUT_CANVAS</stringValue>
        </value>
    </processMetadataValues>
    <processMetadataValues>
        <name>OriginBuilderType</name>
        <value>
            <stringValue>LightningFlowBuilder</stringValue>
        </value>
    </processMetadataValues>
    <processType>AutoLaunchedFlow</processType>
    <start>
        <locationX>0</locationX>
        <locationY>0</locationY>
        <connector>
            <targetReference>Email_New_Owner</targetReference>
        </connector>
        <filterLogic>and</filterLogic>
        <filters>
            <field>OwnerId</field>
            <operator>IsChanged</operator>
            <value>
                <booleanValue>true</booleanValue>
            </value>
        </filters>
        <filters>
            <field>OwnerId</field>
            <operator>EqualTo</operator>
            <value>
                <stringValue>005Uw00000DY1i9IAD</stringValue>
            </value>
        </filters>
        <object>Opportunity</object>
        <recordTriggerType>Update</recordTriggerType>
        <triggerType>RecordAfterSave</triggerType>
    </start>
    <status>Active</status>
</Flow>
