<?xml version="1.0" encoding="UTF-8"?>
<Flow xmlns="http://soap.sforce.com/2006/04/metadata">
    <apiVersion>63.0</apiVersion>
    <areMetricsLoggedToDataCloud>false</areMetricsLoggedToDataCloud>
    <assignments>
        <name>Assign_New_Vars</name>
        <label>Assign New Vars</label>
        <locationX>182</locationX>
        <locationY>350</locationY>
        <assignmentItems>
            <assignToReference>Var_NewNumber</assignToReference>
            <operator>Assign</operator>
            <value>
                <elementReference>Get_Partner.AC_Corp_Auto_Number__c</elementReference>
            </value>
        </assignmentItems>
        <assignmentItems>
            <assignToReference>Var_OppPropNumber</assignToReference>
            <operator>Assign</operator>
            <value>
                <elementReference>FM_OppPropNumber</elementReference>
            </value>
        </assignmentItems>
        <assignmentItems>
            <assignToReference>Var_NewNumber</assignToReference>
            <operator>Add</operator>
            <value>
                <numberValue>1.0</numberValue>
            </value>
        </assignmentItems>
        <assignmentItems>
            <assignToReference>Var_ProposalTextNewNumber</assignToReference>
            <operator>Assign</operator>
            <value>
                <elementReference>FM_ConverToTextNextNumber</elementReference>
            </value>
        </assignmentItems>
        <connector>
            <targetReference>Update_Opp_With_Record_ID</targetReference>
        </connector>
    </assignments>
    <constants>
        <name>test</name>
        <dataType>Number</dataType>
        <value>
            <numberValue>1.0</numberValue>
        </value>
    </constants>
    <decisions>
        <name>Decision_1</name>
        <label>Decision 1</label>
        <locationX>182</locationX>
        <locationY>566</locationY>
        <defaultConnectorLabel>Default Outcome</defaultConnectorLabel>
        <rules>
            <name>Outcome_1_of_Decision_1</name>
            <conditionLogic>and</conditionLogic>
            <conditions>
                <leftValueReference>test</leftValueReference>
                <operator>EqualTo</operator>
                <rightValue>
                    <numberValue>1.0</numberValue>
                </rightValue>
            </conditions>
            <connector>
                <targetReference>Update_Partner_net_new_next_prop_number</targetReference>
            </connector>
            <label>Outcome 1 of Decision 1</label>
        </rules>
    </decisions>
    <environments>Default</environments>
    <formulas>
        <name>FM_ConverToTextNextNumber</name>
        <dataType>String</dataType>
        <expression>SUBSTITUTE(Text({!Var_NewNumber}), &apos;,&apos;, &apos;&apos;)</expression>
    </formulas>
    <formulas>
        <name>FM_OppPropNumber</name>
        <dataType>String</dataType>
        <expression>SUBSTITUTE(Text({!Var_NewNumber}), &apos;,&apos;, &apos;&apos;)</expression>
    </formulas>
    <interviewLabel>[Opportunity] {!$Flow.CurrentDateTime}</interviewLabel>
    <label>[Opportunity] Button AC Corp Get Next Prop #</label>
    <processMetadataValues>
        <name>BuilderType</name>
        <value>
            <stringValue>LightningFlowBuilder</stringValue>
        </value>
    </processMetadataValues>
    <processMetadataValues>
        <name>CanvasMode</name>
        <value>
            <stringValue>AUTO_LAYOUT_CANVAS</stringValue>
        </value>
    </processMetadataValues>
    <processMetadataValues>
        <name>OriginBuilderType</name>
        <value>
            <stringValue>LightningFlowBuilder</stringValue>
        </value>
    </processMetadataValues>
    <processType>AutoLaunchedFlow</processType>
    <recordLookups>
        <name>Get_Opportunity</name>
        <label>Get Opportunity</label>
        <locationX>182</locationX>
        <locationY>134</locationY>
        <assignNullValuesIfNoRecordsFound>false</assignNullValuesIfNoRecordsFound>
        <connector>
            <targetReference>Get_Partner</targetReference>
        </connector>
        <filterLogic>and</filterLogic>
        <filters>
            <field>Id</field>
            <operator>EqualTo</operator>
            <value>
                <elementReference>Var_OppId</elementReference>
            </value>
        </filters>
        <getFirstRecordOnly>true</getFirstRecordOnly>
        <object>Opportunity</object>
        <storeOutputAutomatically>true</storeOutputAutomatically>
    </recordLookups>
    <recordLookups>
        <name>Get_Partner</name>
        <label>Get Partner</label>
        <locationX>182</locationX>
        <locationY>242</locationY>
        <assignNullValuesIfNoRecordsFound>false</assignNullValuesIfNoRecordsFound>
        <connector>
            <targetReference>Assign_New_Vars</targetReference>
        </connector>
        <filterLogic>and</filterLogic>
        <filters>
            <field>Id</field>
            <operator>EqualTo</operator>
            <value>
                <elementReference>Get_Opportunity.Partner__r.Id</elementReference>
            </value>
        </filters>
        <getFirstRecordOnly>true</getFirstRecordOnly>
        <object>Partner__c</object>
        <storeOutputAutomatically>true</storeOutputAutomatically>
    </recordLookups>
    <recordUpdates>
        <name>Update_Opp_With_Record_ID</name>
        <label>Update Opp With Record ID</label>
        <locationX>182</locationX>
        <locationY>458</locationY>
        <connector>
            <targetReference>Decision_1</targetReference>
        </connector>
        <filterLogic>and</filterLogic>
        <filters>
            <field>Id</field>
            <operator>EqualTo</operator>
            <value>
                <elementReference>Get_Opportunity.Id</elementReference>
            </value>
        </filters>
        <inputAssignments>
            <field>Proposal_Number__c</field>
            <value>
                <elementReference>Var_OppPropNumber</elementReference>
            </value>
        </inputAssignments>
        <object>Opportunity</object>
    </recordUpdates>
    <recordUpdates>
        <name>Update_Partner_net_new_next_prop_number</name>
        <label>Update Partner net new next prop number</label>
        <locationX>50</locationX>
        <locationY>674</locationY>
        <filterLogic>and</filterLogic>
        <filters>
            <field>Id</field>
            <operator>EqualTo</operator>
            <value>
                <stringValue>a0v4x000006Dq6zAAC</stringValue>
            </value>
        </filters>
        <inputAssignments>
            <field>AC_Corp_Auto_Number__c</field>
            <value>
                <elementReference>Var_NewNumber</elementReference>
            </value>
        </inputAssignments>
        <object>Partner__c</object>
    </recordUpdates>
    <runInMode>SystemModeWithoutSharing</runInMode>
    <start>
        <locationX>56</locationX>
        <locationY>0</locationY>
        <connector>
            <targetReference>Get_Opportunity</targetReference>
        </connector>
    </start>
    <status>Active</status>
    <variables>
        <name>Var_NewNumber</name>
        <dataType>Number</dataType>
        <isCollection>false</isCollection>
        <isInput>false</isInput>
        <isOutput>false</isOutput>
        <scale>0</scale>
    </variables>
    <variables>
        <name>Var_OppId</name>
        <dataType>String</dataType>
        <isCollection>false</isCollection>
        <isInput>true</isInput>
        <isOutput>false</isOutput>
    </variables>
    <variables>
        <name>Var_OppPropNumber</name>
        <dataType>String</dataType>
        <isCollection>false</isCollection>
        <isInput>false</isInput>
        <isOutput>false</isOutput>
    </variables>
    <variables>
        <name>Var_ProposalTextNewNumber</name>
        <dataType>String</dataType>
        <isCollection>false</isCollection>
        <isInput>false</isInput>
        <isOutput>false</isOutput>
    </variables>
</Flow>
