<?xml version="1.0" encoding="UTF-8"?>
<Flow xmlns="http://soap.sforce.com/2006/04/metadata">
    <actionCalls>
        <name>Send_Email_Notification_to_April_and_Mike_Wade</name>
        <label>Send Email Notification to April and Mike Wade</label>
        <locationX>176</locationX>
        <locationY>335</locationY>
        <actionName>Opportunity.Opportunity_Margin_is_20_or_Less</actionName>
        <actionType>emailAlert</actionType>
        <flowTransactionModel>CurrentTransaction</flowTransactionModel>
        <inputParameters>
            <name>SObjectRowId</name>
            <value>
                <elementReference>$Record.Id</elementReference>
            </value>
        </inputParameters>
        <nameSegment>Opportunity.Opportunity_Margin_is_20_or_Less</nameSegment>
    </actionCalls>
    <apiVersion>57.0</apiVersion>
    <areMetricsLoggedToDataCloud>false</areMetricsLoggedToDataCloud>
    <description>Open opportunities with a margin % of 20 or less will trigger an email alert to April and Mike Wade.</description>
    <environments>Default</environments>
    <interviewLabel>[Opportunity] Margin is Less Than/Equal to 20% Email Alert {!$Flow.CurrentDateTime}</interviewLabel>
    <label>[Opportunity] Margin is Less Than/Equal to 20% Email Alert</label>
    <processMetadataValues>
        <name>BuilderType</name>
        <value>
            <stringValue>LightningFlowBuilder</stringValue>
        </value>
    </processMetadataValues>
    <processMetadataValues>
        <name>CanvasMode</name>
        <value>
            <stringValue>AUTO_LAYOUT_CANVAS</stringValue>
        </value>
    </processMetadataValues>
    <processMetadataValues>
        <name>OriginBuilderType</name>
        <value>
            <stringValue>LightningFlowBuilder</stringValue>
        </value>
    </processMetadataValues>
    <processType>AutoLaunchedFlow</processType>
    <start>
        <locationX>50</locationX>
        <locationY>0</locationY>
        <connector>
            <targetReference>Send_Email_Notification_to_April_and_Mike_Wade</targetReference>
        </connector>
        <doesRequireRecordChangedToMeetCriteria>true</doesRequireRecordChangedToMeetCriteria>
        <filterLogic>and</filterLogic>
        <filters>
            <field>StageName</field>
            <operator>NotEqualTo</operator>
            <value>
                <stringValue>Closed Won</stringValue>
            </value>
        </filters>
        <filters>
            <field>StageName</field>
            <operator>NotEqualTo</operator>
            <value>
                <stringValue>Closed Lost</stringValue>
            </value>
        </filters>
        <filters>
            <field>Margin_Sales__c</field>
            <operator>LessThanOrEqualTo</operator>
            <value>
                <numberValue>20.0</numberValue>
            </value>
        </filters>
        <filters>
            <field>RecordTypeId</field>
            <operator>EqualTo</operator>
            <value>
                <stringValue>0124x000000AoFu</stringValue>
            </value>
        </filters>
        <object>Opportunity</object>
        <recordTriggerType>CreateAndUpdate</recordTriggerType>
        <triggerType>RecordAfterSave</triggerType>
    </start>
    <status>Active</status>
</Flow>
