<?xml version="1.0" encoding="UTF-8"?>
<Flow xmlns="http://soap.sforce.com/2006/04/metadata">
    <apiVersion>57.0</apiVersion>
    <areMetricsLoggedToDataCloud>false</areMetricsLoggedToDataCloud>
    <decisions>
        <name>Is_it_just_now_becoming_closed_won</name>
        <label>Is it just now becoming closed won?</label>
        <locationX>176</locationX>
        <locationY>335</locationY>
        <defaultConnectorLabel>Record was already closed won</defaultConnectorLabel>
        <rules>
            <name>Record_Was_Updated_to_Closed_Won</name>
            <conditionLogic>and</conditionLogic>
            <conditions>
                <leftValueReference>$Record__Prior.StageName</leftValueReference>
                <operator>NotEqualTo</operator>
                <rightValue>
                    <stringValue>Closed Won</stringValue>
                </rightValue>
            </conditions>
            <label>Record Was Updated to Closed Won</label>
        </rules>
    </decisions>
    <environments>Default</environments>
    <interviewLabel>[Opportunity] Specific Partner Closed Won Email Alert {!$Flow.CurrentDateTime}</interviewLabel>
    <label>[Opportunity] Specific Partner Closed Won Email Alert</label>
    <processMetadataValues>
        <name>BuilderType</name>
        <value>
            <stringValue>LightningFlowBuilder</stringValue>
        </value>
    </processMetadataValues>
    <processMetadataValues>
        <name>CanvasMode</name>
        <value>
            <stringValue>AUTO_LAYOUT_CANVAS</stringValue>
        </value>
    </processMetadataValues>
    <processMetadataValues>
        <name>OriginBuilderType</name>
        <value>
            <stringValue>LightningFlowBuilder</stringValue>
        </value>
    </processMetadataValues>
    <processType>AutoLaunchedFlow</processType>
    <start>
        <locationX>50</locationX>
        <locationY>0</locationY>
        <connector>
            <targetReference>Is_it_just_now_becoming_closed_won</targetReference>
        </connector>
        <filterLogic>and</filterLogic>
        <filters>
            <field>StageName</field>
            <operator>EqualTo</operator>
            <value>
                <stringValue>Closed Won</stringValue>
            </value>
        </filters>
        <filters>
            <field>PartnerAccountId</field>
            <operator>EqualTo</operator>
            <value>
                <stringValue>1</stringValue>
            </value>
        </filters>
        <filters>
            <field>Amount</field>
            <operator>GreaterThanOrEqualTo</operator>
            <value>
                <numberValue>20000.0</numberValue>
            </value>
        </filters>
        <object>Opportunity</object>
        <recordTriggerType>Update</recordTriggerType>
        <triggerType>RecordAfterSave</triggerType>
    </start>
    <status>Draft</status>
</Flow>
