<?xml version="1.0" encoding="UTF-8"?>
<Flow xmlns="http://soap.sforce.com/2006/04/metadata">
    <apiVersion>58.0</apiVersion>
    <areMetricsLoggedToDataCloud>false</areMetricsLoggedToDataCloud>
    <decisions>
        <name>Sharing_Rules_Found</name>
        <label>Sharing Rules Found?</label>
        <locationX>182</locationX>
        <locationY>611</locationY>
        <defaultConnectorLabel>No</defaultConnectorLabel>
        <rules>
            <name>Yes_Sharing_Rules</name>
            <conditionLogic>and</conditionLogic>
            <conditions>
                <leftValueReference>Get_Existing_Sharing_Rules</leftValueReference>
                <operator>IsNull</operator>
                <rightValue>
                    <booleanValue>false</booleanValue>
                </rightValue>
            </conditions>
            <connector>
                <targetReference>Delete_Existing_Sharing</targetReference>
            </connector>
            <label>Yes</label>
        </rules>
    </decisions>
    <description>Delete Role Sharing Role</description>
    <environments>Default</environments>
    <interviewLabel>[Partner Sharing] Account - Delete Role Sharing {!$Flow.CurrentDateTime}</interviewLabel>
    <label>[Partner Sharing] Account - Delete Role Sharing</label>
    <processMetadataValues>
        <name>BuilderType</name>
        <value>
            <stringValue>LightningFlowBuilder</stringValue>
        </value>
    </processMetadataValues>
    <processMetadataValues>
        <name>CanvasMode</name>
        <value>
            <stringValue>AUTO_LAYOUT_CANVAS</stringValue>
        </value>
    </processMetadataValues>
    <processMetadataValues>
        <name>OriginBuilderType</name>
        <value>
            <stringValue>LightningFlowBuilder</stringValue>
        </value>
    </processMetadataValues>
    <processType>AutoLaunchedFlow</processType>
    <recordDeletes>
        <name>Delete_Existing_Sharing</name>
        <label>Delete Existing Sharing</label>
        <locationX>50</locationX>
        <locationY>719</locationY>
        <inputReference>Get_Existing_Sharing_Rules</inputReference>
    </recordDeletes>
    <recordLookups>
        <name>Get_Existing_Sharing_Rules</name>
        <label>Get_Existing_Sharing_Rules</label>
        <locationX>182</locationX>
        <locationY>503</locationY>
        <assignNullValuesIfNoRecordsFound>false</assignNullValuesIfNoRecordsFound>
        <connector>
            <targetReference>Sharing_Rules_Found</targetReference>
        </connector>
        <filterLogic>and</filterLogic>
        <filters>
            <field>AccountId</field>
            <operator>EqualTo</operator>
            <value>
                <elementReference>$Record.Company__c</elementReference>
            </value>
        </filters>
        <filters>
            <field>UserOrGroupId</field>
            <operator>EqualTo</operator>
            <value>
                <elementReference>Get_Partner_Role_Group.Id</elementReference>
            </value>
        </filters>
        <getFirstRecordOnly>true</getFirstRecordOnly>
        <object>AccountShare</object>
        <storeOutputAutomatically>true</storeOutputAutomatically>
    </recordLookups>
    <recordLookups>
        <name>Get_Partner_Record</name>
        <label>Get Partner Record</label>
        <locationX>182</locationX>
        <locationY>287</locationY>
        <assignNullValuesIfNoRecordsFound>false</assignNullValuesIfNoRecordsFound>
        <connector>
            <targetReference>Get_Partner_Role_Group</targetReference>
        </connector>
        <filterLogic>and</filterLogic>
        <filters>
            <field>Id</field>
            <operator>EqualTo</operator>
            <value>
                <elementReference>$Record.Partner__r.Id</elementReference>
            </value>
        </filters>
        <getFirstRecordOnly>true</getFirstRecordOnly>
        <object>Partner__c</object>
        <storeOutputAutomatically>true</storeOutputAutomatically>
    </recordLookups>
    <recordLookups>
        <name>Get_Partner_Role_Group</name>
        <label>Get Partner Role/Group</label>
        <locationX>182</locationX>
        <locationY>395</locationY>
        <assignNullValuesIfNoRecordsFound>false</assignNullValuesIfNoRecordsFound>
        <connector>
            <targetReference>Get_Existing_Sharing_Rules</targetReference>
        </connector>
        <filterLogic>and</filterLogic>
        <filters>
            <field>DeveloperName</field>
            <operator>EqualTo</operator>
            <value>
                <elementReference>Get_Partner_Record.Sharing_Role__c</elementReference>
            </value>
        </filters>
        <getFirstRecordOnly>true</getFirstRecordOnly>
        <object>Group</object>
        <storeOutputAutomatically>true</storeOutputAutomatically>
    </recordLookups>
    <start>
        <locationX>56</locationX>
        <locationY>0</locationY>
        <connector>
            <targetReference>Get_Partner_Record</targetReference>
        </connector>
        <object>Partner_Sharing_Account__c</object>
        <recordTriggerType>Delete</recordTriggerType>
        <triggerType>RecordBeforeDelete</triggerType>
    </start>
    <status>Active</status>
</Flow>
