<?xml version="1.0" encoding="UTF-8"?>
<Flow xmlns="http://soap.sforce.com/2006/04/metadata">
    <actionCalls>
        <name>Sent_60_Days_Email</name>
        <label>Sent 60 Days Email</label>
        <locationX>176</locationX>
        <locationY>323</locationY>
        <actionName>Opportunity.Contract_60_Days_from_PM_Renewal_2</actionName>
        <actionType>emailAlert</actionType>
        <flowTransactionModel>CurrentTransaction</flowTransactionModel>
        <inputParameters>
            <name>SObjectRowId</name>
            <value>
                <elementReference>$Record.Id</elementReference>
            </value>
        </inputParameters>
        <nameSegment>Opportunity.Contract_60_Days_from_PM_Renewal_2</nameSegment>
        <offset>0</offset>
    </actionCalls>
    <apiVersion>63.0</apiVersion>
    <areMetricsLoggedToDataCloud>false</areMetricsLoggedToDataCloud>
    <environments>Default</environments>
    <interviewLabel>RTF_PM 60 Day Email {!$Flow.CurrentDateTime}</interviewLabel>
    <label>[Opportunity] RTF_PM 60 Day Email</label>
    <processMetadataValues>
        <name>BuilderType</name>
        <value>
            <stringValue>LightningFlowBuilder</stringValue>
        </value>
    </processMetadataValues>
    <processMetadataValues>
        <name>CanvasMode</name>
        <value>
            <stringValue>AUTO_LAYOUT_CANVAS</stringValue>
        </value>
    </processMetadataValues>
    <processMetadataValues>
        <name>OriginBuilderType</name>
        <value>
            <stringValue>LightningFlowBuilder</stringValue>
        </value>
    </processMetadataValues>
    <processType>AutoLaunchedFlow</processType>
    <start>
        <locationX>50</locationX>
        <locationY>0</locationY>
        <connector>
            <targetReference>Sent_60_Days_Email</targetReference>
        </connector>
        <filterLogic>and</filterLogic>
        <filters>
            <field>Ambrose_Metadata__c</field>
            <operator>EqualTo</operator>
            <value>
                <stringValue>Trigger [Contract] 60 Days from PM Renewal.2</stringValue>
            </value>
        </filters>
        <object>Opportunity</object>
        <recordTriggerType>Create</recordTriggerType>
        <triggerType>RecordAfterSave</triggerType>
    </start>
    <status>Active</status>
</Flow>
