<?xml version="1.0" encoding="UTF-8"?>
<Flow xmlns="http://soap.sforce.com/2006/04/metadata">
    <apiVersion>60.0</apiVersion>
    <areMetricsLoggedToDataCloud>false</areMetricsLoggedToDataCloud>
    <environments>Default</environments>
    <formulas>
        <name>MonthlyGoal</name>
        <dataType>Currency</dataType>
        <expression>{!$Record.Goal_money__c}/12</expression>
        <scale>2</scale>
    </formulas>
    <formulas>
        <name>QuarterlyGoal</name>
        <dataType>Currency</dataType>
        <expression>{!$Record.Goal_money__c}/4</expression>
        <scale>2</scale>
    </formulas>
    <interviewLabel>[Sales Goal Management] Create Quarterly and Monthly Goals from Annual Goal {!$Flow.CurrentDateTime}</interviewLabel>
    <label>[Sales Goal Management] Create Quarterly and Monthly Goals from Annual Goal</label>
    <processMetadataValues>
        <name>BuilderType</name>
        <value>
            <stringValue>LightningFlowBuilder</stringValue>
        </value>
    </processMetadataValues>
    <processMetadataValues>
        <name>CanvasMode</name>
        <value>
            <stringValue>AUTO_LAYOUT_CANVAS</stringValue>
        </value>
    </processMetadataValues>
    <processMetadataValues>
        <name>OriginBuilderType</name>
        <value>
            <stringValue>LightningFlowBuilder</stringValue>
        </value>
    </processMetadataValues>
    <processType>AutoLaunchedFlow</processType>
    <recordCreates>
        <name>Copy_10_of_Create_Monthly_Goal</name>
        <label>Copy 10 of Create Monthly Goal</label>
        <locationX>176</locationX>
        <locationY>1835</locationY>
        <connector>
            <targetReference>Copy_11_of_Create_Monthly_Goal</targetReference>
        </connector>
        <inputAssignments>
            <field>Goal_Category__c</field>
            <value>
                <elementReference>$Record.Goal_Category__c</elementReference>
            </value>
        </inputAssignments>
        <inputAssignments>
            <field>Goal_Period__c</field>
            <value>
                <stringValue>November</stringValue>
            </value>
        </inputAssignments>
        <inputAssignments>
            <field>Goal_Year__c</field>
            <value>
                <elementReference>$Record.Goal_Year__c</elementReference>
            </value>
        </inputAssignments>
        <inputAssignments>
            <field>Goal_money__c</field>
            <value>
                <elementReference>MonthlyGoal</elementReference>
            </value>
        </inputAssignments>
        <inputAssignments>
            <field>Name</field>
            <value>
                <stringValue>auto</stringValue>
            </value>
        </inputAssignments>
        <inputAssignments>
            <field>Partner__c</field>
            <value>
                <elementReference>$Record.Partner__c</elementReference>
            </value>
        </inputAssignments>
        <inputAssignments>
            <field>Sales_Team_Member__c</field>
            <value>
                <elementReference>$Record.Sales_Team_Member__c</elementReference>
            </value>
        </inputAssignments>
        <inputAssignments>
            <field>Type__c</field>
            <value>
                <elementReference>$Record.Type__c</elementReference>
            </value>
        </inputAssignments>
        <object>Sales_Goal_Management__c</object>
        <storeOutputAutomatically>true</storeOutputAutomatically>
    </recordCreates>
    <recordCreates>
        <name>Copy_11_of_Create_Monthly_Goal</name>
        <label>Copy 11 of Create Monthly Goal</label>
        <locationX>176</locationX>
        <locationY>1943</locationY>
        <inputAssignments>
            <field>Goal_Category__c</field>
            <value>
                <elementReference>$Record.Goal_Category__c</elementReference>
            </value>
        </inputAssignments>
        <inputAssignments>
            <field>Goal_Period__c</field>
            <value>
                <stringValue>December</stringValue>
            </value>
        </inputAssignments>
        <inputAssignments>
            <field>Goal_Year__c</field>
            <value>
                <elementReference>$Record.Goal_Year__c</elementReference>
            </value>
        </inputAssignments>
        <inputAssignments>
            <field>Goal_money__c</field>
            <value>
                <elementReference>MonthlyGoal</elementReference>
            </value>
        </inputAssignments>
        <inputAssignments>
            <field>Name</field>
            <value>
                <stringValue>auto</stringValue>
            </value>
        </inputAssignments>
        <inputAssignments>
            <field>Partner__c</field>
            <value>
                <elementReference>$Record.Partner__c</elementReference>
            </value>
        </inputAssignments>
        <inputAssignments>
            <field>Sales_Team_Member__c</field>
            <value>
                <elementReference>$Record.Sales_Team_Member__c</elementReference>
            </value>
        </inputAssignments>
        <inputAssignments>
            <field>Type__c</field>
            <value>
                <elementReference>$Record.Type__c</elementReference>
            </value>
        </inputAssignments>
        <object>Sales_Goal_Management__c</object>
        <storeOutputAutomatically>true</storeOutputAutomatically>
    </recordCreates>
    <recordCreates>
        <name>Copy_1_of_Create_Monthly_Goal</name>
        <label>Copy 1 of Create Monthly Goal</label>
        <locationX>176</locationX>
        <locationY>863</locationY>
        <connector>
            <targetReference>Copy_2_of_Create_Monthly_Goal</targetReference>
        </connector>
        <inputAssignments>
            <field>Goal_Category__c</field>
            <value>
                <elementReference>$Record.Goal_Category__c</elementReference>
            </value>
        </inputAssignments>
        <inputAssignments>
            <field>Goal_Period__c</field>
            <value>
                <stringValue>February</stringValue>
            </value>
        </inputAssignments>
        <inputAssignments>
            <field>Goal_Year__c</field>
            <value>
                <elementReference>$Record.Goal_Year__c</elementReference>
            </value>
        </inputAssignments>
        <inputAssignments>
            <field>Goal_money__c</field>
            <value>
                <elementReference>MonthlyGoal</elementReference>
            </value>
        </inputAssignments>
        <inputAssignments>
            <field>Name</field>
            <value>
                <stringValue>auto</stringValue>
            </value>
        </inputAssignments>
        <inputAssignments>
            <field>Partner__c</field>
            <value>
                <elementReference>$Record.Partner__c</elementReference>
            </value>
        </inputAssignments>
        <inputAssignments>
            <field>Sales_Team_Member__c</field>
            <value>
                <elementReference>$Record.Sales_Team_Member__c</elementReference>
            </value>
        </inputAssignments>
        <inputAssignments>
            <field>Type__c</field>
            <value>
                <elementReference>$Record.Type__c</elementReference>
            </value>
        </inputAssignments>
        <object>Sales_Goal_Management__c</object>
        <storeOutputAutomatically>true</storeOutputAutomatically>
    </recordCreates>
    <recordCreates>
        <name>Copy_1_of_Create_Quarterly_Goal</name>
        <label>Copy 1 of Create Quarterly Goal</label>
        <locationX>176</locationX>
        <locationY>431</locationY>
        <connector>
            <targetReference>Copy_2_of_Create_Quarterly_Goal</targetReference>
        </connector>
        <inputAssignments>
            <field>Goal_Category__c</field>
            <value>
                <elementReference>$Record.Goal_Category__c</elementReference>
            </value>
        </inputAssignments>
        <inputAssignments>
            <field>Goal_Period__c</field>
            <value>
                <stringValue>Q2</stringValue>
            </value>
        </inputAssignments>
        <inputAssignments>
            <field>Goal_Year__c</field>
            <value>
                <elementReference>$Record.Goal_Year__c</elementReference>
            </value>
        </inputAssignments>
        <inputAssignments>
            <field>Goal_money__c</field>
            <value>
                <elementReference>QuarterlyGoal</elementReference>
            </value>
        </inputAssignments>
        <inputAssignments>
            <field>Name</field>
            <value>
                <stringValue>auto</stringValue>
            </value>
        </inputAssignments>
        <inputAssignments>
            <field>Partner__c</field>
            <value>
                <elementReference>$Record.Partner__c</elementReference>
            </value>
        </inputAssignments>
        <inputAssignments>
            <field>Sales_Team_Member__c</field>
            <value>
                <elementReference>$Record.Sales_Team_Member__c</elementReference>
            </value>
        </inputAssignments>
        <inputAssignments>
            <field>Type__c</field>
            <value>
                <elementReference>$Record.Type__c</elementReference>
            </value>
        </inputAssignments>
        <object>Sales_Goal_Management__c</object>
        <storeOutputAutomatically>true</storeOutputAutomatically>
    </recordCreates>
    <recordCreates>
        <name>Copy_2_of_Create_Monthly_Goal</name>
        <label>Copy 2 of Create Monthly Goal</label>
        <locationX>176</locationX>
        <locationY>971</locationY>
        <connector>
            <targetReference>Copy_3_of_Create_Monthly_Goal</targetReference>
        </connector>
        <inputAssignments>
            <field>Goal_Category__c</field>
            <value>
                <elementReference>$Record.Goal_Category__c</elementReference>
            </value>
        </inputAssignments>
        <inputAssignments>
            <field>Goal_Period__c</field>
            <value>
                <stringValue>March</stringValue>
            </value>
        </inputAssignments>
        <inputAssignments>
            <field>Goal_Year__c</field>
            <value>
                <elementReference>$Record.Goal_Year__c</elementReference>
            </value>
        </inputAssignments>
        <inputAssignments>
            <field>Goal_money__c</field>
            <value>
                <elementReference>MonthlyGoal</elementReference>
            </value>
        </inputAssignments>
        <inputAssignments>
            <field>Name</field>
            <value>
                <stringValue>auto</stringValue>
            </value>
        </inputAssignments>
        <inputAssignments>
            <field>Partner__c</field>
            <value>
                <elementReference>$Record.Partner__c</elementReference>
            </value>
        </inputAssignments>
        <inputAssignments>
            <field>Sales_Team_Member__c</field>
            <value>
                <elementReference>$Record.Sales_Team_Member__c</elementReference>
            </value>
        </inputAssignments>
        <inputAssignments>
            <field>Type__c</field>
            <value>
                <elementReference>$Record.Type__c</elementReference>
            </value>
        </inputAssignments>
        <object>Sales_Goal_Management__c</object>
        <storeOutputAutomatically>true</storeOutputAutomatically>
    </recordCreates>
    <recordCreates>
        <name>Copy_2_of_Create_Quarterly_Goal</name>
        <label>Copy 2 of Create Quarterly Goal</label>
        <locationX>176</locationX>
        <locationY>539</locationY>
        <connector>
            <targetReference>Copy_3_of_Create_Quarterly_Goal</targetReference>
        </connector>
        <inputAssignments>
            <field>Goal_Category__c</field>
            <value>
                <elementReference>$Record.Goal_Category__c</elementReference>
            </value>
        </inputAssignments>
        <inputAssignments>
            <field>Goal_Period__c</field>
            <value>
                <stringValue>Q3</stringValue>
            </value>
        </inputAssignments>
        <inputAssignments>
            <field>Goal_Year__c</field>
            <value>
                <elementReference>$Record.Goal_Year__c</elementReference>
            </value>
        </inputAssignments>
        <inputAssignments>
            <field>Goal_money__c</field>
            <value>
                <elementReference>QuarterlyGoal</elementReference>
            </value>
        </inputAssignments>
        <inputAssignments>
            <field>Name</field>
            <value>
                <stringValue>auto</stringValue>
            </value>
        </inputAssignments>
        <inputAssignments>
            <field>Partner__c</field>
            <value>
                <elementReference>$Record.Partner__c</elementReference>
            </value>
        </inputAssignments>
        <inputAssignments>
            <field>Sales_Team_Member__c</field>
            <value>
                <elementReference>$Record.Sales_Team_Member__c</elementReference>
            </value>
        </inputAssignments>
        <inputAssignments>
            <field>Type__c</field>
            <value>
                <elementReference>$Record.Type__c</elementReference>
            </value>
        </inputAssignments>
        <object>Sales_Goal_Management__c</object>
        <storeOutputAutomatically>true</storeOutputAutomatically>
    </recordCreates>
    <recordCreates>
        <name>Copy_3_of_Create_Monthly_Goal</name>
        <label>Copy 3 of Create Monthly Goal</label>
        <locationX>176</locationX>
        <locationY>1079</locationY>
        <connector>
            <targetReference>Copy_4_of_Create_Monthly_Goal</targetReference>
        </connector>
        <inputAssignments>
            <field>Goal_Category__c</field>
            <value>
                <elementReference>$Record.Goal_Category__c</elementReference>
            </value>
        </inputAssignments>
        <inputAssignments>
            <field>Goal_Period__c</field>
            <value>
                <stringValue>April</stringValue>
            </value>
        </inputAssignments>
        <inputAssignments>
            <field>Goal_Year__c</field>
            <value>
                <elementReference>$Record.Goal_Year__c</elementReference>
            </value>
        </inputAssignments>
        <inputAssignments>
            <field>Goal_money__c</field>
            <value>
                <elementReference>MonthlyGoal</elementReference>
            </value>
        </inputAssignments>
        <inputAssignments>
            <field>Name</field>
            <value>
                <stringValue>auto</stringValue>
            </value>
        </inputAssignments>
        <inputAssignments>
            <field>Partner__c</field>
            <value>
                <elementReference>$Record.Partner__c</elementReference>
            </value>
        </inputAssignments>
        <inputAssignments>
            <field>Sales_Team_Member__c</field>
            <value>
                <elementReference>$Record.Sales_Team_Member__c</elementReference>
            </value>
        </inputAssignments>
        <inputAssignments>
            <field>Type__c</field>
            <value>
                <elementReference>$Record.Type__c</elementReference>
            </value>
        </inputAssignments>
        <object>Sales_Goal_Management__c</object>
        <storeOutputAutomatically>true</storeOutputAutomatically>
    </recordCreates>
    <recordCreates>
        <name>Copy_3_of_Create_Quarterly_Goal</name>
        <label>Copy 3 of Create Quarterly Goal</label>
        <locationX>176</locationX>
        <locationY>647</locationY>
        <connector>
            <targetReference>Create_Monthly_Goal</targetReference>
        </connector>
        <inputAssignments>
            <field>Goal_Category__c</field>
            <value>
                <elementReference>$Record.Goal_Category__c</elementReference>
            </value>
        </inputAssignments>
        <inputAssignments>
            <field>Goal_Period__c</field>
            <value>
                <stringValue>Q4</stringValue>
            </value>
        </inputAssignments>
        <inputAssignments>
            <field>Goal_Year__c</field>
            <value>
                <elementReference>$Record.Goal_Year__c</elementReference>
            </value>
        </inputAssignments>
        <inputAssignments>
            <field>Goal_money__c</field>
            <value>
                <elementReference>QuarterlyGoal</elementReference>
            </value>
        </inputAssignments>
        <inputAssignments>
            <field>Name</field>
            <value>
                <stringValue>auto</stringValue>
            </value>
        </inputAssignments>
        <inputAssignments>
            <field>Partner__c</field>
            <value>
                <elementReference>$Record.Partner__c</elementReference>
            </value>
        </inputAssignments>
        <inputAssignments>
            <field>Sales_Team_Member__c</field>
            <value>
                <elementReference>$Record.Sales_Team_Member__c</elementReference>
            </value>
        </inputAssignments>
        <inputAssignments>
            <field>Type__c</field>
            <value>
                <elementReference>$Record.Type__c</elementReference>
            </value>
        </inputAssignments>
        <object>Sales_Goal_Management__c</object>
        <storeOutputAutomatically>true</storeOutputAutomatically>
    </recordCreates>
    <recordCreates>
        <name>Copy_4_of_Create_Monthly_Goal</name>
        <label>Copy 4 of Create Monthly Goal</label>
        <locationX>176</locationX>
        <locationY>1187</locationY>
        <connector>
            <targetReference>Copy_5_of_Create_Monthly_Goal</targetReference>
        </connector>
        <inputAssignments>
            <field>Goal_Category__c</field>
            <value>
                <elementReference>$Record.Goal_Category__c</elementReference>
            </value>
        </inputAssignments>
        <inputAssignments>
            <field>Goal_Period__c</field>
            <value>
                <stringValue>May</stringValue>
            </value>
        </inputAssignments>
        <inputAssignments>
            <field>Goal_Year__c</field>
            <value>
                <elementReference>$Record.Goal_Year__c</elementReference>
            </value>
        </inputAssignments>
        <inputAssignments>
            <field>Goal_money__c</field>
            <value>
                <elementReference>MonthlyGoal</elementReference>
            </value>
        </inputAssignments>
        <inputAssignments>
            <field>Name</field>
            <value>
                <stringValue>auto</stringValue>
            </value>
        </inputAssignments>
        <inputAssignments>
            <field>Partner__c</field>
            <value>
                <elementReference>$Record.Partner__c</elementReference>
            </value>
        </inputAssignments>
        <inputAssignments>
            <field>Sales_Team_Member__c</field>
            <value>
                <elementReference>$Record.Sales_Team_Member__c</elementReference>
            </value>
        </inputAssignments>
        <inputAssignments>
            <field>Type__c</field>
            <value>
                <elementReference>$Record.Type__c</elementReference>
            </value>
        </inputAssignments>
        <object>Sales_Goal_Management__c</object>
        <storeOutputAutomatically>true</storeOutputAutomatically>
    </recordCreates>
    <recordCreates>
        <name>Copy_5_of_Create_Monthly_Goal</name>
        <label>Copy 5 of Create Monthly Goal</label>
        <locationX>176</locationX>
        <locationY>1295</locationY>
        <connector>
            <targetReference>Copy_6_of_Create_Monthly_Goal</targetReference>
        </connector>
        <inputAssignments>
            <field>Goal_Category__c</field>
            <value>
                <elementReference>$Record.Goal_Category__c</elementReference>
            </value>
        </inputAssignments>
        <inputAssignments>
            <field>Goal_Period__c</field>
            <value>
                <stringValue>June</stringValue>
            </value>
        </inputAssignments>
        <inputAssignments>
            <field>Goal_Year__c</field>
            <value>
                <elementReference>$Record.Goal_Year__c</elementReference>
            </value>
        </inputAssignments>
        <inputAssignments>
            <field>Goal_money__c</field>
            <value>
                <elementReference>MonthlyGoal</elementReference>
            </value>
        </inputAssignments>
        <inputAssignments>
            <field>Name</field>
            <value>
                <stringValue>auto</stringValue>
            </value>
        </inputAssignments>
        <inputAssignments>
            <field>Partner__c</field>
            <value>
                <elementReference>$Record.Partner__c</elementReference>
            </value>
        </inputAssignments>
        <inputAssignments>
            <field>Sales_Team_Member__c</field>
            <value>
                <elementReference>$Record.Sales_Team_Member__c</elementReference>
            </value>
        </inputAssignments>
        <inputAssignments>
            <field>Type__c</field>
            <value>
                <elementReference>$Record.Type__c</elementReference>
            </value>
        </inputAssignments>
        <object>Sales_Goal_Management__c</object>
        <storeOutputAutomatically>true</storeOutputAutomatically>
    </recordCreates>
    <recordCreates>
        <name>Copy_6_of_Create_Monthly_Goal</name>
        <label>Copy 6 of Create Monthly Goal</label>
        <locationX>176</locationX>
        <locationY>1403</locationY>
        <connector>
            <targetReference>Copy_7_of_Create_Monthly_Goal</targetReference>
        </connector>
        <inputAssignments>
            <field>Goal_Category__c</field>
            <value>
                <elementReference>$Record.Goal_Category__c</elementReference>
            </value>
        </inputAssignments>
        <inputAssignments>
            <field>Goal_Period__c</field>
            <value>
                <stringValue>July</stringValue>
            </value>
        </inputAssignments>
        <inputAssignments>
            <field>Goal_Year__c</field>
            <value>
                <elementReference>$Record.Goal_Year__c</elementReference>
            </value>
        </inputAssignments>
        <inputAssignments>
            <field>Goal_money__c</field>
            <value>
                <elementReference>MonthlyGoal</elementReference>
            </value>
        </inputAssignments>
        <inputAssignments>
            <field>Name</field>
            <value>
                <stringValue>auto</stringValue>
            </value>
        </inputAssignments>
        <inputAssignments>
            <field>Partner__c</field>
            <value>
                <elementReference>$Record.Partner__c</elementReference>
            </value>
        </inputAssignments>
        <inputAssignments>
            <field>Sales_Team_Member__c</field>
            <value>
                <elementReference>$Record.Sales_Team_Member__c</elementReference>
            </value>
        </inputAssignments>
        <inputAssignments>
            <field>Type__c</field>
            <value>
                <elementReference>$Record.Type__c</elementReference>
            </value>
        </inputAssignments>
        <object>Sales_Goal_Management__c</object>
        <storeOutputAutomatically>true</storeOutputAutomatically>
    </recordCreates>
    <recordCreates>
        <name>Copy_7_of_Create_Monthly_Goal</name>
        <label>Copy 7 of Create Monthly Goal</label>
        <locationX>176</locationX>
        <locationY>1511</locationY>
        <connector>
            <targetReference>Copy_8_of_Create_Monthly_Goal</targetReference>
        </connector>
        <inputAssignments>
            <field>Goal_Category__c</field>
            <value>
                <elementReference>$Record.Goal_Category__c</elementReference>
            </value>
        </inputAssignments>
        <inputAssignments>
            <field>Goal_Period__c</field>
            <value>
                <stringValue>August</stringValue>
            </value>
        </inputAssignments>
        <inputAssignments>
            <field>Goal_Year__c</field>
            <value>
                <elementReference>$Record.Goal_Year__c</elementReference>
            </value>
        </inputAssignments>
        <inputAssignments>
            <field>Goal_money__c</field>
            <value>
                <elementReference>MonthlyGoal</elementReference>
            </value>
        </inputAssignments>
        <inputAssignments>
            <field>Name</field>
            <value>
                <stringValue>auto</stringValue>
            </value>
        </inputAssignments>
        <inputAssignments>
            <field>Partner__c</field>
            <value>
                <elementReference>$Record.Partner__c</elementReference>
            </value>
        </inputAssignments>
        <inputAssignments>
            <field>Sales_Team_Member__c</field>
            <value>
                <elementReference>$Record.Sales_Team_Member__c</elementReference>
            </value>
        </inputAssignments>
        <inputAssignments>
            <field>Type__c</field>
            <value>
                <elementReference>$Record.Type__c</elementReference>
            </value>
        </inputAssignments>
        <object>Sales_Goal_Management__c</object>
        <storeOutputAutomatically>true</storeOutputAutomatically>
    </recordCreates>
    <recordCreates>
        <name>Copy_8_of_Create_Monthly_Goal</name>
        <label>Copy 8 of Create Monthly Goal</label>
        <locationX>176</locationX>
        <locationY>1619</locationY>
        <connector>
            <targetReference>Copy_9_of_Create_Monthly_Goal</targetReference>
        </connector>
        <inputAssignments>
            <field>Goal_Category__c</field>
            <value>
                <elementReference>$Record.Goal_Category__c</elementReference>
            </value>
        </inputAssignments>
        <inputAssignments>
            <field>Goal_Period__c</field>
            <value>
                <stringValue>September</stringValue>
            </value>
        </inputAssignments>
        <inputAssignments>
            <field>Goal_Year__c</field>
            <value>
                <elementReference>$Record.Goal_Year__c</elementReference>
            </value>
        </inputAssignments>
        <inputAssignments>
            <field>Goal_money__c</field>
            <value>
                <elementReference>MonthlyGoal</elementReference>
            </value>
        </inputAssignments>
        <inputAssignments>
            <field>Name</field>
            <value>
                <stringValue>auto</stringValue>
            </value>
        </inputAssignments>
        <inputAssignments>
            <field>Partner__c</field>
            <value>
                <elementReference>$Record.Partner__c</elementReference>
            </value>
        </inputAssignments>
        <inputAssignments>
            <field>Sales_Team_Member__c</field>
            <value>
                <elementReference>$Record.Sales_Team_Member__c</elementReference>
            </value>
        </inputAssignments>
        <inputAssignments>
            <field>Type__c</field>
            <value>
                <elementReference>$Record.Type__c</elementReference>
            </value>
        </inputAssignments>
        <object>Sales_Goal_Management__c</object>
        <storeOutputAutomatically>true</storeOutputAutomatically>
    </recordCreates>
    <recordCreates>
        <name>Copy_9_of_Create_Monthly_Goal</name>
        <label>Copy 9 of Create Monthly Goal</label>
        <locationX>176</locationX>
        <locationY>1727</locationY>
        <connector>
            <targetReference>Copy_10_of_Create_Monthly_Goal</targetReference>
        </connector>
        <inputAssignments>
            <field>Goal_Category__c</field>
            <value>
                <elementReference>$Record.Goal_Category__c</elementReference>
            </value>
        </inputAssignments>
        <inputAssignments>
            <field>Goal_Period__c</field>
            <value>
                <stringValue>October</stringValue>
            </value>
        </inputAssignments>
        <inputAssignments>
            <field>Goal_Year__c</field>
            <value>
                <elementReference>$Record.Goal_Year__c</elementReference>
            </value>
        </inputAssignments>
        <inputAssignments>
            <field>Goal_money__c</field>
            <value>
                <elementReference>MonthlyGoal</elementReference>
            </value>
        </inputAssignments>
        <inputAssignments>
            <field>Name</field>
            <value>
                <stringValue>auto</stringValue>
            </value>
        </inputAssignments>
        <inputAssignments>
            <field>Partner__c</field>
            <value>
                <elementReference>$Record.Partner__c</elementReference>
            </value>
        </inputAssignments>
        <inputAssignments>
            <field>Sales_Team_Member__c</field>
            <value>
                <elementReference>$Record.Sales_Team_Member__c</elementReference>
            </value>
        </inputAssignments>
        <inputAssignments>
            <field>Type__c</field>
            <value>
                <elementReference>$Record.Type__c</elementReference>
            </value>
        </inputAssignments>
        <object>Sales_Goal_Management__c</object>
        <storeOutputAutomatically>true</storeOutputAutomatically>
    </recordCreates>
    <recordCreates>
        <name>Create_Monthly_Goal</name>
        <label>Create Monthly Goal</label>
        <locationX>176</locationX>
        <locationY>755</locationY>
        <connector>
            <targetReference>Copy_1_of_Create_Monthly_Goal</targetReference>
        </connector>
        <inputAssignments>
            <field>Goal_Category__c</field>
            <value>
                <elementReference>$Record.Goal_Category__c</elementReference>
            </value>
        </inputAssignments>
        <inputAssignments>
            <field>Goal_Period__c</field>
            <value>
                <stringValue>January</stringValue>
            </value>
        </inputAssignments>
        <inputAssignments>
            <field>Goal_Year__c</field>
            <value>
                <elementReference>$Record.Goal_Year__c</elementReference>
            </value>
        </inputAssignments>
        <inputAssignments>
            <field>Goal_money__c</field>
            <value>
                <elementReference>MonthlyGoal</elementReference>
            </value>
        </inputAssignments>
        <inputAssignments>
            <field>Name</field>
            <value>
                <stringValue>auto</stringValue>
            </value>
        </inputAssignments>
        <inputAssignments>
            <field>Partner__c</field>
            <value>
                <elementReference>$Record.Partner__c</elementReference>
            </value>
        </inputAssignments>
        <inputAssignments>
            <field>Sales_Team_Member__c</field>
            <value>
                <elementReference>$Record.Sales_Team_Member__c</elementReference>
            </value>
        </inputAssignments>
        <inputAssignments>
            <field>Type__c</field>
            <value>
                <elementReference>$Record.Type__c</elementReference>
            </value>
        </inputAssignments>
        <object>Sales_Goal_Management__c</object>
        <storeOutputAutomatically>true</storeOutputAutomatically>
    </recordCreates>
    <recordCreates>
        <name>Create_Quarterly_Goal</name>
        <label>Create Quarterly Goal</label>
        <locationX>176</locationX>
        <locationY>323</locationY>
        <connector>
            <targetReference>Copy_1_of_Create_Quarterly_Goal</targetReference>
        </connector>
        <inputAssignments>
            <field>Goal_Category__c</field>
            <value>
                <elementReference>$Record.Goal_Category__c</elementReference>
            </value>
        </inputAssignments>
        <inputAssignments>
            <field>Goal_Period__c</field>
            <value>
                <stringValue>Q1</stringValue>
            </value>
        </inputAssignments>
        <inputAssignments>
            <field>Goal_Year__c</field>
            <value>
                <elementReference>$Record.Goal_Year__c</elementReference>
            </value>
        </inputAssignments>
        <inputAssignments>
            <field>Goal_money__c</field>
            <value>
                <elementReference>QuarterlyGoal</elementReference>
            </value>
        </inputAssignments>
        <inputAssignments>
            <field>Name</field>
            <value>
                <stringValue>auto</stringValue>
            </value>
        </inputAssignments>
        <inputAssignments>
            <field>Partner__c</field>
            <value>
                <elementReference>$Record.Partner__c</elementReference>
            </value>
        </inputAssignments>
        <inputAssignments>
            <field>Sales_Team_Member__c</field>
            <value>
                <elementReference>$Record.Sales_Team_Member__c</elementReference>
            </value>
        </inputAssignments>
        <inputAssignments>
            <field>Type__c</field>
            <value>
                <elementReference>$Record.Type__c</elementReference>
            </value>
        </inputAssignments>
        <object>Sales_Goal_Management__c</object>
        <storeOutputAutomatically>true</storeOutputAutomatically>
    </recordCreates>
    <start>
        <locationX>50</locationX>
        <locationY>0</locationY>
        <connector>
            <targetReference>Create_Quarterly_Goal</targetReference>
        </connector>
        <filterLogic>and</filterLogic>
        <filters>
            <field>Goal_Period__c</field>
            <operator>EqualTo</operator>
            <value>
                <stringValue>Annual</stringValue>
            </value>
        </filters>
        <filters>
            <field>Goal_Category__c</field>
            <operator>EqualTo</operator>
            <value>
                <stringValue>$$ Value of Opportunities Won</stringValue>
            </value>
        </filters>
        <object>Sales_Goal_Management__c</object>
        <recordTriggerType>Create</recordTriggerType>
        <triggerType>RecordAfterSave</triggerType>
    </start>
    <status>Obsolete</status>
</Flow>
