<?xml version="1.0" encoding="UTF-8"?>
<Flow xmlns="http://soap.sforce.com/2006/04/metadata">
    <apiVersion>60.0</apiVersion>
    <areMetricsLoggedToDataCloud>false</areMetricsLoggedToDataCloud>
    <environments>Default</environments>
    <interviewLabel>[Standard Event] Mark Ticket Allocation as &quot;34&quot; if Event is AT&amp;T {!$Flow.CurrentDateTime}</interviewLabel>
    <label>[Standard Event] Mark Ticket Allocation as &quot;34&quot; if Event is AT&amp;T</label>
    <processMetadataValues>
        <name>BuilderType</name>
        <value>
            <stringValue>LightningFlowBuilder</stringValue>
        </value>
    </processMetadataValues>
    <processMetadataValues>
        <name>CanvasMode</name>
        <value>
            <stringValue>AUTO_LAYOUT_CANVAS</stringValue>
        </value>
    </processMetadataValues>
    <processMetadataValues>
        <name>OriginBuilderType</name>
        <value>
            <stringValue>LightningFlowBuilder</stringValue>
        </value>
    </processMetadataValues>
    <processType>AutoLaunchedFlow</processType>
    <recordUpdates>
        <name>Update_Allocation_to_34</name>
        <label>Update Allocation to 34</label>
        <locationX>176</locationX>
        <locationY>323</locationY>
        <inputAssignments>
            <field>Ticket_Allocation__c</field>
            <value>
                <numberValue>34.0</numberValue>
            </value>
        </inputAssignments>
        <inputReference>$Record</inputReference>
    </recordUpdates>
    <start>
        <locationX>50</locationX>
        <locationY>0</locationY>
        <connector>
            <targetReference>Update_Allocation_to_34</targetReference>
        </connector>
        <filterLogic>and</filterLogic>
        <filters>
            <field>Venue__c</field>
            <operator>EqualTo</operator>
            <value>
                <stringValue>AT&amp;T Stadium</stringValue>
            </value>
        </filters>
        <object>Standard_Event__c</object>
        <recordTriggerType>Create</recordTriggerType>
        <triggerType>RecordAfterSave</triggerType>
    </start>
    <status>Active</status>
</Flow>
