<?xml version="1.0" encoding="UTF-8"?>
<Flow xmlns="http://soap.sforce.com/2006/04/metadata">
    <apiVersion>59.0</apiVersion>
    <areMetricsLoggedToDataCloud>false</areMetricsLoggedToDataCloud>
    <decisions>
        <name>Has_Children</name>
        <label>Has Children?</label>
        <locationX>182</locationX>
        <locationY>660</locationY>
        <defaultConnectorLabel>Yes</defaultConnectorLabel>
        <rules>
            <name>No</name>
            <conditionLogic>or</conditionLogic>
            <conditions>
                <leftValueReference>$Record.Total_Children__c</leftValueReference>
                <operator>EqualTo</operator>
                <rightValue>
                    <numberValue>0.0</numberValue>
                </rightValue>
            </conditions>
            <conditions>
                <leftValueReference>$Record.Total_Children__c</leftValueReference>
                <operator>EqualTo</operator>
            </conditions>
            <connector>
                <targetReference>Create_Partner_Company_Record</targetReference>
            </connector>
            <label>No</label>
        </rules>
    </decisions>
    <decisions>
        <name>Partner_record_s_exist</name>
        <label>Partner record(s) exist?</label>
        <locationX>182</locationX>
        <locationY>360</locationY>
        <defaultConnector>
            <targetReference>Has_Children</targetReference>
        </defaultConnector>
        <defaultConnectorLabel>no</defaultConnectorLabel>
        <rules>
            <name>yes</name>
            <conditionLogic>and</conditionLogic>
            <conditions>
                <leftValueReference>Get_existing_partner_company_records</leftValueReference>
                <operator>IsNull</operator>
                <rightValue>
                    <booleanValue>false</booleanValue>
                </rightValue>
            </conditions>
            <connector>
                <targetReference>Delete_related_partner_company_records</targetReference>
            </connector>
            <label>yes</label>
        </rules>
    </decisions>
    <environments>Default</environments>
    <interviewLabel>[Account] One-Time ST to Create &quot;Partner Company&quot; Records {!$Flow.CurrentDateTime}</interviewLabel>
    <label>[Account] ST to Create &quot;Partner Company&quot; Records</label>
    <processMetadataValues>
        <name>BuilderType</name>
        <value>
            <stringValue>LightningFlowBuilder</stringValue>
        </value>
    </processMetadataValues>
    <processMetadataValues>
        <name>CanvasMode</name>
        <value>
            <stringValue>AUTO_LAYOUT_CANVAS</stringValue>
        </value>
    </processMetadataValues>
    <processMetadataValues>
        <name>OriginBuilderType</name>
        <value>
            <stringValue>LightningFlowBuilder</stringValue>
        </value>
    </processMetadataValues>
    <processType>AutoLaunchedFlow</processType>
    <recordCreates>
        <name>Create_Partner_Company_Record</name>
        <label>Create Partner Company Record</label>
        <locationX>50</locationX>
        <locationY>768</locationY>
        <inputAssignments>
            <field>Company_Name__c</field>
            <value>
                <elementReference>$Record.Id</elementReference>
            </value>
        </inputAssignments>
        <object>Partner_Company__c</object>
        <storeOutputAutomatically>true</storeOutputAutomatically>
    </recordCreates>
    <recordDeletes>
        <name>Delete_related_partner_company_records</name>
        <label>Delete related partner company records</label>
        <locationX>50</locationX>
        <locationY>468</locationY>
        <connector>
            <targetReference>Has_Children</targetReference>
        </connector>
        <inputReference>Get_existing_partner_company_records</inputReference>
    </recordDeletes>
    <recordLookups>
        <name>Get_existing_partner_company_records</name>
        <label>Get existing partner company records</label>
        <locationX>182</locationX>
        <locationY>252</locationY>
        <assignNullValuesIfNoRecordsFound>false</assignNullValuesIfNoRecordsFound>
        <connector>
            <targetReference>Partner_record_s_exist</targetReference>
        </connector>
        <filterLogic>and</filterLogic>
        <filters>
            <field>Company_Name__c</field>
            <operator>EqualTo</operator>
            <value>
                <elementReference>$Record.Id</elementReference>
            </value>
        </filters>
        <getFirstRecordOnly>true</getFirstRecordOnly>
        <object>Partner_Company__c</object>
        <storeOutputAutomatically>true</storeOutputAutomatically>
    </recordLookups>
    <start>
        <locationX>56</locationX>
        <locationY>0</locationY>
        <connector>
            <targetReference>Get_existing_partner_company_records</targetReference>
        </connector>
        <filterLogic>and</filterLogic>
        <filters>
            <field>Partner__c</field>
            <operator>NotEqualTo</operator>
        </filters>
        <object>Account</object>
        <schedule>
            <frequency>Daily</frequency>
            <startDate>2023-11-22</startDate>
            <startTime>00:30:00.000Z</startTime>
        </schedule>
        <triggerType>Scheduled</triggerType>
    </start>
    <status>Active</status>
</Flow>
