<?xml version="1.0" encoding="UTF-8"?>
<Flow xmlns="http://soap.sforce.com/2006/04/metadata">
    <apiVersion>56.0</apiVersion>
    <areMetricsLoggedToDataCloud>false</areMetricsLoggedToDataCloud>
    <description>When a Bid reaches a status of Approved, this automation will automatically change the associated Opportunity&apos;s stage to Closed/Won.</description>
    <environments>Default</environments>
    <interviewLabel>[Bids] Status Approved, Close/Win Associated Opportunity {!$Flow.CurrentDateTime}</interviewLabel>
    <label>[Bids] Status Approved, Close/Win Associated Opportunity</label>
    <processMetadataValues>
        <name>BuilderType</name>
        <value>
            <stringValue>LightningFlowBuilder</stringValue>
        </value>
    </processMetadataValues>
    <processMetadataValues>
        <name>CanvasMode</name>
        <value>
            <stringValue>AUTO_LAYOUT_CANVAS</stringValue>
        </value>
    </processMetadataValues>
    <processMetadataValues>
        <name>OriginBuilderType</name>
        <value>
            <stringValue>LightningFlowBuilder</stringValue>
        </value>
    </processMetadataValues>
    <processType>AutoLaunchedFlow</processType>
    <recordUpdates>
        <name>Close_Win_Associated_Opportunity</name>
        <label>Close/Win Associated Opportunity</label>
        <locationX>176</locationX>
        <locationY>335</locationY>
        <filterLogic>and</filterLogic>
        <filters>
            <field>Id</field>
            <operator>EqualTo</operator>
            <value>
                <elementReference>$Record.Opportunity__r.Id</elementReference>
            </value>
        </filters>
        <inputAssignments>
            <field>StageName</field>
            <value>
                <stringValue>Closed Won</stringValue>
            </value>
        </inputAssignments>
        <object>Opportunity</object>
    </recordUpdates>
    <start>
        <locationX>50</locationX>
        <locationY>0</locationY>
        <connector>
            <targetReference>Close_Win_Associated_Opportunity</targetReference>
        </connector>
        <doesRequireRecordChangedToMeetCriteria>true</doesRequireRecordChangedToMeetCriteria>
        <filterLogic>and</filterLogic>
        <filters>
            <field>Bid_Status__c</field>
            <operator>EqualTo</operator>
            <value>
                <stringValue>Approved</stringValue>
            </value>
        </filters>
        <object>Bid__c</object>
        <recordTriggerType>CreateAndUpdate</recordTriggerType>
        <triggerType>RecordAfterSave</triggerType>
    </start>
    <status>Active</status>
</Flow>
