<?xml version="1.0" encoding="UTF-8"?>
<Flow xmlns="http://soap.sforce.com/2006/04/metadata">
    <apiVersion>60.0</apiVersion>
    <areMetricsLoggedToDataCloud>false</areMetricsLoggedToDataCloud>
    <decisions>
        <name>Child_Found</name>
        <label>Child Found?</label>
        <locationX>182</locationX>
        <locationY>839</locationY>
        <defaultConnectorLabel>No</defaultConnectorLabel>
        <rules>
            <name>Yes</name>
            <conditionLogic>and</conditionLogic>
            <conditions>
                <leftValueReference>Get_Earliest_Created_Child_Account</leftValueReference>
                <operator>IsNull</operator>
                <rightValue>
                    <booleanValue>false</booleanValue>
                </rightValue>
            </conditions>
            <connector>
                <targetReference>Tag_Prostar_Create_Date_Child_Record_Fields</targetReference>
            </connector>
            <label>Yes</label>
        </rules>
    </decisions>
    <decisions>
        <name>Partner_is_Prostar</name>
        <label>Partner is Prostar?</label>
        <locationX>380</locationX>
        <locationY>323</locationY>
        <defaultConnectorLabel>No</defaultConnectorLabel>
        <rules>
            <name>Yes_Update_Record</name>
            <conditionLogic>or</conditionLogic>
            <conditions>
                <leftValueReference>$Record.Partner__r.Name</leftValueReference>
                <operator>EqualTo</operator>
                <rightValue>
                    <stringValue>Prostar</stringValue>
                </rightValue>
            </conditions>
            <conditions>
                <leftValueReference>$Record.Partner__r.Name</leftValueReference>
                <operator>Contains</operator>
                <rightValue>
                    <stringValue>Crete National</stringValue>
                </rightValue>
            </conditions>
            <connector>
                <targetReference>Prostar_Create_Date_Blank</targetReference>
            </connector>
            <label>Yes, Update Record</label>
        </rules>
    </decisions>
    <decisions>
        <name>Prostar_Create_Date_Blank</name>
        <label>Prostar Create Date Blank?</label>
        <locationX>182</locationX>
        <locationY>431</locationY>
        <defaultConnector>
            <targetReference>Get_Earliest_Created_Child_Account</targetReference>
        </defaultConnector>
        <defaultConnectorLabel>No</defaultConnectorLabel>
        <rules>
            <name>Outcome_1_of_Decision_2</name>
            <conditionLogic>and</conditionLogic>
            <conditions>
                <leftValueReference>$Record.ProStar_Create_Date__c</leftValueReference>
                <operator>IsNull</operator>
                <rightValue>
                    <booleanValue>true</booleanValue>
                </rightValue>
            </conditions>
            <connector>
                <targetReference>Add_Prostar_Create_Date</targetReference>
            </connector>
            <label>Yes</label>
        </rules>
    </decisions>
    <environments>Default</environments>
    <formulas>
        <name>CreateDate</name>
        <dataType>Date</dataType>
        <expression>DATEVALUE({!Get_Earliest_Created_Child_Account.CreatedDate})</expression>
    </formulas>
    <formulas>
        <name>ProstarCreateDate</name>
        <dataType>Date</dataType>
        <expression>DATEVALUE({!$Record.CreatedDate})</expression>
    </formulas>
    <interviewLabel>[Company] Tag Date When Prostar Owns Account {!$Flow.CurrentDateTime}</interviewLabel>
    <label>[Company] Tag Date When Prostar Owns Account</label>
    <processMetadataValues>
        <name>BuilderType</name>
        <value>
            <stringValue>LightningFlowBuilder</stringValue>
        </value>
    </processMetadataValues>
    <processMetadataValues>
        <name>CanvasMode</name>
        <value>
            <stringValue>AUTO_LAYOUT_CANVAS</stringValue>
        </value>
    </processMetadataValues>
    <processMetadataValues>
        <name>OriginBuilderType</name>
        <value>
            <stringValue>LightningFlowBuilder</stringValue>
        </value>
    </processMetadataValues>
    <processType>AutoLaunchedFlow</processType>
    <recordLookups>
        <name>Get_Earliest_Created_Child_Account</name>
        <label>Get Earliest Created Child Account</label>
        <locationX>182</locationX>
        <locationY>731</locationY>
        <assignNullValuesIfNoRecordsFound>false</assignNullValuesIfNoRecordsFound>
        <connector>
            <targetReference>Child_Found</targetReference>
        </connector>
        <filterLogic>and</filterLogic>
        <filters>
            <field>ParentId</field>
            <operator>EqualTo</operator>
            <value>
                <elementReference>$Record.Id</elementReference>
            </value>
        </filters>
        <getFirstRecordOnly>true</getFirstRecordOnly>
        <object>Account</object>
        <sortField>CreatedDate</sortField>
        <sortOrder>Asc</sortOrder>
        <storeOutputAutomatically>true</storeOutputAutomatically>
    </recordLookups>
    <recordUpdates>
        <name>Add_Prostar_Create_Date</name>
        <label>Add Prostar Create Date</label>
        <locationX>50</locationX>
        <locationY>539</locationY>
        <connector>
            <targetReference>Get_Earliest_Created_Child_Account</targetReference>
        </connector>
        <inputAssignments>
            <field>ProStar_Create_Date__c</field>
            <value>
                <elementReference>ProstarCreateDate</elementReference>
            </value>
        </inputAssignments>
        <inputReference>$Record</inputReference>
    </recordUpdates>
    <recordUpdates>
        <name>Tag_Prostar_Create_Date_Child_Record_Fields</name>
        <label>Tag Prostar Create Date &amp; Child Record Fields</label>
        <locationX>50</locationX>
        <locationY>947</locationY>
        <inputAssignments>
            <field>Introduced_s_Partner_Create_Date__c</field>
            <value>
                <elementReference>CreateDate</elementReference>
            </value>
        </inputAssignments>
        <inputAssignments>
            <field>Introduced_to_ProStar__c</field>
            <value>
                <elementReference>Get_Earliest_Created_Child_Account.Partner__c</elementReference>
            </value>
        </inputAssignments>
        <inputReference>$Record</inputReference>
    </recordUpdates>
    <start>
        <locationX>254</locationX>
        <locationY>0</locationY>
        <connector>
            <targetReference>Partner_is_Prostar</targetReference>
        </connector>
        <filterLogic>and</filterLogic>
        <filters>
            <field>Manually_Override_Introduced_Partner__c</field>
            <operator>EqualTo</operator>
            <value>
                <booleanValue>false</booleanValue>
            </value>
        </filters>
        <object>Account</object>
        <recordTriggerType>CreateAndUpdate</recordTriggerType>
        <triggerType>RecordAfterSave</triggerType>
    </start>
    <status>Active</status>
</Flow>
