<?xml version="1.0" encoding="UTF-8"?>
<Flow xmlns="http://soap.sforce.com/2006/04/metadata">
    <apiVersion>60.0</apiVersion>
    <areMetricsLoggedToDataCloud>false</areMetricsLoggedToDataCloud>
    <decisions>
        <name>Update_Stage</name>
        <label>Update Stage</label>
        <locationX>446</locationX>
        <locationY>323</locationY>
        <defaultConnectorLabel>Default Outcome</defaultConnectorLabel>
        <rules>
            <name>Rejected</name>
            <conditionLogic>and</conditionLogic>
            <conditions>
                <leftValueReference>$Record.Contacts_Approved__c</leftValueReference>
                <operator>EqualTo</operator>
                <rightValue>
                    <numberValue>0.0</numberValue>
                </rightValue>
            </conditions>
            <connector>
                <targetReference>Rejected2</targetReference>
            </connector>
            <label>Rejected</label>
        </rules>
        <rules>
            <name>Approved</name>
            <conditionLogic>and</conditionLogic>
            <conditions>
                <leftValueReference>$Record.Contacts_Rejected__c</leftValueReference>
                <operator>EqualTo</operator>
                <rightValue>
                    <numberValue>0.0</numberValue>
                </rightValue>
            </conditions>
            <connector>
                <targetReference>Copy_3_of_Rejected</targetReference>
            </connector>
            <label>Approved</label>
        </rules>
        <rules>
            <name>PartiallyApproved</name>
            <conditionLogic>and</conditionLogic>
            <conditions>
                <leftValueReference>$Record.Contacts_Approved__c</leftValueReference>
                <operator>GreaterThan</operator>
                <rightValue>
                    <numberValue>0.0</numberValue>
                </rightValue>
            </conditions>
            <conditions>
                <leftValueReference>$Record.Contacts_Rejected__c</leftValueReference>
                <operator>GreaterThan</operator>
                <rightValue>
                    <numberValue>0.0</numberValue>
                </rightValue>
            </conditions>
            <connector>
                <targetReference>Partially_Approved</targetReference>
            </connector>
            <label>Partially Approved</label>
        </rules>
    </decisions>
    <environments>Default</environments>
    <interviewLabel>[Hospitality Request] Update Stage When All Contacts are Approved/Rejected {!$Flow.CurrentDateTime}</interviewLabel>
    <label>[Hospitality Request] Update Stage When All Contacts are Approved/Rejected</label>
    <processMetadataValues>
        <name>BuilderType</name>
        <value>
            <stringValue>LightningFlowBuilder</stringValue>
        </value>
    </processMetadataValues>
    <processMetadataValues>
        <name>CanvasMode</name>
        <value>
            <stringValue>AUTO_LAYOUT_CANVAS</stringValue>
        </value>
    </processMetadataValues>
    <processMetadataValues>
        <name>OriginBuilderType</name>
        <value>
            <stringValue>LightningFlowBuilder</stringValue>
        </value>
    </processMetadataValues>
    <processType>AutoLaunchedFlow</processType>
    <recordUpdates>
        <name>Copy_3_of_Rejected</name>
        <label>Approved</label>
        <locationX>314</locationX>
        <locationY>431</locationY>
        <inputAssignments>
            <field>Stage__c</field>
            <value>
                <stringValue>Approved</stringValue>
            </value>
        </inputAssignments>
        <inputReference>$Record</inputReference>
    </recordUpdates>
    <recordUpdates>
        <name>Partially_Approved</name>
        <label>Partially Approved</label>
        <locationX>578</locationX>
        <locationY>431</locationY>
        <inputAssignments>
            <field>Stage__c</field>
            <value>
                <stringValue>Partially Approved</stringValue>
            </value>
        </inputAssignments>
        <inputReference>$Record</inputReference>
    </recordUpdates>
    <recordUpdates>
        <name>Rejected2</name>
        <label>Rejected2</label>
        <locationX>50</locationX>
        <locationY>431</locationY>
        <inputAssignments>
            <field>Stage__c</field>
            <value>
                <stringValue>Rejected</stringValue>
            </value>
        </inputAssignments>
        <inputReference>$Record</inputReference>
    </recordUpdates>
    <start>
        <locationX>320</locationX>
        <locationY>0</locationY>
        <connector>
            <targetReference>Update_Stage</targetReference>
        </connector>
        <filterLogic>(1 OR 2) AND 3 AND 4</filterLogic>
        <filters>
            <field>Stage__c</field>
            <operator>EqualTo</operator>
            <value>
                <stringValue>Pending Approval</stringValue>
            </value>
        </filters>
        <filters>
            <field>Stage__c</field>
            <operator>EqualTo</operator>
            <value>
                <stringValue>New</stringValue>
            </value>
        </filters>
        <filters>
            <field>Total_Contacts_Invited__c</field>
            <operator>GreaterThan</operator>
            <value>
                <numberValue>0.0</numberValue>
            </value>
        </filters>
        <filters>
            <field>Contacts_Pending__c</field>
            <operator>EqualTo</operator>
            <value>
                <numberValue>0.0</numberValue>
            </value>
        </filters>
        <object>Hospitality_Request__c</object>
        <recordTriggerType>Update</recordTriggerType>
        <triggerType>RecordAfterSave</triggerType>
    </start>
    <status>Active</status>
</Flow>
