<?xml version="1.0" encoding="UTF-8"?>
<Flow xmlns="http://soap.sforce.com/2006/04/metadata">
    <actionCalls>
        <name>Send_Due_Date_Set_Alert</name>
        <label>Send Due Date Set Alert</label>
        <locationX>50</locationX>
        <locationY>431</locationY>
        <actionName>National_Estimating_RFP__c.National_Estimating_RFP_RFP_Date_and_Number_Set_Alert</actionName>
        <actionType>emailAlert</actionType>
        <connector>
            <targetReference>Is_the_stage_correct</targetReference>
        </connector>
        <flowTransactionModel>CurrentTransaction</flowTransactionModel>
        <inputParameters>
            <name>SObjectRowId</name>
            <value>
                <elementReference>$Record.Id</elementReference>
            </value>
        </inputParameters>
        <nameSegment>National_Estimating_RFP__c.National_Estimating_RFP_RFP_Date_and_Number_Set_Alert</nameSegment>
        <offset>0</offset>
    </actionCalls>
    <actionCalls>
        <name>Send_Link_Is_Set_Alert</name>
        <label>Send Link Is Set Alert</label>
        <locationX>314</locationX>
        <locationY>431</locationY>
        <actionName>National_Estimating_RFP__c.National_Estimating_RFP_RFP_Ready_To_Download</actionName>
        <actionType>emailAlert</actionType>
        <connector>
            <targetReference>Is_the_stage_correct</targetReference>
        </connector>
        <flowTransactionModel>CurrentTransaction</flowTransactionModel>
        <inputParameters>
            <name>SObjectRowId</name>
            <value>
                <elementReference>$Record.Id</elementReference>
            </value>
        </inputParameters>
        <nameSegment>National_Estimating_RFP__c.National_Estimating_RFP_RFP_Ready_To_Download</nameSegment>
        <offset>0</offset>
    </actionCalls>
    <apiVersion>61.0</apiVersion>
    <areMetricsLoggedToDataCloud>false</areMetricsLoggedToDataCloud>
    <assignments>
        <name>Set_Var_StageChange_for_update</name>
        <label>Set Var_StageChange for update</label>
        <locationX>182</locationX>
        <locationY>731</locationY>
        <assignmentItems>
            <assignToReference>Var_StageChange</assignToReference>
            <operator>Assign</operator>
            <value>
                <elementReference>FM_WhatShouldBeTheCurrentStage</elementReference>
            </value>
        </assignmentItems>
        <connector>
            <targetReference>Changes_Needing_To_Be_Saved</targetReference>
        </connector>
    </assignments>
    <decisions>
        <name>Changes_Needing_To_Be_Saved</name>
        <label>Changes Needing To Be Saved</label>
        <locationX>314</locationX>
        <locationY>923</locationY>
        <defaultConnector>
            <targetReference>Has_RFP_Number_Been_Set</targetReference>
        </defaultConnector>
        <defaultConnectorLabel>Default Outcome</defaultConnectorLabel>
        <rules>
            <name>Yes_Changes_Need_To_Be_Saved</name>
            <conditionLogic>and</conditionLogic>
            <conditions>
                <leftValueReference>Var_StageChange</leftValueReference>
                <operator>IsBlank</operator>
                <rightValue>
                    <booleanValue>false</booleanValue>
                </rightValue>
            </conditions>
            <connector>
                <targetReference>Update_All_Changes</targetReference>
            </connector>
            <label>Yes Changes Need To Be Saved</label>
        </rules>
    </decisions>
    <decisions>
        <name>Has_RFP_Due_Date_RFP_or_Download_Link_Has_Been_Entered</name>
        <label>Has RFP Due Date, RFP # or Download Link Has Been Entered</label>
        <locationX>314</locationX>
        <locationY>323</locationY>
        <defaultConnector>
            <targetReference>Is_the_stage_correct</targetReference>
        </defaultConnector>
        <defaultConnectorLabel>Default Outcome</defaultConnectorLabel>
        <rules>
            <name>Due_Date_and_RFP_has_been_set</name>
            <conditionLogic>1 AND 2 AND 3 AND (4 or 5)</conditionLogic>
            <conditions>
                <leftValueReference>$Record.RFP_Due_Date__c</leftValueReference>
                <operator>IsNull</operator>
                <rightValue>
                    <booleanValue>false</booleanValue>
                </rightValue>
            </conditions>
            <conditions>
                <leftValueReference>$Record.RFP_Number__c</leftValueReference>
                <operator>IsNull</operator>
                <rightValue>
                    <booleanValue>false</booleanValue>
                </rightValue>
            </conditions>
            <conditions>
                <leftValueReference>$Record.RFP_Download_Link__c</leftValueReference>
                <operator>IsNull</operator>
                <rightValue>
                    <booleanValue>true</booleanValue>
                </rightValue>
            </conditions>
            <conditions>
                <leftValueReference>$Record__Prior.RFP_Due_Date__c</leftValueReference>
                <operator>IsNull</operator>
                <rightValue>
                    <booleanValue>true</booleanValue>
                </rightValue>
            </conditions>
            <conditions>
                <leftValueReference>$Record__Prior.RFP_Number__c</leftValueReference>
                <operator>IsNull</operator>
                <rightValue>
                    <booleanValue>true</booleanValue>
                </rightValue>
            </conditions>
            <connector>
                <targetReference>Send_Due_Date_Set_Alert</targetReference>
            </connector>
            <label>Due Date and RFP # has been set</label>
        </rules>
        <rules>
            <name>RFP_Link_Is_Filled_Out</name>
            <conditionLogic>and</conditionLogic>
            <conditions>
                <leftValueReference>$Record__Prior.RFP_Download_Link__c</leftValueReference>
                <operator>IsNull</operator>
                <rightValue>
                    <booleanValue>true</booleanValue>
                </rightValue>
            </conditions>
            <conditions>
                <leftValueReference>$Record.RFP_Download_Link__c</leftValueReference>
                <operator>IsNull</operator>
                <rightValue>
                    <booleanValue>false</booleanValue>
                </rightValue>
            </conditions>
            <connector>
                <targetReference>Send_Link_Is_Set_Alert</targetReference>
            </connector>
            <label>RFP Link Is Filled Out</label>
        </rules>
    </decisions>
    <decisions>
        <name>Has_RFP_Number_Been_Set</name>
        <label>Has RFP Number Been Set</label>
        <locationX>314</locationX>
        <locationY>1223</locationY>
        <defaultConnectorLabel>Default Outcome</defaultConnectorLabel>
        <rules>
            <name>Yes_Has_RFP_Number_Been_Set</name>
            <conditionLogic>or</conditionLogic>
            <conditions>
                <leftValueReference>$Record.RFP_Number__c</leftValueReference>
                <operator>WasSet</operator>
                <rightValue>
                    <booleanValue>true</booleanValue>
                </rightValue>
            </conditions>
            <conditions>
                <leftValueReference>$Record.RFP_Number__c</leftValueReference>
                <operator>IsChanged</operator>
                <rightValue>
                    <booleanValue>true</booleanValue>
                </rightValue>
            </conditions>
            <connector>
                <targetReference>Update_Opportunity_with_RFP_Number</targetReference>
            </connector>
            <label>Yes Has RFP Number Been Set</label>
        </rules>
    </decisions>
    <decisions>
        <name>Is_the_stage_correct</name>
        <label>Is the stage correct?</label>
        <locationX>314</locationX>
        <locationY>623</locationY>
        <defaultConnector>
            <targetReference>Changes_Needing_To_Be_Saved</targetReference>
        </defaultConnector>
        <defaultConnectorLabel>Default Outcome</defaultConnectorLabel>
        <rules>
            <name>Stage_is_incorrect</name>
            <conditionLogic>and</conditionLogic>
            <conditions>
                <leftValueReference>$Record.Stage__c</leftValueReference>
                <operator>NotEqualTo</operator>
                <rightValue>
                    <elementReference>FM_WhatShouldBeTheCurrentStage</elementReference>
                </rightValue>
            </conditions>
            <conditions>
                <leftValueReference>$Record.Stage__c</leftValueReference>
                <operator>NotEqualTo</operator>
                <rightValue>
                    <stringValue>Waiting For Answers From Requestor</stringValue>
                </rightValue>
            </conditions>
            <connector>
                <targetReference>Set_Var_StageChange_for_update</targetReference>
            </connector>
            <label>Stage is incorrect</label>
        </rules>
    </decisions>
    <description>Checks for Changes to trigger if:
Due Date is set and email a notification 
Download link is set and email a notification</description>
    <environments>Default</environments>
    <formulas>
        <name>FM_WhatShouldBeTheCurrentStage</name>
        <dataType>String</dataType>
        <expression>If(
And(
	ISBLANK({!$Record.RFP_Number__c}) = True, ISBLANK(Text({!$Record.RFP_Due_Date__c})) = True, ISBLANK({!$Record.RFP_Download_Link__c}) = True
), &apos;RFP Requested&apos;, 
If(
And(
	ISBLANK({!$Record.RFP_Number__c}) = False, ISBLANK(Text({!$Record.RFP_Due_Date__c})) = False, ISBLANK({!$Record.RFP_Download_Link__c}) = True
), &apos;Due Date &amp; RFP Generated&apos;, 
If(
And(
	ISBLANK({!$Record.RFP_Number__c}) = False, ISBLANK(Text({!$Record.RFP_Due_Date__c})) = False, ISBLANK({!$Record.RFP_Download_Link__c}) = False
), &apos;Estimation Delivered&apos;, &apos;RFP Requested&apos;
)
)

)</expression>
    </formulas>
    <interviewLabel>rt [National Estimating RFP] RTF On Create &amp; Change {!$Flow.CurrentDateTime}</interviewLabel>
    <label>[National Estimating RFP] RTF On Create &amp; Change</label>
    <processMetadataValues>
        <name>BuilderType</name>
        <value>
            <stringValue>LightningFlowBuilder</stringValue>
        </value>
    </processMetadataValues>
    <processMetadataValues>
        <name>CanvasMode</name>
        <value>
            <stringValue>AUTO_LAYOUT_CANVAS</stringValue>
        </value>
    </processMetadataValues>
    <processMetadataValues>
        <name>OriginBuilderType</name>
        <value>
            <stringValue>LightningFlowBuilder</stringValue>
        </value>
    </processMetadataValues>
    <processType>AutoLaunchedFlow</processType>
    <recordUpdates>
        <name>Update_All_Changes</name>
        <label>Update All Changes</label>
        <locationX>182</locationX>
        <locationY>1031</locationY>
        <connector>
            <targetReference>Has_RFP_Number_Been_Set</targetReference>
        </connector>
        <inputAssignments>
            <field>Stage__c</field>
            <value>
                <elementReference>Var_StageChange</elementReference>
            </value>
        </inputAssignments>
        <inputReference>$Record</inputReference>
    </recordUpdates>
    <recordUpdates>
        <name>Update_Opportunity_with_RFP_Number</name>
        <label>Update Opportunity with RFP Number</label>
        <locationX>182</locationX>
        <locationY>1331</locationY>
        <inputAssignments>
            <field>National_Estimating_RFP__c</field>
            <value>
                <elementReference>$Record.RFP_Number__c</elementReference>
            </value>
        </inputAssignments>
        <inputReference>$Record.Child_Opportunity__r</inputReference>
    </recordUpdates>
    <start>
        <locationX>188</locationX>
        <locationY>0</locationY>
        <connector>
            <targetReference>Has_RFP_Due_Date_RFP_or_Download_Link_Has_Been_Entered</targetReference>
        </connector>
        <object>National_Estimating_RFP__c</object>
        <recordTriggerType>CreateAndUpdate</recordTriggerType>
        <triggerType>RecordAfterSave</triggerType>
    </start>
    <status>Draft</status>
    <variables>
        <name>Var_StageChange</name>
        <dataType>String</dataType>
        <isCollection>false</isCollection>
        <isInput>false</isInput>
        <isOutput>false</isOutput>
    </variables>
</Flow>
