<?xml version="1.0" encoding="UTF-8"?>
<Flow xmlns="http://soap.sforce.com/2006/04/metadata">
    <apiVersion>62.0</apiVersion>
    <areMetricsLoggedToDataCloud>false</areMetricsLoggedToDataCloud>
    <decisions>
        <name>run_or_not</name>
        <label>run or not</label>
        <locationX>182</locationX>
        <locationY>323</locationY>
        <defaultConnectorLabel>Default Outcome</defaultConnectorLabel>
        <rules>
            <name>Yes_Run</name>
            <conditionLogic>and</conditionLogic>
            <conditions>
                <leftValueReference>$User.ProfileId</leftValueReference>
                <operator>NotEqualTo</operator>
                <rightValue>
                    <stringValue>00e4x000001rkOU</stringValue>
                </rightValue>
            </conditions>
            <connector>
                <targetReference>Set_Last_user_Update_with_Today</targetReference>
            </connector>
            <label>Yes Run</label>
        </rules>
    </decisions>
    <environments>Default</environments>
    <interviewLabel>[Opportunity] Set Last User Update Field {!$Flow.CurrentDateTime}</interviewLabel>
    <label>[Opportunity] Set Last User Update Field</label>
    <processMetadataValues>
        <name>BuilderType</name>
        <value>
            <stringValue>LightningFlowBuilder</stringValue>
        </value>
    </processMetadataValues>
    <processMetadataValues>
        <name>CanvasMode</name>
        <value>
            <stringValue>AUTO_LAYOUT_CANVAS</stringValue>
        </value>
    </processMetadataValues>
    <processMetadataValues>
        <name>OriginBuilderType</name>
        <value>
            <stringValue>LightningFlowBuilder</stringValue>
        </value>
    </processMetadataValues>
    <processType>AutoLaunchedFlow</processType>
    <recordUpdates>
        <name>Set_Last_user_Update_with_Today</name>
        <label>Set Last user Update with Today</label>
        <locationX>50</locationX>
        <locationY>431</locationY>
        <inputAssignments>
            <field>Last_User_Update__c</field>
            <value>
                <elementReference>$Flow.CurrentDate</elementReference>
            </value>
        </inputAssignments>
        <inputReference>$Record</inputReference>
    </recordUpdates>
    <start>
        <locationX>56</locationX>
        <locationY>0</locationY>
        <connector>
            <targetReference>run_or_not</targetReference>
        </connector>
        <filterFormula>{!$User.ProfileId} &lt;&gt; &apos;00e4x000001rkOU&apos;</filterFormula>
        <object>Opportunity</object>
        <recordTriggerType>CreateAndUpdate</recordTriggerType>
        <triggerType>RecordAfterSave</triggerType>
    </start>
    <status>Active</status>
    <variables>
        <name>var2</name>
        <dataType>String</dataType>
        <isCollection>false</isCollection>
        <isInput>false</isInput>
        <isOutput>false</isOutput>
    </variables>
</Flow>
