<?xml version="1.0" encoding="UTF-8"?>
<Flow xmlns="http://soap.sforce.com/2006/04/metadata">
    <apiVersion>59.0</apiVersion>
    <areMetricsLoggedToDataCloud>false</areMetricsLoggedToDataCloud>
    <decisions>
        <name>Partner_sharing_exists</name>
        <label>Partner sharing with parent exists?</label>
        <locationX>176</locationX>
        <locationY>431</locationY>
        <defaultConnector>
            <targetReference>Create_Opp_Share_with_Parent_Partner</targetReference>
        </defaultConnector>
        <defaultConnectorLabel>No</defaultConnectorLabel>
        <rules>
            <name>Yes</name>
            <conditionLogic>and</conditionLogic>
            <conditions>
                <leftValueReference>Get_Partner_Sharing_Record</leftValueReference>
                <operator>IsNull</operator>
                <rightValue>
                    <booleanValue>false</booleanValue>
                </rightValue>
            </conditions>
            <label>Yes</label>
        </rules>
    </decisions>
    <environments>Default</environments>
    <interviewLabel>[Opportunity] Add Parent to Child Opportunity Partner Sharing on Create {!$Flow.CurrentDateTime}</interviewLabel>
    <label>[Opportunity] Add Parent to Child Opportunity Partner Sharing on Create</label>
    <processMetadataValues>
        <name>BuilderType</name>
        <value>
            <stringValue>LightningFlowBuilder</stringValue>
        </value>
    </processMetadataValues>
    <processMetadataValues>
        <name>CanvasMode</name>
        <value>
            <stringValue>AUTO_LAYOUT_CANVAS</stringValue>
        </value>
    </processMetadataValues>
    <processMetadataValues>
        <name>OriginBuilderType</name>
        <value>
            <stringValue>LightningFlowBuilder</stringValue>
        </value>
    </processMetadataValues>
    <processType>AutoLaunchedFlow</processType>
    <recordCreates>
        <name>Create_Opp_Share_with_Parent_Partner</name>
        <label>Create Opp Share with Parent Partner</label>
        <locationX>308</locationX>
        <locationY>539</locationY>
        <inputAssignments>
            <field>Opportunity__c</field>
            <value>
                <elementReference>$Record.Id</elementReference>
            </value>
        </inputAssignments>
        <inputAssignments>
            <field>Partner__c</field>
            <value>
                <elementReference>$Record.Parent_Opportunity__r.Partner__r.Id</elementReference>
            </value>
        </inputAssignments>
        <object>Partner_Sharing_Opportunity__c</object>
        <storeOutputAutomatically>true</storeOutputAutomatically>
    </recordCreates>
    <recordLookups>
        <name>Get_Partner_Sharing_Record</name>
        <label>Get Partner Sharing Record</label>
        <locationX>176</locationX>
        <locationY>323</locationY>
        <assignNullValuesIfNoRecordsFound>false</assignNullValuesIfNoRecordsFound>
        <connector>
            <targetReference>Partner_sharing_exists</targetReference>
        </connector>
        <filterLogic>and</filterLogic>
        <filters>
            <field>Partner__c</field>
            <operator>EqualTo</operator>
            <value>
                <elementReference>$Record.Parent_Opportunity__r.Partner__r.Id</elementReference>
            </value>
        </filters>
        <filters>
            <field>Opportunity__c</field>
            <operator>EqualTo</operator>
            <value>
                <elementReference>$Record.Id</elementReference>
            </value>
        </filters>
        <getFirstRecordOnly>true</getFirstRecordOnly>
        <object>Partner_Sharing_Opportunity__c</object>
        <storeOutputAutomatically>true</storeOutputAutomatically>
    </recordLookups>
    <start>
        <locationX>50</locationX>
        <locationY>0</locationY>
        <connector>
            <targetReference>Get_Partner_Sharing_Record</targetReference>
        </connector>
        <filterLogic>and</filterLogic>
        <filters>
            <field>Parent_Opportunity__c</field>
            <operator>IsNull</operator>
            <value>
                <booleanValue>false</booleanValue>
            </value>
        </filters>
        <filters>
            <field>Partner__c</field>
            <operator>NotEqualTo</operator>
            <value>
                <stringValue>a0v4x000006DpshAAC</stringValue>
            </value>
        </filters>
        <object>Opportunity</object>
        <recordTriggerType>Create</recordTriggerType>
        <triggerType>RecordAfterSave</triggerType>
    </start>
    <status>Active</status>
</Flow>
