<?xml version="1.0" encoding="UTF-8"?>
<Flow xmlns="http://soap.sforce.com/2006/04/metadata">
    <apiVersion>58.0</apiVersion>
    <areMetricsLoggedToDataCloud>false</areMetricsLoggedToDataCloud>
    <description>Making the person the source of the partner
Fixing emerald validation rule changed it to fast update 
Partner picklist is needed to generate a field level dependency around the &quot;location&quot; field, allowing specific fields available to only certain partners depending on requirements.</description>
    <environments>Default</environments>
    <interviewLabel>[Oppor {!$Flow.CurrentDateTime}</interviewLabel>
    <label>[Opportunity] Update Hidden Partner Picklist</label>
    <processMetadataValues>
        <name>BuilderType</name>
        <value>
            <stringValue>LightningFlowBuilder</stringValue>
        </value>
    </processMetadataValues>
    <processMetadataValues>
        <name>CanvasMode</name>
        <value>
            <stringValue>AUTO_LAYOUT_CANVAS</stringValue>
        </value>
    </processMetadataValues>
    <processMetadataValues>
        <name>OriginBuilderType</name>
        <value>
            <stringValue>LightningFlowBuilder</stringValue>
        </value>
    </processMetadataValues>
    <processType>AutoLaunchedFlow</processType>
    <recordUpdates>
        <name>Update_Hidden_Partner_Field</name>
        <label>Update Hidden Partner Field</label>
        <locationX>176</locationX>
        <locationY>287</locationY>
        <inputAssignments>
            <field>Partner_Hidden__c</field>
            <value>
                <elementReference>$User.Partner__c</elementReference>
            </value>
        </inputAssignments>
        <inputReference>$Record</inputReference>
    </recordUpdates>
    <start>
        <locationX>50</locationX>
        <locationY>0</locationY>
        <connector>
            <targetReference>Update_Hidden_Partner_Field</targetReference>
        </connector>
        <filterLogic>and</filterLogic>
        <filters>
            <field>Partner_Hidden__c</field>
            <operator>IsNull</operator>
            <value>
                <booleanValue>true</booleanValue>
            </value>
        </filters>
        <object>Opportunity</object>
        <recordTriggerType>CreateAndUpdate</recordTriggerType>
        <triggerType>RecordBeforeSave</triggerType>
    </start>
    <status>Draft</status>
</Flow>
