<?xml version="1.0" encoding="UTF-8"?>
<Flow xmlns="http://soap.sforce.com/2006/04/metadata">
    <apiVersion>62.0</apiVersion>
    <areMetricsLoggedToDataCloud>false</areMetricsLoggedToDataCloud>
    <description>V2 Changing API Version</description>
    <environments>Default</environments>
    <interviewLabel>[Opportunity] RTF Blue Works Project Type and Trade {!$Flow.CurrentDateTime}</interviewLabel>
    <label>[Opportunity] RTF Blue Works Project Type and Trade</label>
    <processMetadataValues>
        <name>BuilderType</name>
        <value>
            <stringValue>LightningFlowBuilder</stringValue>
        </value>
    </processMetadataValues>
    <processMetadataValues>
        <name>CanvasMode</name>
        <value>
            <stringValue>AUTO_LAYOUT_CANVAS</stringValue>
        </value>
    </processMetadataValues>
    <processMetadataValues>
        <name>OriginBuilderType</name>
        <value>
            <stringValue>LightningFlowBuilder</stringValue>
        </value>
    </processMetadataValues>
    <processType>AutoLaunchedFlow</processType>
    <recordUpdates>
        <description>Blue Works Project Type to Repair and Trade to Plumbing</description>
        <name>Update_Opportunity_with_Project_Type</name>
        <label>Update Opportunity with Project Type/Trade</label>
        <locationX>176</locationX>
        <locationY>323</locationY>
        <inputAssignments>
            <field>Project_Type__c</field>
            <value>
                <stringValue>Repair</stringValue>
            </value>
        </inputAssignments>
        <inputAssignments>
            <field>Trade__c</field>
            <value>
                <stringValue>Plumbing</stringValue>
            </value>
        </inputAssignments>
        <inputReference>$Record</inputReference>
    </recordUpdates>
    <start>
        <locationX>50</locationX>
        <locationY>0</locationY>
        <connector>
            <targetReference>Update_Opportunity_with_Project_Type</targetReference>
        </connector>
        <filterFormula>TEXT({!$User.Partner__c})=&apos;Blue Works&apos;</filterFormula>
        <object>Opportunity</object>
        <recordTriggerType>Create</recordTriggerType>
        <triggerType>RecordAfterSave</triggerType>
    </start>
    <status>Active</status>
</Flow>
