<?xml version="1.0" encoding="UTF-8"?>
<Flow xmlns="http://soap.sforce.com/2006/04/metadata">
    <actionCalls>
        <name>Send_Email</name>
        <label>Send Email</label>
        <locationX>50</locationX>
        <locationY>947</locationY>
        <actionName>emailSimple</actionName>
        <actionType>emailSimple</actionType>
        <flowTransactionModel>CurrentTransaction</flowTransactionModel>
        <inputParameters>
            <name>emailAddressesArray</name>
            <value>
                <elementReference>Email_Recipients</elementReference>
            </value>
        </inputParameters>
        <inputParameters>
            <name>senderType</name>
            <value>
                <stringValue>OrgWideEmailAddress</stringValue>
            </value>
        </inputParameters>
        <inputParameters>
            <name>senderAddress</name>
            <value>
                <stringValue>client@setgopartners.com</stringValue>
            </value>
        </inputParameters>
        <inputParameters>
            <name>emailSubject</name>
            <value>
                <elementReference>Email_Subject</elementReference>
            </value>
        </inputParameters>
        <inputParameters>
            <name>emailBody</name>
            <value>
                <elementReference>Email_Body</elementReference>
            </value>
        </inputParameters>
        <inputParameters>
            <name>sendRichBody</name>
            <value>
                <booleanValue>true</booleanValue>
            </value>
        </inputParameters>
        <inputParameters>
            <name>relatedRecordId</name>
            <value>
                <elementReference>$Record.Id</elementReference>
            </value>
        </inputParameters>
        <inputParameters>
            <name>logEmailOnSend</name>
            <value>
                <booleanValue>true</booleanValue>
            </value>
        </inputParameters>
        <nameSegment>emailSimple</nameSegment>
    </actionCalls>
    <apiVersion>58.0</apiVersion>
    <areMetricsLoggedToDataCloud>false</areMetricsLoggedToDataCloud>
    <assignments>
        <name>Add_JobSite</name>
        <label>Add JobSite</label>
        <locationX>138</locationX>
        <locationY>755</locationY>
        <assignmentItems>
            <assignToReference>JobSite_ListItems</assignToReference>
            <operator>Add</operator>
            <value>
                <elementReference>JobSite_Current</elementReference>
            </value>
        </assignmentItems>
        <connector>
            <targetReference>Loop_Job_Sites</targetReference>
        </connector>
    </assignments>
    <assignments>
        <name>Set_Email_Recipients</name>
        <label>Set Email Recipients</label>
        <locationX>50</locationX>
        <locationY>431</locationY>
        <assignmentItems>
            <assignToReference>Email_Recipients</assignToReference>
            <operator>Add</operator>
            <value>
                <elementReference>$Record.Partner__r.Sales_Leader_EPP_Contact__r.Email</elementReference>
            </value>
        </assignmentItems>
        <assignmentItems>
            <assignToReference>Email_Recipients</assignToReference>
            <operator>Add</operator>
            <value>
                <elementReference>Crete_Corporate_Email_Address</elementReference>
            </value>
        </assignmentItems>
        <assignmentItems>
            <assignToReference>Email_Recipients</assignToReference>
            <operator>Add</operator>
            <value>
                <elementReference>$Record.Partner__r.President_Principal__r.Email</elementReference>
            </value>
        </assignmentItems>
        <connector>
            <targetReference>Get_Job_Sites</targetReference>
        </connector>
    </assignments>
    <constants>
        <description>Temp: tyler@cretemechanical.com</description>
        <name>Crete_Corporate_Email_Address</name>
        <dataType>String</dataType>
        <value>
            <stringValue>tyler@cretemechanical.com</stringValue>
        </value>
    </constants>
    <constants>
        <name>Email_Subject</name>
        <dataType>String</dataType>
        <value>
            <stringValue>You have been invited to participate in a Crete Cross-Sell Opportunity</stringValue>
        </value>
    </constants>
    <decisions>
        <description>If the Prime Partner selected themselves for a trade we don&apos;t want to send an email</description>
        <name>Send_Email_decision</name>
        <label>Send Email?</label>
        <locationX>182</locationX>
        <locationY>323</locationY>
        <defaultConnectorLabel>No</defaultConnectorLabel>
        <rules>
            <name>Yes</name>
            <conditionLogic>and</conditionLogic>
            <conditions>
                <leftValueReference>$Record.Opportunity__r.Partner__c</leftValueReference>
                <operator>NotEqualTo</operator>
                <rightValue>
                    <elementReference>$Record.Partner__c</elementReference>
                </rightValue>
            </conditions>
            <connector>
                <targetReference>Set_Email_Recipients</targetReference>
            </connector>
            <label>Yes</label>
        </rules>
    </decisions>
    <environments>Default</environments>
    <formulas>
        <description>URL to the screen Flow for accepting/rejecting the request with the choice of &apos;Accept&apos; pre-selected.</description>
        <name>Accept_Flow_URL</name>
        <dataType>String</dataType>
        <expression>{!Base_Flow_URL}&amp;&quot;Accept&quot;</expression>
    </formulas>
    <formulas>
        <description>Base URL to the screen Flow for accepting/rejecting the request.</description>
        <name>Base_Flow_URL</name>
        <dataType>String</dataType>
        <expression>LEFT($Api.Partner_Server_URL_580, FIND(&apos;/services&apos;, $Api.Partner_Server_URL_580)) &amp; &quot;flow/Opportunity_Accept_or_Reject_Opportunity_Cross_Sell_Request_screen_flow?recordId=&quot; &amp; {!$Record.Id} &amp; &quot;&amp;retURL=&quot; &amp; {!$Record.Id} &amp; &quot;&amp;acceptOrReject=&quot;</expression>
    </formulas>
    <formulas>
        <name>JobSite_Current</name>
        <dataType>String</dataType>
        <expression>&quot;&lt;li&gt;&quot; &amp; {!Loop_Job_Sites.Job_Site__r.Job_Address__Street__s} &amp; &quot; - &quot; &amp; {!Loop_Job_Sites.Job_Site__r.Job_Address__City__s}  &amp; &quot;, &quot; &amp; TEXT({!Loop_Job_Sites.Job_Site__r.Job_Address__StateCode__s}) &amp; &quot;&lt;/li&gt;&quot;</expression>
    </formulas>
    <formulas>
        <name>JobSites_Full_List</name>
        <dataType>String</dataType>
        <expression>IF(
  ISBLANK({!JobSite_ListItems}), &quot;&quot;,
  (&quot;&lt;ul&gt;&quot; &amp; {!JobSite_ListItems} &amp; &quot;&lt;/ul&gt;&quot;)
)</expression>
    </formulas>
    <formulas>
        <name>Reject_Flow_URL</name>
        <dataType>String</dataType>
        <expression>{!Base_Flow_URL}&amp;&quot;Reject&quot;</expression>
    </formulas>
    <interviewLabel>[Opportunity Cross-Sell Request] Send Email Alert For New Request {!$Flow.CurrentDateTime}</interviewLabel>
    <label>[Opportunity Cross-Sell Request] Send Email Alert For New Request</label>
    <loops>
        <name>Loop_Job_Sites</name>
        <label>Loop Job Sites</label>
        <locationX>50</locationX>
        <locationY>647</locationY>
        <collectionReference>Get_Job_Sites</collectionReference>
        <iterationOrder>Asc</iterationOrder>
        <nextValueConnector>
            <targetReference>Add_JobSite</targetReference>
        </nextValueConnector>
        <noMoreValuesConnector>
            <targetReference>Send_Email</targetReference>
        </noMoreValuesConnector>
    </loops>
    <processMetadataValues>
        <name>BuilderType</name>
        <value>
            <stringValue>LightningFlowBuilder</stringValue>
        </value>
    </processMetadataValues>
    <processMetadataValues>
        <name>CanvasMode</name>
        <value>
            <stringValue>AUTO_LAYOUT_CANVAS</stringValue>
        </value>
    </processMetadataValues>
    <processMetadataValues>
        <name>OriginBuilderType</name>
        <value>
            <stringValue>LightningFlowBuilder</stringValue>
        </value>
    </processMetadataValues>
    <processType>AutoLaunchedFlow</processType>
    <recordLookups>
        <description>Related to the original Opportunity</description>
        <name>Get_Job_Sites</name>
        <label>Get Job Sites</label>
        <locationX>50</locationX>
        <locationY>539</locationY>
        <assignNullValuesIfNoRecordsFound>false</assignNullValuesIfNoRecordsFound>
        <connector>
            <targetReference>Loop_Job_Sites</targetReference>
        </connector>
        <filterLogic>and</filterLogic>
        <filters>
            <field>Opportunity__c</field>
            <operator>EqualTo</operator>
            <value>
                <elementReference>$Record.Opportunity__c</elementReference>
            </value>
        </filters>
        <getFirstRecordOnly>false</getFirstRecordOnly>
        <object>Opportunity_Job_Site__c</object>
        <storeOutputAutomatically>true</storeOutputAutomatically>
    </recordLookups>
    <start>
        <locationX>56</locationX>
        <locationY>0</locationY>
        <connector>
            <targetReference>Send_Email_decision</targetReference>
        </connector>
        <object>Opportunity_Cross_Sell_Request__c</object>
        <recordTriggerType>Create</recordTriggerType>
        <triggerType>RecordAfterSave</triggerType>
    </start>
    <status>Active</status>
    <textTemplates>
        <name>Email_Body</name>
        <isViewedAsPlainText>false</isViewedAsPlainText>
        <text>&lt;p&gt;Hello {!$Record.Partner__r.Sales_Leader_EPP_Contact__r.FirstName},&lt;/p&gt;&lt;p&gt;You have been invited to participate in a Crete {!$Record.Opportunity__r.Cross_Sell_Type__c} Cross-Sell Opportunity. Please review the information below and respond by clicking either the Reject or Accept link below.&lt;/p&gt;&lt;ul&gt;&lt;li&gt;Opportunity Name: {!$Record.Opportunity__r.Name}&lt;/li&gt;&lt;li&gt;Owner: {!$Record.Opportunity__r.Owner.FirstName} {!$Record.Opportunity__r.Owner.LastName} at {!$Record.Opportunity__r.Partner__r.Name}; {!$Record.Opportunity__r.Owner.Email}; {!$Record.Opportunity__r.Owner.Phone}&lt;/li&gt;&lt;li&gt;Trade Requested: {!$Record.Trade__c}&lt;/li&gt;&lt;li&gt;Project Type: {!$Record.Opportunity__r.Project_Type__c}&lt;/li&gt;&lt;li&gt;Opportunity Type: {!$Record.Opportunity__r.Opportunity_Type__c}&lt;/li&gt;&lt;li&gt;Project Size: {!$Record.Opportunity__r.Project_Size__c}&lt;/li&gt;&lt;li&gt;Details: {!$Record.Opportunity__r.Opportunity_Notes__c}&lt;/li&gt;&lt;li&gt;Job Sites: &lt;span style=&quot;color: rgb(68, 68, 68); background-color: rgb(255, 255, 255);&quot;&gt;{!JobSites_Full_List}&lt;/span&gt;&lt;/li&gt;&lt;/ul&gt;&lt;p&gt;&lt;a href=&quot;{!Accept_Flow_URL}&quot; rel=&quot;noopener noreferrer&quot; target=&quot;_blank&quot;&gt;Accept&lt;/a&gt; or &lt;a href=&quot;{!Reject_Flow_URL}&quot; rel=&quot;noopener noreferrer&quot; target=&quot;_blank&quot;&gt;Reject&lt;/a&gt;&lt;/p&gt;</text>
    </textTemplates>
    <variables>
        <name>Email_Recipients</name>
        <dataType>String</dataType>
        <isCollection>true</isCollection>
        <isInput>false</isInput>
        <isOutput>false</isOutput>
    </variables>
    <variables>
        <name>JobSite_ListItems</name>
        <dataType>String</dataType>
        <isCollection>false</isCollection>
        <isInput>false</isInput>
        <isOutput>false</isOutput>
    </variables>
</Flow>
