<?xml version="1.0" encoding="UTF-8"?>
<Flow xmlns="http://soap.sforce.com/2006/04/metadata">
    <apiVersion>61.0</apiVersion>
    <areMetricsLoggedToDataCloud>false</areMetricsLoggedToDataCloud>
    <environments>Default</environments>
    <formulas>
        <name>Formula</name>
        <dataType>Number</dataType>
        <expression>100 - {!$Record.Opportunity.Total_Opportunity_Team_Allocation__c}</expression>
        <scale>2</scale>
    </formulas>
    <interviewLabel>{Opportunity Team Member} Update Percent Allocation Remaining {!$Flow.CurrentDateTime}</interviewLabel>
    <label>{Opportunity Team Member} Update Percent Allocation Remaining</label>
    <processMetadataValues>
        <name>BuilderType</name>
        <value>
            <stringValue>LightningFlowBuilder</stringValue>
        </value>
    </processMetadataValues>
    <processMetadataValues>
        <name>CanvasMode</name>
        <value>
            <stringValue>AUTO_LAYOUT_CANVAS</stringValue>
        </value>
    </processMetadataValues>
    <processMetadataValues>
        <name>OriginBuilderType</name>
        <value>
            <stringValue>LightningFlowBuilder</stringValue>
        </value>
    </processMetadataValues>
    <processType>AutoLaunchedFlow</processType>
    <recordUpdates>
        <name>Update_Percent_Allocation_Remaining</name>
        <label>Update Percent Allocation Remaining</label>
        <locationX>176</locationX>
        <locationY>287</locationY>
        <inputAssignments>
            <field>Percent_Allocation_Remaining__c</field>
            <value>
                <elementReference>Formula</elementReference>
            </value>
        </inputAssignments>
        <inputReference>$Record</inputReference>
    </recordUpdates>
    <start>
        <locationX>50</locationX>
        <locationY>0</locationY>
        <connector>
            <targetReference>Update_Percent_Allocation_Remaining</targetReference>
        </connector>
        <object>OpportunityTeamMember</object>
        <recordTriggerType>CreateAndUpdate</recordTriggerType>
        <triggerType>RecordBeforeSave</triggerType>
    </start>
    <status>Active</status>
</Flow>
