<?xml version="1.0" encoding="UTF-8"?>
<Flow xmlns="http://soap.sforce.com/2006/04/metadata">
    <apiVersion>62.0</apiVersion>
    <areMetricsLoggedToDataCloud>false</areMetricsLoggedToDataCloud>
    <environments>Default</environments>
    <formulas>
        <name>FM_RenewalDate</name>
        <dataType>Date</dataType>
        <expression>{!$Record.End_Date__c} - 60</expression>
    </formulas>
    <formulas>
        <name>FMContractAnticipatedCloseDate</name>
        <dataType>Date</dataType>
        <expression>{!$Record.Start_Date__c} - 1</expression>
    </formulas>
    <formulas>
        <name>FMContractStartDate</name>
        <dataType>Date</dataType>
        <expression>DATE(YEAR( {!$Record.Start_Date__c} ) + 1, MONTH({!$Record.Start_Date__c}), DAY({!$Record.Start_Date__c}))</expression>
    </formulas>
    <formulas>
        <name>FMEndDate</name>
        <dataType>Date</dataType>
        <expression>DATE(YEAR( {!$Record.End_Date__c} ) + 1, MONTH({!$Record.End_Date__c}), DAY({!$Record.End_Date__c}))</expression>
    </formulas>
    <formulas>
        <name>FMPMContractName</name>
        <dataType>String</dataType>
        <expression>{!$Record.Name} &amp; TEXT( {!$Record.Start_Date__c} ) &amp; &quot; / &quot; &amp; TEXT( {!$Record.End_Date__c} )</expression>
    </formulas>
    <interviewLabel>[Opportunity] RTF Check to see if PM Contract {!$Flow.CurrentDateTime}</interviewLabel>
    <label>[Opportunity] RTF Check to see if PM Contract</label>
    <processMetadataValues>
        <name>BuilderType</name>
        <value>
            <stringValue>LightningFlowBuilder</stringValue>
        </value>
    </processMetadataValues>
    <processMetadataValues>
        <name>CanvasMode</name>
        <value>
            <stringValue>AUTO_LAYOUT_CANVAS</stringValue>
        </value>
    </processMetadataValues>
    <processMetadataValues>
        <name>OriginBuilderType</name>
        <value>
            <stringValue>LightningFlowBuilder</stringValue>
        </value>
    </processMetadataValues>
    <processType>AutoLaunchedFlow</processType>
    <recordCreates>
        <name>PM_Contract</name>
        <label>PM Contract</label>
        <locationX>176</locationX>
        <locationY>323</locationY>
        <inputAssignments>
            <field>Company_Name__c</field>
            <value>
                <elementReference>$Record.Account.Id</elementReference>
            </value>
        </inputAssignments>
        <inputAssignments>
            <field>Contract_End_Date__c</field>
            <value>
                <elementReference>$Record.End_Date__c</elementReference>
            </value>
        </inputAssignments>
        <inputAssignments>
            <field>Contract_Name__c</field>
            <value>
                <elementReference>$Record.Name</elementReference>
            </value>
        </inputAssignments>
        <inputAssignments>
            <field>Contract_Owner__c</field>
            <value>
                <elementReference>$Record.OwnerId</elementReference>
            </value>
        </inputAssignments>
        <inputAssignments>
            <field>Contract_Start_Date__c</field>
            <value>
                <elementReference>$Record.Start_Date__c</elementReference>
            </value>
        </inputAssignments>
        <inputAssignments>
            <field>Contract_Type__c</field>
            <value>
                <elementReference>$Record.Opportunity_Type__c</elementReference>
            </value>
        </inputAssignments>
        <inputAssignments>
            <field>Opportunity__c</field>
            <value>
                <elementReference>$Record.Id</elementReference>
            </value>
        </inputAssignments>
        <inputAssignments>
            <field>Original_Contracted_Amount__c</field>
            <value>
                <elementReference>$Record.Amount</elementReference>
            </value>
        </inputAssignments>
        <inputAssignments>
            <field>Renewal_Date__c</field>
            <value>
                <elementReference>FM_RenewalDate</elementReference>
            </value>
        </inputAssignments>
        <inputAssignments>
            <field>Trade__c</field>
            <value>
                <elementReference>$Record.Trade__c</elementReference>
            </value>
        </inputAssignments>
        <object>Preventative_Maintenance_Contract__c</object>
        <storeOutputAutomatically>true</storeOutputAutomatically>
    </recordCreates>
    <start>
        <locationX>50</locationX>
        <locationY>0</locationY>
        <connector>
            <targetReference>PM_Contract</targetReference>
        </connector>
        <filterLogic>and</filterLogic>
        <filters>
            <field>Partner_formula__c</field>
            <operator>EqualTo</operator>
            <value>
                <stringValue>Metro Mechanical</stringValue>
            </value>
        </filters>
        <filters>
            <field>Opportunity_Type__c</field>
            <operator>EqualTo</operator>
            <value>
                <stringValue>Preventative Maintenance</stringValue>
            </value>
        </filters>
        <filters>
            <field>Preventative_Maintenance_Contract__c</field>
            <operator>EqualTo</operator>
            <value>
                <booleanValue>true</booleanValue>
            </value>
        </filters>
        <filters>
            <field>StageName</field>
            <operator>EqualTo</operator>
            <value>
                <stringValue>Closed Won</stringValue>
            </value>
        </filters>
        <filters>
            <field>StageName</field>
            <operator>IsChanged</operator>
            <value>
                <booleanValue>true</booleanValue>
            </value>
        </filters>
        <object>Opportunity</object>
        <recordTriggerType>CreateAndUpdate</recordTriggerType>
        <triggerType>RecordAfterSave</triggerType>
    </start>
    <status>Active</status>
    <variables>
        <name>VarContractType</name>
        <dataType>Picklist</dataType>
        <isCollection>false</isCollection>
        <isInput>true</isInput>
        <isOutput>true</isOutput>
    </variables>
</Flow>
