<?xml version="1.0" encoding="UTF-8"?>
<Flow xmlns="http://soap.sforce.com/2006/04/metadata">
    <apiVersion>58.0</apiVersion>
    <areMetricsLoggedToDataCloud>false</areMetricsLoggedToDataCloud>
    <decisions>
        <name>Cross_Sell_Type_Unchecked_in_Shared_Services</name>
        <label>Cross-Sell Type Unchecked in Shared Services</label>
        <locationX>446</locationX>
        <locationY>323</locationY>
        <defaultConnectorLabel>No</defaultConnectorLabel>
        <rules>
            <name>Yes_Federal</name>
            <conditionLogic>and</conditionLogic>
            <conditions>
                <leftValueReference>$Record.Cross_Sell_Type__c</leftValueReference>
                <operator>EqualTo</operator>
                <rightValue>
                    <stringValue>Federal</stringValue>
                </rightValue>
            </conditions>
            <conditions>
                <leftValueReference>$Record.Federal__c</leftValueReference>
                <operator>EqualTo</operator>
                <rightValue>
                    <booleanValue>false</booleanValue>
                </rightValue>
            </conditions>
            <connector>
                <targetReference>Check_Federal</targetReference>
            </connector>
            <label>Yes, Federal</label>
        </rules>
        <rules>
            <name>Yes_National</name>
            <conditionLogic>and</conditionLogic>
            <conditions>
                <leftValueReference>$Record.Cross_Sell_Type__c</leftValueReference>
                <operator>EqualTo</operator>
                <rightValue>
                    <stringValue>National</stringValue>
                </rightValue>
            </conditions>
            <conditions>
                <leftValueReference>$Record.National_Accounts__c</leftValueReference>
                <operator>EqualTo</operator>
                <rightValue>
                    <booleanValue>false</booleanValue>
                </rightValue>
            </conditions>
            <connector>
                <targetReference>Check_National</targetReference>
            </connector>
            <label>Yes, National</label>
        </rules>
        <rules>
            <name>Yes_Endorsed_Partner</name>
            <conditionLogic>and</conditionLogic>
            <conditions>
                <leftValueReference>$Record.Endorsed_Partner__c</leftValueReference>
                <operator>EqualTo</operator>
                <rightValue>
                    <booleanValue>false</booleanValue>
                </rightValue>
            </conditions>
            <conditions>
                <leftValueReference>$Record.Cross_Sell_Type__c</leftValueReference>
                <operator>EqualTo</operator>
                <rightValue>
                    <stringValue>Endorsed Partner-Program</stringValue>
                </rightValue>
            </conditions>
            <connector>
                <targetReference>Check_Endorsed_Partner</targetReference>
            </connector>
            <label>Yes, Endorsed Partner</label>
        </rules>
    </decisions>
    <environments>Default</environments>
    <interviewLabel>[Opportunity] Mark Shared Service based on Cross-Sell Type {!$Flow.CurrentDateTime}</interviewLabel>
    <label>[Opportunity] Mark Shared Service based on Cross-Sell Type</label>
    <processMetadataValues>
        <name>BuilderType</name>
        <value>
            <stringValue>LightningFlowBuilder</stringValue>
        </value>
    </processMetadataValues>
    <processMetadataValues>
        <name>CanvasMode</name>
        <value>
            <stringValue>AUTO_LAYOUT_CANVAS</stringValue>
        </value>
    </processMetadataValues>
    <processMetadataValues>
        <name>OriginBuilderType</name>
        <value>
            <stringValue>LightningFlowBuilder</stringValue>
        </value>
    </processMetadataValues>
    <processType>AutoLaunchedFlow</processType>
    <recordUpdates>
        <name>Check_Endorsed_Partner</name>
        <label>Check Endorsed Partner</label>
        <locationX>578</locationX>
        <locationY>431</locationY>
        <inputAssignments>
            <field>Endorsed_Partner__c</field>
            <value>
                <booleanValue>true</booleanValue>
            </value>
        </inputAssignments>
        <inputReference>$Record</inputReference>
    </recordUpdates>
    <recordUpdates>
        <name>Check_Federal</name>
        <label>Check Federal</label>
        <locationX>50</locationX>
        <locationY>431</locationY>
        <inputAssignments>
            <field>Federal__c</field>
            <value>
                <booleanValue>true</booleanValue>
            </value>
        </inputAssignments>
        <inputReference>$Record</inputReference>
    </recordUpdates>
    <recordUpdates>
        <name>Check_National</name>
        <label>Check National</label>
        <locationX>314</locationX>
        <locationY>431</locationY>
        <inputAssignments>
            <field>National_Accounts__c</field>
            <value>
                <booleanValue>true</booleanValue>
            </value>
        </inputAssignments>
        <inputReference>$Record</inputReference>
    </recordUpdates>
    <start>
        <locationX>320</locationX>
        <locationY>0</locationY>
        <connector>
            <targetReference>Cross_Sell_Type_Unchecked_in_Shared_Services</targetReference>
        </connector>
        <filterLogic>1 AND ((2 AND 3) OR (4 AND 5) OR (6 AND 7))</filterLogic>
        <filters>
            <field>Sales_Type__c</field>
            <operator>EqualTo</operator>
            <value>
                <stringValue>Cross-Sell</stringValue>
            </value>
        </filters>
        <filters>
            <field>Cross_Sell_Type__c</field>
            <operator>EqualTo</operator>
            <value>
                <stringValue>Federal</stringValue>
            </value>
        </filters>
        <filters>
            <field>Federal__c</field>
            <operator>EqualTo</operator>
            <value>
                <booleanValue>false</booleanValue>
            </value>
        </filters>
        <filters>
            <field>Cross_Sell_Type__c</field>
            <operator>EqualTo</operator>
            <value>
                <stringValue>National</stringValue>
            </value>
        </filters>
        <filters>
            <field>National_Accounts__c</field>
            <operator>EqualTo</operator>
            <value>
                <booleanValue>false</booleanValue>
            </value>
        </filters>
        <filters>
            <field>Cross_Sell_Type__c</field>
            <operator>EqualTo</operator>
            <value>
                <stringValue>Endorsed Partner-Program</stringValue>
            </value>
        </filters>
        <filters>
            <field>Endorsed_Partner__c</field>
            <operator>EqualTo</operator>
            <value>
                <booleanValue>false</booleanValue>
            </value>
        </filters>
        <object>Opportunity</object>
        <recordTriggerType>CreateAndUpdate</recordTriggerType>
        <triggerType>RecordAfterSave</triggerType>
    </start>
    <status>Draft</status>
</Flow>
