<?xml version="1.0" encoding="UTF-8"?>
<Flow xmlns="http://soap.sforce.com/2006/04/metadata" xmlns:xsi="http://www.w3.org/2001/XMLSchema-instance">
    <apiVersion>62.0</apiVersion>
    <areMetricsLoggedToDataCloud>false</areMetricsLoggedToDataCloud>
    <assignments>
        <name>Assign_Owner</name>
        <label>Assign Owner</label>
        <locationX>50</locationX>
        <locationY>350</locationY>
        <assignmentItems>
            <assignToReference>Var_Owner</assignToReference>
            <operator>Assign</operator>
            <value>
                <elementReference>Assign_To</elementReference>
            </value>
        </assignmentItems>
        <connector>
            <targetReference>Create_Task</targetReference>
        </connector>
    </assignments>
    <decisions>
        <name>Has_owner_been_set</name>
        <label>Has owner been set?</label>
        <locationX>182</locationX>
        <locationY>242</locationY>
        <defaultConnector>
            <targetReference>Create_Task</targetReference>
        </defaultConnector>
        <defaultConnectorLabel>Default Outcome</defaultConnectorLabel>
        <rules>
            <name>Yes_Owner_Set</name>
            <conditionLogic>and</conditionLogic>
            <conditions>
                <leftValueReference>Assign_To</leftValueReference>
                <operator>IsNull</operator>
                <rightValue>
                    <booleanValue>false</booleanValue>
                </rightValue>
            </conditions>
            <connector>
                <targetReference>Assign_Owner</targetReference>
            </connector>
            <label>Yes Owner Set</label>
        </rules>
    </decisions>
    <description>v4- Updating to match outlook format
v3- Error with the Epic</description>
    <dynamicChoiceSets>
        <name>PCS_Status</name>
        <dataType>Picklist</dataType>
        <displayField xsi:nil="true"/>
        <object xsi:nil="true"/>
        <picklistField>Stage__c</picklistField>
        <picklistObject>PMT_Task__c</picklistObject>
    </dynamicChoiceSets>
    <dynamicChoiceSets>
        <name>RCS_Epics</name>
        <dataType>String</dataType>
        <displayField>Name</displayField>
        <filterLogic>and</filterLogic>
        <filters>
            <field>Status__c</field>
            <operator>NotEqualTo</operator>
            <value>
                <stringValue>Wont Do</stringValue>
            </value>
        </filters>
        <filters>
            <field>Status__c</field>
            <operator>NotEqualTo</operator>
            <value>
                <stringValue>Done</stringValue>
            </value>
        </filters>
        <filters>
            <field>Can_Be_Sen_By_Current_User__c</field>
            <operator>EqualTo</operator>
            <value>
                <booleanValue>true</booleanValue>
            </value>
        </filters>
        <object>PMT_Epic__c</object>
        <sortField>Name</sortField>
        <sortOrder>Asc</sortOrder>
        <valueField>Id</valueField>
    </dynamicChoiceSets>
    <dynamicChoiceSets>
        <name>RCS_Users</name>
        <dataType>String</dataType>
        <displayField>Name</displayField>
        <filterLogic>and</filterLogic>
        <filters>
            <field>IsActive</field>
            <operator>EqualTo</operator>
            <value>
                <booleanValue>true</booleanValue>
            </value>
        </filters>
        <object>User</object>
        <sortField>Name</sortField>
        <sortOrder>Asc</sortOrder>
        <valueField>Id</valueField>
    </dynamicChoiceSets>
    <environments>Default</environments>
    <formulas>
        <name>FM_CurrentUserName</name>
        <dataType>String</dataType>
        <expression>{!$User.FirstName} + &apos; &apos; + {!$User.LastName}</expression>
    </formulas>
    <formulas>
        <name>FM_Today</name>
        <dataType>Date</dataType>
        <expression>Today()</expression>
    </formulas>
    <formulas>
        <name>FM_Tomorrow</name>
        <dataType>Date</dataType>
        <expression>Today() +1</expression>
    </formulas>
    <interviewLabel>[PMT Task] SF Create New Task {!$Flow.CurrentDateTime}</interviewLabel>
    <label>[PMT Task] SF Create New Task</label>
    <processMetadataValues>
        <name>BuilderType</name>
        <value>
            <stringValue>LightningFlowBuilder</stringValue>
        </value>
    </processMetadataValues>
    <processMetadataValues>
        <name>CanvasMode</name>
        <value>
            <stringValue>AUTO_LAYOUT_CANVAS</stringValue>
        </value>
    </processMetadataValues>
    <processMetadataValues>
        <name>OriginBuilderType</name>
        <value>
            <stringValue>LightningFlowBuilder</stringValue>
        </value>
    </processMetadataValues>
    <processType>Flow</processType>
    <recordCreates>
        <name>Create_Task</name>
        <label>Create Task</label>
        <locationX>182</locationX>
        <locationY>542</locationY>
        <assignRecordIdToReference>Var_NewTask</assignRecordIdToReference>
        <connector>
            <targetReference>Get_Newly_Created_Record</targetReference>
        </connector>
        <inputAssignments>
            <field>Actual_Effort__c</field>
            <value>
                <elementReference>Actual_Effort</elementReference>
            </value>
        </inputAssignments>
        <inputAssignments>
            <field>CreatedDate</field>
            <value>
                <elementReference>Start_Date</elementReference>
            </value>
        </inputAssignments>
        <inputAssignments>
            <field>Due_Date__c</field>
            <value>
                <elementReference>Due_Date</elementReference>
            </value>
        </inputAssignments>
        <inputAssignments>
            <field>Estimated_Effort__c</field>
            <value>
                <elementReference>Estimated_Effort</elementReference>
            </value>
        </inputAssignments>
        <inputAssignments>
            <field>Name</field>
            <value>
                <elementReference>Task_Subject</elementReference>
            </value>
        </inputAssignments>
        <inputAssignments>
            <field>Owner__c</field>
            <value>
                <elementReference>Var_Owner</elementReference>
            </value>
        </inputAssignments>
        <inputAssignments>
            <field>PMT_Epic__c</field>
            <value>
                <elementReference>Epic</elementReference>
            </value>
        </inputAssignments>
        <inputAssignments>
            <field>Partner__c</field>
            <value>
                <elementReference>Partner.recordId</elementReference>
            </value>
        </inputAssignments>
        <inputAssignments>
            <field>Requestor__c</field>
            <value>
                <elementReference>RequestorLookup.recordId</elementReference>
            </value>
        </inputAssignments>
        <inputAssignments>
            <field>Stage__c</field>
            <value>
                <elementReference>Status</elementReference>
            </value>
        </inputAssignments>
        <inputAssignments>
            <field>Start_Date__c</field>
            <value>
                <elementReference>FM_Today</elementReference>
            </value>
        </inputAssignments>
        <inputAssignments>
            <field>Task_Notes__c</field>
            <value>
                <elementReference>Task_Details</elementReference>
            </value>
        </inputAssignments>
        <object>PMT_Task__c</object>
    </recordCreates>
    <recordLookups>
        <name>Get_Newly_Created_Record</name>
        <label>Get Newly Created Record</label>
        <locationX>182</locationX>
        <locationY>650</locationY>
        <assignNullValuesIfNoRecordsFound>false</assignNullValuesIfNoRecordsFound>
        <connector>
            <targetReference>Confirmation</targetReference>
        </connector>
        <filterLogic>and</filterLogic>
        <filters>
            <field>Id</field>
            <operator>EqualTo</operator>
            <value>
                <elementReference>Var_NewTask</elementReference>
            </value>
        </filters>
        <getFirstRecordOnly>true</getFirstRecordOnly>
        <object>PMT_Task__c</object>
        <storeOutputAutomatically>true</storeOutputAutomatically>
    </recordLookups>
    <screens>
        <name>Confirmation</name>
        <label>Confirmation</label>
        <locationX>182</locationX>
        <locationY>758</locationY>
        <allowBack>true</allowBack>
        <allowFinish>true</allowFinish>
        <allowPause>true</allowPause>
        <fields>
            <name>NewTaskCreated</name>
            <fieldText>&lt;p&gt;New Task &lt;a href=&quot;https://creteunited.lightning.force.com/{!Var_NewTask}&quot; rel=&quot;noopener noreferrer&quot; target=&quot;_blank&quot;&gt;{!Get_Newly_Created_Record.Name}&lt;/a&gt; has been created &lt;/p&gt;</fieldText>
            <fieldType>DisplayText</fieldType>
            <styleProperties>
                <verticalAlignment>
                    <stringValue>top</stringValue>
                </verticalAlignment>
                <width>
                    <stringValue>12</stringValue>
                </width>
            </styleProperties>
        </fields>
        <fields>
            <name>Create_Another_Task</name>
            <dataType>Boolean</dataType>
            <fieldText>Create Another Task</fieldText>
            <fieldType>InputField</fieldType>
            <inputsOnNextNavToAssocScrn>UseStoredValues</inputsOnNextNavToAssocScrn>
            <isRequired>true</isRequired>
            <styleProperties>
                <verticalAlignment>
                    <stringValue>top</stringValue>
                </verticalAlignment>
                <width>
                    <stringValue>12</stringValue>
                </width>
            </styleProperties>
        </fields>
        <showFooter>true</showFooter>
        <showHeader>true</showHeader>
    </screens>
    <screens>
        <name>New_PMT_Task_Page_1</name>
        <label>New PMT Task Page 1</label>
        <locationX>182</locationX>
        <locationY>134</locationY>
        <allowBack>true</allowBack>
        <allowFinish>true</allowFinish>
        <allowPause>true</allowPause>
        <connector>
            <targetReference>Has_owner_been_set</targetReference>
        </connector>
        <fields>
            <name>Task_Subject</name>
            <dataType>String</dataType>
            <fieldText>Task Subject</fieldText>
            <fieldType>InputField</fieldType>
            <inputsOnNextNavToAssocScrn>UseStoredValues</inputsOnNextNavToAssocScrn>
            <isRequired>true</isRequired>
            <styleProperties>
                <verticalAlignment>
                    <stringValue>top</stringValue>
                </verticalAlignment>
                <width>
                    <stringValue>12</stringValue>
                </width>
            </styleProperties>
        </fields>
        <fields>
            <name>Status</name>
            <choiceReferences>PCS_Status</choiceReferences>
            <dataType>String</dataType>
            <defaultValue>
                <stringValue>New</stringValue>
            </defaultValue>
            <fieldText>Status</fieldText>
            <fieldType>DropdownBox</fieldType>
            <inputsOnNextNavToAssocScrn>UseStoredValues</inputsOnNextNavToAssocScrn>
            <isRequired>true</isRequired>
            <styleProperties>
                <verticalAlignment>
                    <stringValue>top</stringValue>
                </verticalAlignment>
                <width>
                    <stringValue>12</stringValue>
                </width>
            </styleProperties>
        </fields>
        <fields>
            <name>Epic</name>
            <choiceReferences>RCS_Epics</choiceReferences>
            <dataType>String</dataType>
            <fieldText>Epic</fieldText>
            <fieldType>DropdownBox</fieldType>
            <inputsOnNextNavToAssocScrn>UseStoredValues</inputsOnNextNavToAssocScrn>
            <isRequired>true</isRequired>
            <styleProperties>
                <verticalAlignment>
                    <stringValue>top</stringValue>
                </verticalAlignment>
                <width>
                    <stringValue>12</stringValue>
                </width>
            </styleProperties>
        </fields>
        <fields>
            <name>RequestorLookup</name>
            <extensionName>flowruntime:lookup</extensionName>
            <fieldType>ComponentInstance</fieldType>
            <inputParameters>
                <name>fieldApiName</name>
                <value>
                    <stringValue>Requestor__c</stringValue>
                </value>
            </inputParameters>
            <inputParameters>
                <name>label</name>
                <value>
                    <stringValue>Requestor</stringValue>
                </value>
            </inputParameters>
            <inputParameters>
                <name>objectApiName</name>
                <value>
                    <stringValue>PMT_Task__c</stringValue>
                </value>
            </inputParameters>
            <inputsOnNextNavToAssocScrn>UseStoredValues</inputsOnNextNavToAssocScrn>
            <isRequired>true</isRequired>
            <storeOutputAutomatically>true</storeOutputAutomatically>
            <styleProperties>
                <verticalAlignment>
                    <stringValue>top</stringValue>
                </verticalAlignment>
                <width>
                    <stringValue>12</stringValue>
                </width>
            </styleProperties>
        </fields>
        <fields>
            <name>Partner</name>
            <extensionName>flowruntime:lookup</extensionName>
            <fieldType>ComponentInstance</fieldType>
            <inputParameters>
                <name>fieldApiName</name>
                <value>
                    <stringValue>Partner__c</stringValue>
                </value>
            </inputParameters>
            <inputParameters>
                <name>label</name>
                <value>
                    <stringValue>Partner</stringValue>
                </value>
            </inputParameters>
            <inputParameters>
                <name>objectApiName</name>
                <value>
                    <stringValue>PMT_Task__c</stringValue>
                </value>
            </inputParameters>
            <inputsOnNextNavToAssocScrn>UseStoredValues</inputsOnNextNavToAssocScrn>
            <isRequired>true</isRequired>
            <storeOutputAutomatically>true</storeOutputAutomatically>
            <styleProperties>
                <verticalAlignment>
                    <stringValue>top</stringValue>
                </verticalAlignment>
                <width>
                    <stringValue>12</stringValue>
                </width>
            </styleProperties>
        </fields>
        <fields>
            <name>Estimated_Effort</name>
            <dataType>Number</dataType>
            <fieldText>Estimated Effort</fieldText>
            <fieldType>InputField</fieldType>
            <inputsOnNextNavToAssocScrn>UseStoredValues</inputsOnNextNavToAssocScrn>
            <isRequired>false</isRequired>
            <scale>0</scale>
            <styleProperties>
                <verticalAlignment>
                    <stringValue>top</stringValue>
                </verticalAlignment>
                <width>
                    <stringValue>12</stringValue>
                </width>
            </styleProperties>
        </fields>
        <fields>
            <name>Actual_Effort</name>
            <dataType>Number</dataType>
            <fieldText>Actual Effort</fieldText>
            <fieldType>InputField</fieldType>
            <inputsOnNextNavToAssocScrn>UseStoredValues</inputsOnNextNavToAssocScrn>
            <isRequired>false</isRequired>
            <scale>0</scale>
            <styleProperties>
                <verticalAlignment>
                    <stringValue>top</stringValue>
                </verticalAlignment>
                <width>
                    <stringValue>12</stringValue>
                </width>
            </styleProperties>
        </fields>
        <fields>
            <name>Task_Details</name>
            <fieldText>Task Details</fieldText>
            <fieldType>LargeTextArea</fieldType>
            <inputsOnNextNavToAssocScrn>UseStoredValues</inputsOnNextNavToAssocScrn>
            <isRequired>false</isRequired>
            <styleProperties>
                <verticalAlignment>
                    <stringValue>top</stringValue>
                </verticalAlignment>
                <width>
                    <stringValue>12</stringValue>
                </width>
            </styleProperties>
        </fields>
        <fields>
            <name>Start_Date</name>
            <dataType>Date</dataType>
            <fieldText>Start Date</fieldText>
            <fieldType>InputField</fieldType>
            <inputsOnNextNavToAssocScrn>UseStoredValues</inputsOnNextNavToAssocScrn>
            <isRequired>false</isRequired>
            <styleProperties>
                <verticalAlignment>
                    <stringValue>top</stringValue>
                </verticalAlignment>
                <width>
                    <stringValue>12</stringValue>
                </width>
            </styleProperties>
        </fields>
        <fields>
            <name>Due_Date</name>
            <dataType>Date</dataType>
            <defaultValue>
                <elementReference>FM_Tomorrow</elementReference>
            </defaultValue>
            <fieldText>Due Date</fieldText>
            <fieldType>InputField</fieldType>
            <inputsOnNextNavToAssocScrn>UseStoredValues</inputsOnNextNavToAssocScrn>
            <isRequired>false</isRequired>
            <styleProperties>
                <verticalAlignment>
                    <stringValue>top</stringValue>
                </verticalAlignment>
                <width>
                    <stringValue>12</stringValue>
                </width>
            </styleProperties>
        </fields>
        <fields>
            <name>Change_Assigned_To</name>
            <dataType>Boolean</dataType>
            <fieldText>Change Assigned To</fieldText>
            <fieldType>InputField</fieldType>
            <inputsOnNextNavToAssocScrn>UseStoredValues</inputsOnNextNavToAssocScrn>
            <isRequired>true</isRequired>
            <styleProperties>
                <verticalAlignment>
                    <stringValue>top</stringValue>
                </verticalAlignment>
                <width>
                    <stringValue>12</stringValue>
                </width>
            </styleProperties>
        </fields>
        <fields>
            <name>Assign_To</name>
            <choiceReferences>RCS_Users</choiceReferences>
            <dataType>String</dataType>
            <defaultValue>
                <elementReference>FM_CurrentUserName</elementReference>
            </defaultValue>
            <fieldText>Assign To</fieldText>
            <fieldType>DropdownBox</fieldType>
            <inputsOnNextNavToAssocScrn>UseStoredValues</inputsOnNextNavToAssocScrn>
            <isRequired>false</isRequired>
            <styleProperties>
                <verticalAlignment>
                    <stringValue>top</stringValue>
                </verticalAlignment>
                <width>
                    <stringValue>12</stringValue>
                </width>
            </styleProperties>
            <visibilityRule>
                <conditionLogic>and</conditionLogic>
                <conditions>
                    <leftValueReference>Change_Assigned_To</leftValueReference>
                    <operator>EqualTo</operator>
                    <rightValue>
                        <booleanValue>true</booleanValue>
                    </rightValue>
                </conditions>
            </visibilityRule>
        </fields>
        <showFooter>true</showFooter>
        <showHeader>true</showHeader>
    </screens>
    <start>
        <locationX>56</locationX>
        <locationY>0</locationY>
        <connector>
            <targetReference>New_PMT_Task_Page_1</targetReference>
        </connector>
    </start>
    <status>Active</status>
    <variables>
        <name>Var_NewTask</name>
        <dataType>String</dataType>
        <isCollection>false</isCollection>
        <isInput>false</isInput>
        <isOutput>false</isOutput>
    </variables>
    <variables>
        <name>Var_Owner</name>
        <dataType>String</dataType>
        <isCollection>false</isCollection>
        <isInput>false</isInput>
        <isOutput>false</isOutput>
        <value>
            <elementReference>$User.Id</elementReference>
        </value>
    </variables>
    <variables>
        <name>Var_UserPartner</name>
        <dataType>String</dataType>
        <isCollection>false</isCollection>
        <isInput>false</isInput>
        <isOutput>false</isOutput>
        <value>
            <elementReference>$User.Partner__c</elementReference>
        </value>
    </variables>
</Flow>
