<?xml version="1.0" encoding="UTF-8"?>
<Flow xmlns="http://soap.sforce.com/2006/04/metadata">
    <actionCalls>
        <name>Create_New_Customer_Setup_Sheet</name>
        <label>Create New Customer Setup Sheet</label>
        <locationX>176</locationX>
        <locationY>134</locationY>
        <actionName>webm__WebmergeGenerator</actionName>
        <actionType>apex</actionType>
        <connector>
            <targetReference>Finished</targetReference>
        </connector>
        <flowTransactionModel>Automatic</flowTransactionModel>
        <inputParameters>
            <name>sfRecordId</name>
            <value>
                <elementReference>VarOppId</elementReference>
            </value>
        </inputParameters>
        <inputParameters>
            <name>wmMappingId</name>
            <value>
                <stringValue>a2GUw000000gQpJMAU</stringValue>
            </value>
        </inputParameters>
        <nameSegment>webm__WebmergeGenerator</nameSegment>
        <offset>0</offset>
    </actionCalls>
    <apiVersion>62.0</apiVersion>
    <areMetricsLoggedToDataCloud>false</areMetricsLoggedToDataCloud>
    <environments>Default</environments>
    <interviewLabel>[S&amp;W Forms] Create Updated New Customer Setup Sheet {!$Flow.CurrentDateTime}</interviewLabel>
    <label>[S&amp;W Forms] Create Updated New Customer Setup Sheet</label>
    <processMetadataValues>
        <name>BuilderType</name>
        <value>
            <stringValue>LightningFlowBuilder</stringValue>
        </value>
    </processMetadataValues>
    <processMetadataValues>
        <name>CanvasMode</name>
        <value>
            <stringValue>AUTO_LAYOUT_CANVAS</stringValue>
        </value>
    </processMetadataValues>
    <processMetadataValues>
        <name>OriginBuilderType</name>
        <value>
            <stringValue>LightningFlowBuilder</stringValue>
        </value>
    </processMetadataValues>
    <processType>Flow</processType>
    <screens>
        <name>Finished</name>
        <label>Finished</label>
        <locationX>176</locationX>
        <locationY>242</locationY>
        <allowBack>true</allowBack>
        <allowFinish>true</allowFinish>
        <allowPause>true</allowPause>
        <fields>
            <name>FinishedText</name>
            <fieldText>&lt;p&gt;Your document has been generated.&lt;/p&gt;</fieldText>
            <fieldType>DisplayText</fieldType>
            <styleProperties>
                <verticalAlignment>
                    <stringValue>top</stringValue>
                </verticalAlignment>
                <width>
                    <stringValue>12</stringValue>
                </width>
            </styleProperties>
        </fields>
        <showFooter>true</showFooter>
        <showHeader>true</showHeader>
    </screens>
    <start>
        <locationX>50</locationX>
        <locationY>0</locationY>
        <connector>
            <targetReference>Create_New_Customer_Setup_Sheet</targetReference>
        </connector>
    </start>
    <status>Active</status>
    <variables>
        <name>VarOppId</name>
        <dataType>String</dataType>
        <isCollection>false</isCollection>
        <isInput>true</isInput>
        <isOutput>false</isOutput>
    </variables>
</Flow>
