<?xml version="1.0" encoding="UTF-8"?>
<Flow xmlns="http://soap.sforce.com/2006/04/metadata">
    <apiVersion>63.0</apiVersion>
    <areMetricsLoggedToDataCloud>false</areMetricsLoggedToDataCloud>
    <customErrors>
        <name>Missing_Address_Field_s</name>
        <label>Missing Address Field(s)</label>
        <locationX>314</locationX>
        <locationY>431</locationY>
        <customErrorMessages>
            <errorMessage>Unable to Update: Missing Billing Street, City, and/or State</errorMessage>
            <isFieldError>false</isFieldError>
        </customErrorMessages>
    </customErrors>
    <decisions>
        <name>Has_Address</name>
        <label>Has Address?</label>
        <locationX>182</locationX>
        <locationY>323</locationY>
        <defaultConnector>
            <targetReference>Missing_Address_Field_s</targetReference>
        </defaultConnector>
        <defaultConnectorLabel>No</defaultConnectorLabel>
        <rules>
            <name>Yes</name>
            <conditionLogic>and</conditionLogic>
            <conditions>
                <leftValueReference>$Record.BillingCity</leftValueReference>
                <operator>IsNull</operator>
                <rightValue>
                    <booleanValue>false</booleanValue>
                </rightValue>
            </conditions>
            <conditions>
                <leftValueReference>$Record.BillingState</leftValueReference>
                <operator>IsNull</operator>
                <rightValue>
                    <booleanValue>false</booleanValue>
                </rightValue>
            </conditions>
            <conditions>
                <leftValueReference>$Record.BillingStreet</leftValueReference>
                <operator>IsNull</operator>
                <rightValue>
                    <booleanValue>false</booleanValue>
                </rightValue>
            </conditions>
            <connector>
                <targetReference>Update_Name</targetReference>
            </connector>
            <label>Yes</label>
        </rules>
    </decisions>
    <environments>Default</environments>
    <formulas>
        <name>NameUpdate</name>
        <dataType>String</dataType>
        <expression>LEFT({!$Record.Name} &amp; &quot; - &quot; &amp; {!$Record.BillingStreet} &amp; &quot;, &quot; &amp; {!$Record.BillingCity} &amp; &quot; &quot; &amp; {!$Record.BillingState}, 80)</expression>
    </formulas>
    <interviewLabel>[Account] Admin Rename to Add Street, City, State {!$Flow.CurrentDateTime}</interviewLabel>
    <label>[Account] Admin Rename to Add Street, City, State</label>
    <processMetadataValues>
        <name>BuilderType</name>
        <value>
            <stringValue>LightningFlowBuilder</stringValue>
        </value>
    </processMetadataValues>
    <processMetadataValues>
        <name>CanvasMode</name>
        <value>
            <stringValue>AUTO_LAYOUT_CANVAS</stringValue>
        </value>
    </processMetadataValues>
    <processMetadataValues>
        <name>OriginBuilderType</name>
        <value>
            <stringValue>LightningFlowBuilder</stringValue>
        </value>
    </processMetadataValues>
    <processType>AutoLaunchedFlow</processType>
    <recordUpdates>
        <name>Update_Name</name>
        <label>Update Name</label>
        <locationX>50</locationX>
        <locationY>431</locationY>
        <inputAssignments>
            <field>Name</field>
            <value>
                <elementReference>NameUpdate</elementReference>
            </value>
        </inputAssignments>
        <inputReference>$Record</inputReference>
    </recordUpdates>
    <start>
        <locationX>56</locationX>
        <locationY>0</locationY>
        <connector>
            <targetReference>Has_Address</targetReference>
        </connector>
        <doesRequireRecordChangedToMeetCriteria>true</doesRequireRecordChangedToMeetCriteria>
        <filterLogic>and</filterLogic>
        <filters>
            <field>Concatenate_Name_with_Address__c</field>
            <operator>EqualTo</operator>
            <value>
                <booleanValue>true</booleanValue>
            </value>
        </filters>
        <object>Account</object>
        <recordTriggerType>Update</recordTriggerType>
        <triggerType>RecordAfterSave</triggerType>
    </start>
    <status>Draft</status>
</Flow>
