<?xml version="1.0" encoding="UTF-8"?>
<Flow xmlns="http://soap.sforce.com/2006/04/metadata">
    <apiVersion>60.0</apiVersion>
    <areMetricsLoggedToDataCloud>false</areMetricsLoggedToDataCloud>
    <decisions>
        <name>Partner_found</name>
        <label>Partner found?</label>
        <locationX>182</locationX>
        <locationY>360</locationY>
        <defaultConnector>
            <targetReference>Add_Company_Code</targetReference>
        </defaultConnector>
        <defaultConnectorLabel>Default Outcome</defaultConnectorLabel>
        <rules>
            <name>Yes</name>
            <conditionLogic>and</conditionLogic>
            <conditions>
                <leftValueReference>Get_Partner</leftValueReference>
                <operator>IsNull</operator>
                <rightValue>
                    <booleanValue>false</booleanValue>
                </rightValue>
            </conditions>
            <connector>
                <targetReference>Update_Records_2</targetReference>
            </connector>
            <label>Yes</label>
        </rules>
    </decisions>
    <environments>Default</environments>
    <interviewLabel>[Company] One-Time ST - Add Company Code from Partner {!$Flow.CurrentDateTime}</interviewLabel>
    <label>[Company] One-Time ST - Add Company Code from Partner</label>
    <processMetadataValues>
        <name>BuilderType</name>
        <value>
            <stringValue>LightningFlowBuilder</stringValue>
        </value>
    </processMetadataValues>
    <processMetadataValues>
        <name>CanvasMode</name>
        <value>
            <stringValue>AUTO_LAYOUT_CANVAS</stringValue>
        </value>
    </processMetadataValues>
    <processMetadataValues>
        <name>OriginBuilderType</name>
        <value>
            <stringValue>LightningFlowBuilder</stringValue>
        </value>
    </processMetadataValues>
    <processType>AutoLaunchedFlow</processType>
    <recordLookups>
        <name>Get_Partner</name>
        <label>Get Partner</label>
        <locationX>182</locationX>
        <locationY>252</locationY>
        <assignNullValuesIfNoRecordsFound>false</assignNullValuesIfNoRecordsFound>
        <connector>
            <targetReference>Partner_found</targetReference>
        </connector>
        <filterLogic>and</filterLogic>
        <filters>
            <field>Name</field>
            <operator>EqualTo</operator>
            <value>
                <elementReference>$Record.Owner.Partner__c</elementReference>
            </value>
        </filters>
        <getFirstRecordOnly>true</getFirstRecordOnly>
        <object>Partner__c</object>
        <storeOutputAutomatically>true</storeOutputAutomatically>
    </recordLookups>
    <recordUpdates>
        <name>Add_Company_Code</name>
        <label>Add Company Code</label>
        <locationX>182</locationX>
        <locationY>660</locationY>
        <inputAssignments>
            <field>Spectrum_Company_Code__c</field>
            <value>
                <elementReference>$Record.Partner__r.Company_Code__c</elementReference>
            </value>
        </inputAssignments>
        <inputReference>$Record</inputReference>
    </recordUpdates>
    <recordUpdates>
        <name>Update_Records_2</name>
        <label>Update Records 2</label>
        <locationX>50</locationX>
        <locationY>468</locationY>
        <connector>
            <targetReference>Add_Company_Code</targetReference>
        </connector>
        <inputAssignments>
            <field>Partner__c</field>
            <value>
                <elementReference>Get_Partner.Id</elementReference>
            </value>
        </inputAssignments>
        <inputReference>$Record</inputReference>
    </recordUpdates>
    <start>
        <locationX>56</locationX>
        <locationY>0</locationY>
        <connector>
            <targetReference>Get_Partner</targetReference>
        </connector>
        <filterLogic>and</filterLogic>
        <filters>
            <field>Spectrum_Company_Code__c</field>
            <operator>IsNull</operator>
            <value>
                <booleanValue>true</booleanValue>
            </value>
        </filters>
        <object>Account</object>
        <schedule>
            <frequency>Daily</frequency>
            <startDate>2024-04-24</startDate>
            <startTime>13:34:00.000Z</startTime>
        </schedule>
        <triggerType>Scheduled</triggerType>
    </start>
    <status>Active</status>
</Flow>
