<?xml version="1.0" encoding="UTF-8"?>
<Flow xmlns="http://soap.sforce.com/2006/04/metadata">
    <apiVersion>63.0</apiVersion>
    <areMetricsLoggedToDataCloud>false</areMetricsLoggedToDataCloud>
    <decisions>
        <name>Is_Match_Found</name>
        <label>Is Match Found?</label>
        <locationX>182</locationX>
        <locationY>468</locationY>
        <defaultConnectorLabel>Default Outcome</defaultConnectorLabel>
        <rules>
            <name>Yes</name>
            <conditionLogic>and</conditionLogic>
            <conditions>
                <leftValueReference>Get_Accounts</leftValueReference>
                <operator>IsNull</operator>
                <rightValue>
                    <booleanValue>false</booleanValue>
                </rightValue>
            </conditions>
            <connector>
                <targetReference>Mark_As_Potential_Duplicate</targetReference>
            </connector>
            <label>Yes</label>
        </rules>
    </decisions>
    <environments>Default</environments>
    <interviewLabel>{Company} Duplicates {!$Flow.CurrentDateTime}</interviewLabel>
    <label>{Company} Duplicates</label>
    <processMetadataValues>
        <name>BuilderType</name>
        <value>
            <stringValue>LightningFlowBuilder</stringValue>
        </value>
    </processMetadataValues>
    <processMetadataValues>
        <name>CanvasMode</name>
        <value>
            <stringValue>AUTO_LAYOUT_CANVAS</stringValue>
        </value>
    </processMetadataValues>
    <processMetadataValues>
        <name>OriginBuilderType</name>
        <value>
            <stringValue>LightningFlowBuilder</stringValue>
        </value>
    </processMetadataValues>
    <processType>AutoLaunchedFlow</processType>
    <recordLookups>
        <name>Get_Accounts</name>
        <label>Get Accounts</label>
        <locationX>182</locationX>
        <locationY>360</locationY>
        <assignNullValuesIfNoRecordsFound>false</assignNullValuesIfNoRecordsFound>
        <connector>
            <targetReference>Is_Match_Found</targetReference>
        </connector>
        <filterLogic>and</filterLogic>
        <filters>
            <field>Partner__c</field>
            <operator>EqualTo</operator>
            <value>
                <elementReference>$Record.Partner__c</elementReference>
            </value>
        </filters>
        <filters>
            <field>Existing_Client_Name__c</field>
            <operator>EqualTo</operator>
            <value>
                <elementReference>$Record.Existing_Client_Name__c</elementReference>
            </value>
        </filters>
        <filters>
            <field>Id</field>
            <operator>NotEqualTo</operator>
            <value>
                <elementReference>$Record.Id</elementReference>
            </value>
        </filters>
        <filters>
            <field>Not_a_Duplicate__c</field>
            <operator>EqualTo</operator>
            <value>
                <booleanValue>false</booleanValue>
            </value>
        </filters>
        <getFirstRecordOnly>false</getFirstRecordOnly>
        <object>Account</object>
        <storeOutputAutomatically>true</storeOutputAutomatically>
    </recordLookups>
    <recordUpdates>
        <name>Mark_As_Potential_Duplicate</name>
        <label>Mark As Potential Duplicate</label>
        <locationX>50</locationX>
        <locationY>576</locationY>
        <inputAssignments>
            <field>Potential_Duplicate__c</field>
            <value>
                <booleanValue>true</booleanValue>
            </value>
        </inputAssignments>
        <inputReference>$Record</inputReference>
    </recordUpdates>
    <recordUpdates>
        <name>Uncheck_Potential_Duplicate</name>
        <label>Uncheck Potential Duplicate</label>
        <locationX>182</locationX>
        <locationY>252</locationY>
        <connector>
            <targetReference>Get_Accounts</targetReference>
        </connector>
        <inputAssignments>
            <field>Potential_Duplicate__c</field>
            <value>
                <booleanValue>false</booleanValue>
            </value>
        </inputAssignments>
        <inputReference>$Record</inputReference>
    </recordUpdates>
    <start>
        <locationX>56</locationX>
        <locationY>0</locationY>
        <connector>
            <targetReference>Uncheck_Potential_Duplicate</targetReference>
        </connector>
        <object>Account</object>
        <schedule>
            <frequency>Daily</frequency>
            <startDate>2025-04-11</startDate>
            <startTime>16:01:00.000Z</startTime>
        </schedule>
        <triggerType>Scheduled</triggerType>
    </start>
    <status>Obsolete</status>
</Flow>
