<?xml version="1.0" encoding="UTF-8"?>
<Flow xmlns="http://soap.sforce.com/2006/04/metadata">
    <apiVersion>58.0</apiVersion>
    <areMetricsLoggedToDataCloud>false</areMetricsLoggedToDataCloud>
    <decisions>
        <name>Opportunity_Goal_Records</name>
        <label>Opportunity Goal Records?</label>
        <locationX>182</locationX>
        <locationY>360</locationY>
        <defaultConnector>
            <targetReference>Call_Goal_Create_Subflow</targetReference>
        </defaultConnector>
        <defaultConnectorLabel>Default Outcome</defaultConnectorLabel>
        <rules>
            <name>Yes</name>
            <conditionLogic>and</conditionLogic>
            <conditions>
                <leftValueReference>Get_Opportunity_Junction_Records</leftValueReference>
                <operator>IsNull</operator>
                <rightValue>
                    <booleanValue>false</booleanValue>
                </rightValue>
            </conditions>
            <connector>
                <targetReference>Delete_Current_Goal_s_Opp_Junction_Records</targetReference>
            </connector>
            <label>Yes</label>
        </rules>
    </decisions>
    <description>Sales Goal Management records have a start and an end date.  If today is between those two dates, all junction object records will be deleted and repopulated using this flow to ensure accurate goal reporting.</description>
    <environments>Default</environments>
    <formulas>
        <name>CurrentYear</name>
        <dataType>String</dataType>
        <expression>TEXT(YEAR(TODAY()))</expression>
    </formulas>
    <formulas>
        <name>LastYear</name>
        <dataType>String</dataType>
        <expression>TEXT(YEAR(TODAY())-1)</expression>
    </formulas>
    <formulas>
        <name>Yesterday</name>
        <dataType>Date</dataType>
        <expression>TODAY()-1</expression>
    </formulas>
    <interviewLabel>[Goal Opportunities] ST: Repopulate Junction Object for Roll-Ups {!$Flow.CurrentDateTime}</interviewLabel>
    <label>[Goal Opportunities] ST: Repopulate Junction Object for Roll-Ups</label>
    <processMetadataValues>
        <name>BuilderType</name>
        <value>
            <stringValue>LightningFlowBuilder</stringValue>
        </value>
    </processMetadataValues>
    <processMetadataValues>
        <name>CanvasMode</name>
        <value>
            <stringValue>AUTO_LAYOUT_CANVAS</stringValue>
        </value>
    </processMetadataValues>
    <processMetadataValues>
        <name>OriginBuilderType</name>
        <value>
            <stringValue>LightningFlowBuilder</stringValue>
        </value>
    </processMetadataValues>
    <processType>AutoLaunchedFlow</processType>
    <recordDeletes>
        <description>Each night, we start with the deletion of all current goal opportunity junction objects.</description>
        <name>Delete_Current_Goal_s_Opp_Junction_Records</name>
        <label>Delete Current Goal&apos;s Opp Junction Records</label>
        <locationX>50</locationX>
        <locationY>468</locationY>
        <connector>
            <targetReference>Call_Goal_Create_Subflow</targetReference>
        </connector>
        <inputReference>Get_Opportunity_Junction_Records</inputReference>
    </recordDeletes>
    <recordLookups>
        <name>Get_Opportunity_Junction_Records</name>
        <label>Get Opportunity Junction Records</label>
        <locationX>182</locationX>
        <locationY>252</locationY>
        <assignNullValuesIfNoRecordsFound>false</assignNullValuesIfNoRecordsFound>
        <connector>
            <targetReference>Opportunity_Goal_Records</targetReference>
        </connector>
        <filterLogic>and</filterLogic>
        <filters>
            <field>Sales_Goal__c</field>
            <operator>EqualTo</operator>
            <value>
                <elementReference>$Record.Id</elementReference>
            </value>
        </filters>
        <getFirstRecordOnly>false</getFirstRecordOnly>
        <object>Goal_Opportunity__c</object>
        <storeOutputAutomatically>true</storeOutputAutomatically>
    </recordLookups>
    <start>
        <locationX>56</locationX>
        <locationY>0</locationY>
        <connector>
            <targetReference>Get_Opportunity_Junction_Records</targetReference>
        </connector>
        <object>Sales_Goal_Management__c</object>
        <schedule>
            <frequency>Daily</frequency>
            <startDate>2024-01-16</startDate>
            <startTime>01:15:00.000Z</startTime>
        </schedule>
        <triggerType>Scheduled</triggerType>
    </start>
    <status>Obsolete</status>
    <subflows>
        <name>Call_Goal_Create_Subflow</name>
        <label>Call Goal Create Subflow</label>
        <locationX>182</locationX>
        <locationY>660</locationY>
        <flowName>Goal_Opportunities_Subflow_ST_Repopulate_Junction_Object_for_Roll_Ups</flowName>
        <inputAssignments>
            <name>SalesGoalRecord</name>
            <value>
                <elementReference>$Record</elementReference>
            </value>
        </inputAssignments>
    </subflows>
    <variables>
        <name>CaptureSingleRecord</name>
        <dataType>SObject</dataType>
        <isCollection>false</isCollection>
        <isInput>false</isInput>
        <isOutput>false</isOutput>
        <objectType>Goal_Opportunity__c</objectType>
    </variables>
    <variables>
        <name>CollectionGoalOppJunctionRecords</name>
        <dataType>SObject</dataType>
        <isCollection>true</isCollection>
        <isInput>false</isInput>
        <isOutput>false</isOutput>
        <objectType>Goal_Opportunity__c</objectType>
    </variables>
    <variables>
        <name>currentItem_Closed_Won_Partner_Opps_w_o_Children</name>
        <dataType>SObject</dataType>
        <isCollection>false</isCollection>
        <isInput>false</isInput>
        <isOutput>false</isOutput>
        <objectType>Opportunity</objectType>
    </variables>
</Flow>
