<?xml version="1.0" encoding="UTF-8"?>
<Flow xmlns="http://soap.sforce.com/2006/04/metadata" xmlns:xsi="http://www.w3.org/2001/XMLSchema-instance">
    <apiVersion>60.0</apiVersion>
    <areMetricsLoggedToDataCloud>false</areMetricsLoggedToDataCloud>
    <constants>
        <name>Email_List</name>
        <dataType>String</dataType>
        <value>
            <stringValue>criley@setgopartners.com</stringValue>
        </value>
    </constants>
    <decisions>
        <name>Copy_2_of_User_is_Prostar</name>
        <label>Copy 2 of User is Prostar?</label>
        <locationX>314</locationX>
        <locationY>674</locationY>
        <defaultConnector>
            <targetReference>Get_Gift_Request</targetReference>
        </defaultConnector>
        <defaultConnectorLabel>Default Outcome</defaultConnectorLabel>
        <rules>
            <name>Copy_2_of_Yes_prostar</name>
            <conditionLogic>and</conditionLogic>
            <conditions>
                <leftValueReference>$User.Partner__c</leftValueReference>
                <operator>EqualTo</operator>
                <rightValue>
                    <stringValue>Prostar</stringValue>
                </rightValue>
            </conditions>
            <connector>
                <targetReference>Add_Approver</targetReference>
            </connector>
            <label>Copy 2 of Yes, prostar</label>
        </rules>
        <rules>
            <name>Copy_2_of_No_crete</name>
            <conditionLogic>and</conditionLogic>
            <conditions>
                <leftValueReference>$User.Partner__c</leftValueReference>
                <operator>EqualTo</operator>
                <rightValue>
                    <stringValue>Crete Corporate</stringValue>
                </rightValue>
            </conditions>
            <connector>
                <targetReference>Copy_1_of_Add_Approver</targetReference>
            </connector>
            <label>Copy 2 of No, crete</label>
        </rules>
    </decisions>
    <decisions>
        <name>Gift_or_Event</name>
        <label>Gift or Event</label>
        <locationX>798</locationX>
        <locationY>350</locationY>
        <defaultConnector>
            <targetReference>Get_Selected_Event</targetReference>
        </defaultConnector>
        <defaultConnectorLabel>Event Path</defaultConnectorLabel>
        <rules>
            <name>Gift_Path</name>
            <conditionLogic>and</conditionLogic>
            <conditions>
                <leftValueReference>Record_Type_Selection</leftValueReference>
                <operator>EqualTo</operator>
                <rightValue>
                    <stringValue>012Uw000002m4ubIAA</stringValue>
                </rightValue>
            </conditions>
            <connector>
                <targetReference>Gift_Creation</targetReference>
            </connector>
            <label>Gift Path</label>
        </rules>
        <rules>
            <name>No_Event_Chosen</name>
            <conditionLogic>and</conditionLogic>
            <conditions>
                <leftValueReference>Record_Type_Selection</leftValueReference>
                <operator>NotEqualTo</operator>
                <rightValue>
                    <stringValue>012Uw000002m4ubIAA</stringValue>
                </rightValue>
            </conditions>
            <conditions>
                <leftValueReference>Selected_Standard_Event</leftValueReference>
                <operator>IsNull</operator>
                <rightValue>
                    <booleanValue>true</booleanValue>
                </rightValue>
            </conditions>
            <connector>
                <targetReference>Error2</targetReference>
            </connector>
            <label>No Event Chosen</label>
        </rules>
    </decisions>
    <decisions>
        <name>User_is_Prostar</name>
        <label>User is Prostar?</label>
        <locationX>1282</locationX>
        <locationY>1082</locationY>
        <defaultConnector>
            <targetReference>Get_Event_Request</targetReference>
        </defaultConnector>
        <defaultConnectorLabel>Default Outcome</defaultConnectorLabel>
        <rules>
            <name>Yes_prostar</name>
            <conditionLogic>and</conditionLogic>
            <conditions>
                <leftValueReference>$User.Partner__c</leftValueReference>
                <operator>EqualTo</operator>
                <rightValue>
                    <stringValue>Prostar</stringValue>
                </rightValue>
            </conditions>
            <connector>
                <targetReference>Add_Event_Approver</targetReference>
            </connector>
            <label>Yes, prostar</label>
        </rules>
        <rules>
            <name>No_crete</name>
            <conditionLogic>and</conditionLogic>
            <conditions>
                <leftValueReference>$User.Partner__c</leftValueReference>
                <operator>EqualTo</operator>
                <rightValue>
                    <stringValue>Crete Corporate</stringValue>
                </rightValue>
            </conditions>
            <connector>
                <targetReference>Copy_2_of_Add_Event_Approver</targetReference>
            </connector>
            <label>No, crete</label>
        </rules>
    </decisions>
    <dynamicChoiceSets>
        <name>ClientType</name>
        <dataType>Picklist</dataType>
        <displayField xsi:nil="true"/>
        <object xsi:nil="true"/>
        <picklistField>Client_Type__c</picklistField>
        <picklistObject>Contact_Invite__c</picklistObject>
    </dynamicChoiceSets>
    <dynamicChoiceSets>
        <name>Company_Selection</name>
        <dataType>String</dataType>
        <displayField>Company_Name__c</displayField>
        <object>Account</object>
        <valueField>Id</valueField>
    </dynamicChoiceSets>
    <dynamicChoiceSets>
        <name>Contact_Selection</name>
        <dataType>String</dataType>
        <displayField>Name</displayField>
        <object>Contact</object>
        <valueField>Id</valueField>
    </dynamicChoiceSets>
    <dynamicChoiceSets>
        <name>ContactRole</name>
        <dataType>Picklist</dataType>
        <displayField xsi:nil="true"/>
        <object xsi:nil="true"/>
        <picklistField>Role__c</picklistField>
        <picklistObject>Contact_Invite__c</picklistObject>
    </dynamicChoiceSets>
    <dynamicChoiceSets>
        <name>Gift_Type_Selection</name>
        <dataType>Picklist</dataType>
        <displayField xsi:nil="true"/>
        <object xsi:nil="true"/>
        <picklistField>Gift_Type__c</picklistField>
        <picklistObject>Hospitality_Request__c</picklistObject>
    </dynamicChoiceSets>
    <dynamicChoiceSets>
        <name>Record_Selection</name>
        <dataType>String</dataType>
        <displayField>DeveloperName</displayField>
        <filterLogic>and</filterLogic>
        <filters>
            <field>SobjectType</field>
            <operator>EqualTo</operator>
            <value>
                <stringValue>Hospitality_Request__c</stringValue>
            </value>
        </filters>
        <object>RecordType</object>
        <valueField>Id</valueField>
    </dynamicChoiceSets>
    <environments>Default</environments>
    <formulas>
        <name>DueDateforApprovalTask</name>
        <dataType>Date</dataType>
        <expression>TODAY() + 2</expression>
    </formulas>
    <formulas>
        <name>Today</name>
        <dataType>Date</dataType>
        <expression>TODAY()</expression>
    </formulas>
    <interviewLabel>[Hospitality Request] Hospitality Request Process {!$Flow.CurrentDateTime}</interviewLabel>
    <label>[Hospitality Request] Hospitality Request Process</label>
    <loops>
        <name>Loop_Thru_Contact_Invites</name>
        <label>Loop Thru Contact Invites</label>
        <locationX>1282</locationX>
        <locationY>782</locationY>
        <collectionReference>Contact_Repeater.AllItems</collectionReference>
        <iterationOrder>Asc</iterationOrder>
        <nextValueConnector>
            <targetReference>Create_Contact_Invites</targetReference>
        </nextValueConnector>
        <noMoreValuesConnector>
            <targetReference>User_is_Prostar</targetReference>
        </noMoreValuesConnector>
    </loops>
    <processMetadataValues>
        <name>BuilderType</name>
        <value>
            <stringValue>LightningFlowBuilder</stringValue>
        </value>
    </processMetadataValues>
    <processMetadataValues>
        <name>CanvasMode</name>
        <value>
            <stringValue>AUTO_LAYOUT_CANVAS</stringValue>
        </value>
    </processMetadataValues>
    <processMetadataValues>
        <name>OriginBuilderType</name>
        <value>
            <stringValue>LightningFlowBuilder</stringValue>
        </value>
    </processMetadataValues>
    <processType>Flow</processType>
    <recordCreates>
        <name>Create_Contact_Invites</name>
        <label>Create Contact Invites</label>
        <locationX>1370</locationX>
        <locationY>890</locationY>
        <connector>
            <targetReference>Loop_Thru_Contact_Invites</targetReference>
        </connector>
        <inputAssignments>
            <field>Client_Type__c</field>
            <value>
                <elementReference>Loop_Thru_Contact_Invites.Client_Type</elementReference>
            </value>
        </inputAssignments>
        <inputAssignments>
            <field>Company__c</field>
            <value>
                <elementReference>recordId</elementReference>
            </value>
        </inputAssignments>
        <inputAssignments>
            <field>Contact__c</field>
            <value>
                <elementReference>Loop_Thru_Contact_Invites.Contact_Lookup.recordId</elementReference>
            </value>
        </inputAssignments>
        <inputAssignments>
            <field>Hospitality_Request__c</field>
            <value>
                <elementReference>Create_Event_Request</elementReference>
            </value>
        </inputAssignments>
        <inputAssignments>
            <field>RSVP_Status__c</field>
            <value>
                <stringValue>Not Sent</stringValue>
            </value>
        </inputAssignments>
        <inputAssignments>
            <field>Reason_for_Invite__c</field>
            <value>
                <elementReference>Loop_Thru_Contact_Invites.Reason_for_Inviting_this_Contact_Used_for_Approval</elementReference>
            </value>
        </inputAssignments>
        <inputAssignments>
            <field>Role__c</field>
            <value>
                <elementReference>Loop_Thru_Contact_Invites.Contact_s_Role</elementReference>
            </value>
        </inputAssignments>
        <inputAssignments>
            <field>Standard_Event__c</field>
            <value>
                <elementReference>Get_Selected_Event.Id</elementReference>
            </value>
        </inputAssignments>
        <inputAssignments>
            <field>Tickets__c</field>
            <value>
                <elementReference>Loop_Thru_Contact_Invites.Total_Tickets</elementReference>
            </value>
        </inputAssignments>
        <inputAssignments>
            <field>Title__c</field>
            <value>
                <elementReference>Loop_Thru_Contact_Invites.Contact_s_Title</elementReference>
            </value>
        </inputAssignments>
        <object>Contact_Invite__c</object>
        <storeOutputAutomatically>true</storeOutputAutomatically>
    </recordCreates>
    <recordCreates>
        <name>Create_Event_Request</name>
        <label>Create Event Request</label>
        <locationX>1282</locationX>
        <locationY>674</locationY>
        <connector>
            <targetReference>Loop_Thru_Contact_Invites</targetReference>
        </connector>
        <inputAssignments>
            <field>Company__c</field>
            <value>
                <elementReference>recordId</elementReference>
            </value>
        </inputAssignments>
        <inputAssignments>
            <field>Event__c</field>
            <value>
                <elementReference>Get_Selected_Event.Id</elementReference>
            </value>
        </inputAssignments>
        <inputAssignments>
            <field>RecordTypeId</field>
            <value>
                <stringValue>012Uw000002m4ucIAA</stringValue>
            </value>
        </inputAssignments>
        <object>Hospitality_Request__c</object>
        <storeOutputAutomatically>true</storeOutputAutomatically>
    </recordCreates>
    <recordCreates>
        <name>Create_Gift_Request</name>
        <label>Create Gift Request</label>
        <locationX>314</locationX>
        <locationY>566</locationY>
        <connector>
            <targetReference>Copy_2_of_User_is_Prostar</targetReference>
        </connector>
        <inputAssignments>
            <field>Company__c</field>
            <value>
                <elementReference>recordId</elementReference>
            </value>
        </inputAssignments>
        <inputAssignments>
            <field>Contact__c</field>
            <value>
                <elementReference>HospitalityRequest.Contact__c</elementReference>
            </value>
        </inputAssignments>
        <inputAssignments>
            <field>Gift_Delivered_by__c</field>
            <value>
                <elementReference>Gift_Delivered_By</elementReference>
            </value>
        </inputAssignments>
        <inputAssignments>
            <field>Gift_Request_Reason__c</field>
            <value>
                <elementReference>Gift_Reason</elementReference>
            </value>
        </inputAssignments>
        <inputAssignments>
            <field>Gift_Send_Address__City__s</field>
            <value>
                <elementReference>Gift_Send_Address.city</elementReference>
            </value>
        </inputAssignments>
        <inputAssignments>
            <field>Gift_Send_Address__PostalCode__s</field>
            <value>
                <elementReference>Gift_Send_Address.postalCode</elementReference>
            </value>
        </inputAssignments>
        <inputAssignments>
            <field>Gift_Send_Address__Street__s</field>
            <value>
                <elementReference>Gift_Send_Address.street</elementReference>
            </value>
        </inputAssignments>
        <inputAssignments>
            <field>Gift_Type__c</field>
            <value>
                <elementReference>Gift_Type.selectedChoiceValues</elementReference>
            </value>
        </inputAssignments>
        <inputAssignments>
            <field>RecordTypeId</field>
            <value>
                <stringValue>012Uw000002m4ubIAA</stringValue>
            </value>
        </inputAssignments>
        <inputAssignments>
            <field>State_Entered__c</field>
            <value>
                <elementReference>Gift_Send_Address.province</elementReference>
            </value>
        </inputAssignments>
        <object>Hospitality_Request__c</object>
        <storeOutputAutomatically>true</storeOutputAutomatically>
    </recordCreates>
    <recordLookups>
        <name>Get_Event_Request</name>
        <label>Get Event Request</label>
        <locationX>1282</locationX>
        <locationY>1382</locationY>
        <assignNullValuesIfNoRecordsFound>false</assignNullValuesIfNoRecordsFound>
        <filterLogic>and</filterLogic>
        <filters>
            <field>Id</field>
            <operator>EqualTo</operator>
            <value>
                <elementReference>Create_Event_Request</elementReference>
            </value>
        </filters>
        <getFirstRecordOnly>true</getFirstRecordOnly>
        <object>Hospitality_Request__c</object>
        <storeOutputAutomatically>true</storeOutputAutomatically>
    </recordLookups>
    <recordLookups>
        <name>Get_Gift_Request</name>
        <label>Get Gift Request</label>
        <locationX>314</locationX>
        <locationY>974</locationY>
        <assignNullValuesIfNoRecordsFound>false</assignNullValuesIfNoRecordsFound>
        <filterLogic>and</filterLogic>
        <filters>
            <field>Id</field>
            <operator>EqualTo</operator>
            <value>
                <elementReference>Create_Gift_Request</elementReference>
            </value>
        </filters>
        <getFirstRecordOnly>true</getFirstRecordOnly>
        <object>Hospitality_Request__c</object>
        <storeOutputAutomatically>true</storeOutputAutomatically>
    </recordLookups>
    <recordLookups>
        <name>Get_Selected_Event</name>
        <label>Get Selected Event</label>
        <locationX>1282</locationX>
        <locationY>458</locationY>
        <assignNullValuesIfNoRecordsFound>false</assignNullValuesIfNoRecordsFound>
        <connector>
            <targetReference>Contact_Invites</targetReference>
        </connector>
        <filterLogic>and</filterLogic>
        <filters>
            <field>Id</field>
            <operator>EqualTo</operator>
            <value>
                <elementReference>Selected_Standard_Event.Id</elementReference>
            </value>
        </filters>
        <getFirstRecordOnly>true</getFirstRecordOnly>
        <object>Standard_Event__c</object>
        <storeOutputAutomatically>true</storeOutputAutomatically>
    </recordLookups>
    <recordLookups>
        <name>Get_Standard_Events</name>
        <label>Get Standard Events</label>
        <locationX>798</locationX>
        <locationY>134</locationY>
        <assignNullValuesIfNoRecordsFound>false</assignNullValuesIfNoRecordsFound>
        <connector>
            <targetReference>Hospitality_Request</targetReference>
        </connector>
        <filterLogic>and</filterLogic>
        <filters>
            <field>IsDeleted</field>
            <operator>EqualTo</operator>
            <value>
                <booleanValue>false</booleanValue>
            </value>
        </filters>
        <filters>
            <field>Ticket_Remaining__c</field>
            <operator>GreaterThan</operator>
            <value>
                <numberValue>0.0</numberValue>
            </value>
        </filters>
        <filters>
            <field>Event_Date__c</field>
            <operator>GreaterThanOrEqualTo</operator>
            <value>
                <elementReference>Today</elementReference>
            </value>
        </filters>
        <getFirstRecordOnly>false</getFirstRecordOnly>
        <object>Standard_Event__c</object>
        <storeOutputAutomatically>true</storeOutputAutomatically>
    </recordLookups>
    <recordUpdates>
        <name>Add_Approver</name>
        <label>Add Approver</label>
        <locationX>50</locationX>
        <locationY>782</locationY>
        <connector>
            <targetReference>Get_Gift_Request</targetReference>
        </connector>
        <filterLogic>and</filterLogic>
        <filters>
            <field>Id</field>
            <operator>EqualTo</operator>
            <value>
                <elementReference>Create_Gift_Request</elementReference>
            </value>
        </filters>
        <inputAssignments>
            <field>Approver__c</field>
            <value>
                <stringValue>0054x000007TjG0AAK</stringValue>
            </value>
        </inputAssignments>
        <object>Hospitality_Request__c</object>
    </recordUpdates>
    <recordUpdates>
        <name>Add_Event_Approver</name>
        <label>Add Event Approver</label>
        <locationX>1018</locationX>
        <locationY>1190</locationY>
        <connector>
            <targetReference>Get_Event_Request</targetReference>
        </connector>
        <filterLogic>and</filterLogic>
        <filters>
            <field>Id</field>
            <operator>EqualTo</operator>
            <value>
                <elementReference>Create_Event_Request</elementReference>
            </value>
        </filters>
        <inputAssignments>
            <field>Approver__c</field>
            <value>
                <stringValue>0054x000007TjG0AAK</stringValue>
            </value>
        </inputAssignments>
        <object>Hospitality_Request__c</object>
    </recordUpdates>
    <recordUpdates>
        <name>Copy_1_of_Add_Approver</name>
        <label>Copy 1 of Add Approver</label>
        <locationX>314</locationX>
        <locationY>782</locationY>
        <connector>
            <targetReference>Get_Gift_Request</targetReference>
        </connector>
        <filterLogic>and</filterLogic>
        <filters>
            <field>Id</field>
            <operator>EqualTo</operator>
            <value>
                <elementReference>Create_Gift_Request</elementReference>
            </value>
        </filters>
        <inputAssignments>
            <field>Approver__c</field>
            <value>
                <stringValue>0054x000007TjG0AAK</stringValue>
            </value>
        </inputAssignments>
        <object>Hospitality_Request__c</object>
    </recordUpdates>
    <recordUpdates>
        <name>Copy_2_of_Add_Event_Approver</name>
        <label>Copy 2 of Add Event Approver</label>
        <locationX>1282</locationX>
        <locationY>1190</locationY>
        <connector>
            <targetReference>Get_Event_Request</targetReference>
        </connector>
        <filterLogic>and</filterLogic>
        <filters>
            <field>Id</field>
            <operator>EqualTo</operator>
            <value>
                <elementReference>Create_Event_Request</elementReference>
            </value>
        </filters>
        <inputAssignments>
            <field>Approver__c</field>
            <value>
                <stringValue>0054x000007TjG0AAK</stringValue>
            </value>
        </inputAssignments>
        <object>Hospitality_Request__c</object>
    </recordUpdates>
    <runInMode>SystemModeWithoutSharing</runInMode>
    <screens>
        <name>Contact_Invites</name>
        <label>Contact Invites</label>
        <locationX>1282</locationX>
        <locationY>566</locationY>
        <allowBack>true</allowBack>
        <allowFinish>true</allowFinish>
        <allowPause>false</allowPause>
        <connector>
            <targetReference>Create_Event_Request</targetReference>
        </connector>
        <fields>
            <name>Contact_Invite_Text_Display</name>
            <fieldText>&lt;p&gt;If you’d like to add a contact, add your contact to the field below. If you’re done, click “finish” and your request record will be created.&lt;/p&gt;</fieldText>
            <fieldType>DisplayText</fieldType>
            <styleProperties>
                <verticalAlignment>
                    <stringValue>top</stringValue>
                </verticalAlignment>
                <width>
                    <stringValue>12</stringValue>
                </width>
            </styleProperties>
        </fields>
        <fields>
            <name>Contact_Repeater</name>
            <fieldType>Repeater</fieldType>
            <fields>
                <name>Contact_Lookup</name>
                <extensionName>flowruntime:lookup</extensionName>
                <fieldType>ComponentInstance</fieldType>
                <inputParameters>
                    <name>fieldApiName</name>
                    <value>
                        <stringValue>Contact__c</stringValue>
                    </value>
                </inputParameters>
                <inputParameters>
                    <name>label</name>
                    <value>
                        <stringValue>Contacts</stringValue>
                    </value>
                </inputParameters>
                <inputParameters>
                    <name>objectApiName</name>
                    <value>
                        <stringValue>Contact_Invite__c</stringValue>
                    </value>
                </inputParameters>
                <inputParameters>
                    <name>required</name>
                    <value>
                        <booleanValue>true</booleanValue>
                    </value>
                </inputParameters>
                <inputsOnNextNavToAssocScrn>UseStoredValues</inputsOnNextNavToAssocScrn>
                <isRequired>true</isRequired>
                <storeOutputAutomatically>true</storeOutputAutomatically>
                <styleProperties>
                    <verticalAlignment>
                        <stringValue>top</stringValue>
                    </verticalAlignment>
                    <width>
                        <stringValue>12</stringValue>
                    </width>
                </styleProperties>
            </fields>
            <fields>
                <name>Contact_s_Title</name>
                <dataType>String</dataType>
                <fieldText>Contact&apos;s Title</fieldText>
                <fieldType>InputField</fieldType>
                <inputsOnNextNavToAssocScrn>UseStoredValues</inputsOnNextNavToAssocScrn>
                <isRequired>true</isRequired>
                <styleProperties>
                    <verticalAlignment>
                        <stringValue>top</stringValue>
                    </verticalAlignment>
                    <width>
                        <stringValue>12</stringValue>
                    </width>
                </styleProperties>
            </fields>
            <fields>
                <name>Contact_s_Role</name>
                <choiceReferences>ContactRole</choiceReferences>
                <dataType>String</dataType>
                <fieldText>Contact&apos;s Role</fieldText>
                <fieldType>DropdownBox</fieldType>
                <inputsOnNextNavToAssocScrn>UseStoredValues</inputsOnNextNavToAssocScrn>
                <isRequired>true</isRequired>
                <styleProperties>
                    <verticalAlignment>
                        <stringValue>top</stringValue>
                    </verticalAlignment>
                    <width>
                        <stringValue>12</stringValue>
                    </width>
                </styleProperties>
            </fields>
            <fields>
                <name>Client_Type</name>
                <choiceReferences>ClientType</choiceReferences>
                <dataType>String</dataType>
                <fieldText>Client Type</fieldText>
                <fieldType>DropdownBox</fieldType>
                <inputsOnNextNavToAssocScrn>UseStoredValues</inputsOnNextNavToAssocScrn>
                <isRequired>true</isRequired>
                <styleProperties>
                    <verticalAlignment>
                        <stringValue>top</stringValue>
                    </verticalAlignment>
                    <width>
                        <stringValue>12</stringValue>
                    </width>
                </styleProperties>
            </fields>
            <fields>
                <name>Total_Tickets</name>
                <dataType>Number</dataType>
                <fieldText>Total Tickets</fieldText>
                <fieldType>InputField</fieldType>
                <inputsOnNextNavToAssocScrn>UseStoredValues</inputsOnNextNavToAssocScrn>
                <isRequired>true</isRequired>
                <scale>0</scale>
                <styleProperties>
                    <verticalAlignment>
                        <stringValue>top</stringValue>
                    </verticalAlignment>
                    <width>
                        <stringValue>12</stringValue>
                    </width>
                </styleProperties>
            </fields>
            <fields>
                <name>Reason_for_Inviting_this_Contact_Used_for_Approval</name>
                <fieldText>Reason for Inviting this Contact / Who are the guests? (Used for Approval)</fieldText>
                <fieldType>LargeTextArea</fieldType>
                <inputsOnNextNavToAssocScrn>UseStoredValues</inputsOnNextNavToAssocScrn>
                <isRequired>true</isRequired>
                <styleProperties>
                    <verticalAlignment>
                        <stringValue>top</stringValue>
                    </verticalAlignment>
                    <width>
                        <stringValue>12</stringValue>
                    </width>
                </styleProperties>
            </fields>
            <isRequired>false</isRequired>
            <styleProperties>
                <verticalAlignment>
                    <stringValue>top</stringValue>
                </verticalAlignment>
                <width>
                    <stringValue>12</stringValue>
                </width>
            </styleProperties>
        </fields>
        <nextOrFinishButtonLabel>Submit</nextOrFinishButtonLabel>
        <showFooter>true</showFooter>
        <showHeader>false</showHeader>
    </screens>
    <screens>
        <name>Error2</name>
        <label>Error</label>
        <locationX>754</locationX>
        <locationY>458</locationY>
        <allowBack>true</allowBack>
        <allowFinish>false</allowFinish>
        <allowPause>false</allowPause>
        <fields>
            <name>error1</name>
            <fieldText>&lt;p&gt;For Event Invites, you must select an event on the previous screen.  If no event is available, select &quot;Gift Request&quot; and select &quot;Non-Standard&quot; event as the gift type.  &lt;/p&gt;&lt;p&gt;&lt;br&gt;&lt;/p&gt;&lt;p&gt;Share event details and we will approve or reject the purchase of tickets as a gift option.&lt;/p&gt;</fieldText>
            <fieldType>DisplayText</fieldType>
            <styleProperties>
                <verticalAlignment>
                    <stringValue>top</stringValue>
                </verticalAlignment>
                <width>
                    <stringValue>12</stringValue>
                </width>
            </styleProperties>
        </fields>
        <showFooter>true</showFooter>
        <showHeader>false</showHeader>
    </screens>
    <screens>
        <name>Gift_Creation</name>
        <label>Gift Creation</label>
        <locationX>314</locationX>
        <locationY>458</locationY>
        <allowBack>true</allowBack>
        <allowFinish>true</allowFinish>
        <allowPause>false</allowPause>
        <connector>
            <targetReference>Create_Gift_Request</targetReference>
        </connector>
        <fields>
            <fieldType>ObjectProvided</fieldType>
            <inputsOnNextNavToAssocScrn>UseStoredValues</inputsOnNextNavToAssocScrn>
            <isRequired>false</isRequired>
            <objectFieldReference>HospitalityRequest.Contact__c</objectFieldReference>
            <styleProperties>
                <verticalAlignment>
                    <stringValue>top</stringValue>
                </verticalAlignment>
                <width>
                    <stringValue>12</stringValue>
                </width>
            </styleProperties>
        </fields>
        <fields>
            <name>Gift_Type</name>
            <choiceReferences>Gift_Type_Selection</choiceReferences>
            <extensionName>flowruntime:choiceLookup</extensionName>
            <fieldText>Gift Type</fieldText>
            <fieldType>ComponentChoice</fieldType>
            <inputsOnNextNavToAssocScrn>UseStoredValues</inputsOnNextNavToAssocScrn>
            <isRequired>true</isRequired>
            <storeOutputAutomatically>true</storeOutputAutomatically>
            <styleProperties>
                <verticalAlignment>
                    <stringValue>top</stringValue>
                </verticalAlignment>
                <width>
                    <stringValue>12</stringValue>
                </width>
            </styleProperties>
        </fields>
        <fields>
            <name>Gift_Reason</name>
            <fieldText>Gift Reason</fieldText>
            <fieldType>LargeTextArea</fieldType>
            <inputsOnNextNavToAssocScrn>UseStoredValues</inputsOnNextNavToAssocScrn>
            <isRequired>true</isRequired>
            <styleProperties>
                <verticalAlignment>
                    <stringValue>top</stringValue>
                </verticalAlignment>
                <width>
                    <stringValue>12</stringValue>
                </width>
            </styleProperties>
        </fields>
        <fields>
            <name>Gift_Delivered_By</name>
            <dataType>Date</dataType>
            <fieldText>Gift Delivered By</fieldText>
            <fieldType>InputField</fieldType>
            <inputsOnNextNavToAssocScrn>UseStoredValues</inputsOnNextNavToAssocScrn>
            <isRequired>true</isRequired>
            <styleProperties>
                <verticalAlignment>
                    <stringValue>top</stringValue>
                </verticalAlignment>
                <width>
                    <stringValue>12</stringValue>
                </width>
            </styleProperties>
        </fields>
        <fields>
            <name>Gift_Send_Address</name>
            <extensionName>flowruntime:address</extensionName>
            <fieldType>ComponentInstance</fieldType>
            <inputParameters>
                <name>addressLabel</name>
                <value>
                    <stringValue>Gift Send Address</stringValue>
                </value>
            </inputParameters>
            <inputParameters>
                <name>required</name>
                <value>
                    <booleanValue>true</booleanValue>
                </value>
            </inputParameters>
            <inputParameters>
                <name>showAddressLookup</name>
                <value>
                    <booleanValue>true</booleanValue>
                </value>
            </inputParameters>
            <inputParameters>
                <name>addressLookupLabel</name>
                <value>
                    <stringValue>Search Address Using Google Maps Search!</stringValue>
                </value>
            </inputParameters>
            <inputsOnNextNavToAssocScrn>UseStoredValues</inputsOnNextNavToAssocScrn>
            <isRequired>true</isRequired>
            <storeOutputAutomatically>true</storeOutputAutomatically>
            <styleProperties>
                <verticalAlignment>
                    <stringValue>top</stringValue>
                </verticalAlignment>
                <width>
                    <stringValue>12</stringValue>
                </width>
            </styleProperties>
        </fields>
        <nextOrFinishButtonLabel>Next</nextOrFinishButtonLabel>
        <showFooter>true</showFooter>
        <showHeader>false</showHeader>
    </screens>
    <screens>
        <name>Hospitality_Request</name>
        <label>Hospitality Request</label>
        <locationX>798</locationX>
        <locationY>242</locationY>
        <allowBack>false</allowBack>
        <allowFinish>true</allowFinish>
        <allowPause>false</allowPause>
        <connector>
            <targetReference>Gift_or_Event</targetReference>
        </connector>
        <fields>
            <name>Record_Type_Selection</name>
            <choiceReferences>Record_Selection</choiceReferences>
            <dataType>String</dataType>
            <fieldText>Gift or Event Tickets?</fieldText>
            <fieldType>DropdownBox</fieldType>
            <inputsOnNextNavToAssocScrn>UseStoredValues</inputsOnNextNavToAssocScrn>
            <isRequired>true</isRequired>
            <styleProperties>
                <verticalAlignment>
                    <stringValue>top</stringValue>
                </verticalAlignment>
                <width>
                    <stringValue>12</stringValue>
                </width>
            </styleProperties>
        </fields>
        <fields>
            <name>Table_tooltip</name>
            <fieldText>&lt;p&gt;&lt;span style=&quot;background-color: rgb(255, 255, 255); color: rgb(0, 0, 0); font-family: Arial, sans-serif; font-size: 10pt;&quot;&gt;If you do not see the event you’d like to send your contact to, it means we do not have a ticket allocation for this event.&amp;nbsp; Create a gift request and select “Non-Standard Event Tickets” as the gift.&lt;/span&gt;&lt;/p&gt;</fieldText>
            <fieldType>DisplayText</fieldType>
            <styleProperties>
                <verticalAlignment>
                    <stringValue>top</stringValue>
                </verticalAlignment>
                <width>
                    <stringValue>12</stringValue>
                </width>
            </styleProperties>
        </fields>
        <fields>
            <name>Event_Table</name>
            <dataTypeMappings>
                <typeName>T</typeName>
                <typeValue>Standard_Event__c</typeValue>
            </dataTypeMappings>
            <extensionName>c:datatable</extensionName>
            <fieldType>ComponentInstance</fieldType>
            <inputParameters>
                <name>displayAll</name>
                <value>
                    <booleanValue>true</booleanValue>
                </value>
            </inputParameters>
            <inputParameters>
                <name>cb_displayAll</name>
                <value>
                    <stringValue>CB_TRUE</stringValue>
                </value>
            </inputParameters>
            <inputParameters>
                <name>objectName</name>
                <value>
                    <stringValue>Standard_Event__c</stringValue>
                </value>
            </inputParameters>
            <inputParameters>
                <name>cb_suppressBottomBar</name>
                <value>
                    <stringValue>CB_FALSE</stringValue>
                </value>
            </inputParameters>
            <inputParameters>
                <name>cb_navigateNextOnSave</name>
                <value>
                    <stringValue>CB_FALSE</stringValue>
                </value>
            </inputParameters>
            <inputParameters>
                <name>columnFields</name>
                <value>
                    <stringValue>Name,Event_Date__c,Ticket_Remaining__c,Venue__c</stringValue>
                </value>
            </inputParameters>
            <inputParameters>
                <name>cb_matchCaseOnFilters</name>
                <value>
                    <stringValue>CB_FALSE</stringValue>
                </value>
            </inputParameters>
            <inputParameters>
                <name>columnWidths</name>
                <value>
                    <stringValue>Name:229, Event_Date__c:229, Ticket_Remaining__c:229, Venue__c:229</stringValue>
                </value>
            </inputParameters>
            <inputParameters>
                <name>singleRowSelection</name>
                <value>
                    <booleanValue>true</booleanValue>
                </value>
            </inputParameters>
            <inputParameters>
                <name>cb_singleRowSelection</name>
                <value>
                    <stringValue>CB_TRUE</stringValue>
                </value>
            </inputParameters>
            <inputParameters>
                <name>cb_isDisplayHeader</name>
                <value>
                    <stringValue>CB_FALSE</stringValue>
                </value>
            </inputParameters>
            <inputParameters>
                <name>cb_isShowSearchBar</name>
                <value>
                    <stringValue>CB_FALSE</stringValue>
                </value>
            </inputParameters>
            <inputParameters>
                <name>cb_isRequired</name>
                <value>
                    <stringValue>CB_FALSE</stringValue>
                </value>
            </inputParameters>
            <inputParameters>
                <name>cb_hideCheckboxColumn</name>
                <value>
                    <stringValue>CB_FALSE</stringValue>
                </value>
            </inputParameters>
            <inputParameters>
                <name>tableData</name>
                <value>
                    <elementReference>Get_Standard_Events</elementReference>
                </value>
            </inputParameters>
            <inputParameters>
                <name>hideHeaderActions</name>
                <value>
                    <booleanValue>true</booleanValue>
                </value>
            </inputParameters>
            <inputParameters>
                <name>cb_hideHeaderActions</name>
                <value>
                    <stringValue>CB_TRUE</stringValue>
                </value>
            </inputParameters>
            <inputsOnNextNavToAssocScrn>UseStoredValues</inputsOnNextNavToAssocScrn>
            <isRequired>true</isRequired>
            <outputParameters>
                <assignToReference>Selected_Standard_Event</assignToReference>
                <name>outputSelectedRow</name>
            </outputParameters>
            <styleProperties>
                <verticalAlignment>
                    <stringValue>top</stringValue>
                </verticalAlignment>
                <width>
                    <stringValue>12</stringValue>
                </width>
            </styleProperties>
        </fields>
        <nextOrFinishButtonLabel>Next</nextOrFinishButtonLabel>
        <showFooter>true</showFooter>
        <showHeader>false</showHeader>
    </screens>
    <start>
        <locationX>672</locationX>
        <locationY>0</locationY>
        <connector>
            <targetReference>Get_Standard_Events</targetReference>
        </connector>
    </start>
    <status>Active</status>
    <textTemplates>
        <name>BodyEvent</name>
        <isViewedAsPlainText>true</isViewedAsPlainText>
        <text>You can access the new approval request here: https://cretemechanicalgroup1--partial.sandbox.lightning.force.com/lightning/r/Hospitality_Request__c/{!Create_Event_Request}/view</text>
    </textTemplates>
    <textTemplates>
        <name>BodyGift</name>
        <isViewedAsPlainText>true</isViewedAsPlainText>
        <text>You can access the new approval request here: https://cretemechanicalgroup1--partial.sandbox.lightning.force.com/lightning/r/Hospitality_Request__c/{!Create_Gift_Request}/view</text>
    </textTemplates>
    <variables>
        <name>HospitalityRequest</name>
        <dataType>SObject</dataType>
        <isCollection>false</isCollection>
        <isInput>false</isInput>
        <isOutput>false</isOutput>
        <objectType>Hospitality_Request__c</objectType>
    </variables>
    <variables>
        <name>recordId</name>
        <dataType>String</dataType>
        <isCollection>false</isCollection>
        <isInput>true</isInput>
        <isOutput>false</isOutput>
    </variables>
    <variables>
        <name>Selected_Standard_Event</name>
        <dataType>SObject</dataType>
        <isCollection>false</isCollection>
        <isInput>true</isInput>
        <isOutput>false</isOutput>
        <objectType>Standard_Event__c</objectType>
    </variables>
    <variables>
        <name>Standard_Events_Collection</name>
        <dataType>SObject</dataType>
        <isCollection>true</isCollection>
        <isInput>false</isInput>
        <isOutput>false</isOutput>
        <objectType>Standard_Event__c</objectType>
    </variables>
</Flow>
