<?xml version="1.0" encoding="UTF-8"?>
<Flow xmlns="http://soap.sforce.com/2006/04/metadata">
    <apiVersion>60.0</apiVersion>
    <areMetricsLoggedToDataCloud>false</areMetricsLoggedToDataCloud>
    <decisions>
        <name>Update_Stage</name>
        <label>Update Stage</label>
        <locationX>314</locationX>
        <locationY>323</locationY>
        <defaultConnectorLabel>Default Outcome</defaultConnectorLabel>
        <rules>
            <name>RSVPs_Responded</name>
            <conditionLogic>and</conditionLogic>
            <conditions>
                <leftValueReference>$Record.Pending_RSVP_Response__c</leftValueReference>
                <operator>EqualTo</operator>
                <rightValue>
                    <numberValue>0.0</numberValue>
                </rightValue>
            </conditions>
            <conditions>
                <leftValueReference>$Record.RSVP_Responses__c</leftValueReference>
                <operator>GreaterThan</operator>
                <rightValue>
                    <numberValue>0.0</numberValue>
                </rightValue>
            </conditions>
            <connector>
                <targetReference>Responded2</targetReference>
            </connector>
            <label>RSVPs Responded</label>
        </rules>
        <rules>
            <name>RSVPs_Sent</name>
            <conditionLogic>and</conditionLogic>
            <conditions>
                <leftValueReference>$Record.RSVPs_Sent__c</leftValueReference>
                <operator>GreaterThan</operator>
                <rightValue>
                    <numberValue>0.0</numberValue>
                </rightValue>
            </conditions>
            <conditions>
                <leftValueReference>$Record.Pending_RSVP_Sent__c</leftValueReference>
                <operator>EqualTo</operator>
                <rightValue>
                    <numberValue>0.0</numberValue>
                </rightValue>
            </conditions>
            <conditions>
                <leftValueReference>$Record.Stage__c</leftValueReference>
                <operator>NotEqualTo</operator>
                <rightValue>
                    <stringValue>RSVPs Responded</stringValue>
                </rightValue>
            </conditions>
            <conditions>
                <leftValueReference>$Record.Stage__c</leftValueReference>
                <operator>NotEqualTo</operator>
                <rightValue>
                    <stringValue>RSVPs Sent</stringValue>
                </rightValue>
            </conditions>
            <connector>
                <targetReference>Sent</targetReference>
            </connector>
            <label>RSVPs Sent</label>
        </rules>
    </decisions>
    <environments>Default</environments>
    <interviewLabel>[Hospitality Request] Update RSVP Stage from Roll-Ups {!$Flow.CurrentDateTime}</interviewLabel>
    <label>[Hospitality Request] Update RSVP Stage from Roll-Ups</label>
    <processMetadataValues>
        <name>BuilderType</name>
        <value>
            <stringValue>LightningFlowBuilder</stringValue>
        </value>
    </processMetadataValues>
    <processMetadataValues>
        <name>CanvasMode</name>
        <value>
            <stringValue>AUTO_LAYOUT_CANVAS</stringValue>
        </value>
    </processMetadataValues>
    <processMetadataValues>
        <name>OriginBuilderType</name>
        <value>
            <stringValue>LightningFlowBuilder</stringValue>
        </value>
    </processMetadataValues>
    <processType>AutoLaunchedFlow</processType>
    <recordUpdates>
        <name>Responded2</name>
        <label>Responded</label>
        <locationX>50</locationX>
        <locationY>431</locationY>
        <inputAssignments>
            <field>Stage__c</field>
            <value>
                <stringValue>RSVPs Responded</stringValue>
            </value>
        </inputAssignments>
        <inputReference>$Record</inputReference>
    </recordUpdates>
    <recordUpdates>
        <name>Sent</name>
        <label>Sent</label>
        <locationX>314</locationX>
        <locationY>431</locationY>
        <inputAssignments>
            <field>Stage__c</field>
            <value>
                <stringValue>RSVPs Sent</stringValue>
            </value>
        </inputAssignments>
        <inputReference>$Record</inputReference>
    </recordUpdates>
    <start>
        <locationX>188</locationX>
        <locationY>0</locationY>
        <connector>
            <targetReference>Update_Stage</targetReference>
        </connector>
        <filterLogic>or</filterLogic>
        <filters>
            <field>Stage__c</field>
            <operator>EqualTo</operator>
            <value>
                <stringValue>Approved</stringValue>
            </value>
        </filters>
        <filters>
            <field>Stage__c</field>
            <operator>EqualTo</operator>
            <value>
                <stringValue>Partially Approved</stringValue>
            </value>
        </filters>
        <filters>
            <field>Stage__c</field>
            <operator>EqualTo</operator>
            <value>
                <stringValue>RSVPs Sent</stringValue>
            </value>
        </filters>
        <object>Hospitality_Request__c</object>
        <recordTriggerType>Update</recordTriggerType>
        <triggerType>RecordAfterSave</triggerType>
    </start>
    <status>Active</status>
</Flow>
