<?xml version="1.0" encoding="UTF-8"?>
<Flow xmlns="http://soap.sforce.com/2006/04/metadata">
    <actionCalls>
        <name>Send_Notification_Of_New_RFP</name>
        <label>Send Notification Of New RFP</label>
        <locationX>176</locationX>
        <locationY>323</locationY>
        <actionName>National_Estimating_RFP__c.National_Estimating_RFP_New_RFP_Alert</actionName>
        <actionType>emailAlert</actionType>
        <flowTransactionModel>CurrentTransaction</flowTransactionModel>
        <inputParameters>
            <name>SObjectRowId</name>
            <value>
                <elementReference>$Record.Id</elementReference>
            </value>
        </inputParameters>
        <nameSegment>National_Estimating_RFP__c.National_Estimating_RFP_New_RFP_Alert</nameSegment>
    </actionCalls>
    <apiVersion>61.0</apiVersion>
    <areMetricsLoggedToDataCloud>false</areMetricsLoggedToDataCloud>
    <description>Sends an email to Mike B (team to come) when a national estimation is needed.</description>
    <environments>Default</environments>
    <interviewLabel>[National Estimating RFP] RTF {!$Flow.CurrentDateTime}</interviewLabel>
    <label>[National Estimating RFP] RTF On Create</label>
    <processMetadataValues>
        <name>BuilderType</name>
        <value>
            <stringValue>LightningFlowBuilder</stringValue>
        </value>
    </processMetadataValues>
    <processMetadataValues>
        <name>CanvasMode</name>
        <value>
            <stringValue>AUTO_LAYOUT_CANVAS</stringValue>
        </value>
    </processMetadataValues>
    <processMetadataValues>
        <name>OriginBuilderType</name>
        <value>
            <stringValue>LightningFlowBuilder</stringValue>
        </value>
    </processMetadataValues>
    <processType>AutoLaunchedFlow</processType>
    <start>
        <locationX>50</locationX>
        <locationY>0</locationY>
        <connector>
            <targetReference>Send_Notification_Of_New_RFP</targetReference>
        </connector>
        <object>National_Estimating_RFP__c</object>
        <recordTriggerType>Create</recordTriggerType>
        <triggerType>RecordAfterSave</triggerType>
    </start>
    <status>Active</status>
</Flow>
