<?xml version="1.0" encoding="UTF-8"?>
<Flow xmlns="http://soap.sforce.com/2006/04/metadata">
    <apiVersion>61.0</apiVersion>
    <areMetricsLoggedToDataCloud>false</areMetricsLoggedToDataCloud>
    <decisions>
        <name>Does_Record_exist</name>
        <label>Does Record exist?</label>
        <locationX>182</locationX>
        <locationY>431</locationY>
        <defaultConnectorLabel>Yes</defaultConnectorLabel>
        <rules>
            <name>No</name>
            <conditionLogic>and</conditionLogic>
            <conditions>
                <leftValueReference>Get_Opportunity_Team_Member</leftValueReference>
                <operator>IsBlank</operator>
                <rightValue>
                    <booleanValue>true</booleanValue>
                </rightValue>
            </conditions>
            <connector>
                <targetReference>Crete_Opp_Team_Member_Quarterback</targetReference>
            </connector>
            <label>No Opp Team</label>
        </rules>
    </decisions>
    <environments>Default</environments>
    <interviewLabel>{Opportunity} Create Team Member {!$Flow.CurrentDateTime}</interviewLabel>
    <label>{Opportunity} Create Team Member</label>
    <processMetadataValues>
        <name>BuilderType</name>
        <value>
            <stringValue>LightningFlowBuilder</stringValue>
        </value>
    </processMetadataValues>
    <processMetadataValues>
        <name>CanvasMode</name>
        <value>
            <stringValue>AUTO_LAYOUT_CANVAS</stringValue>
        </value>
    </processMetadataValues>
    <processMetadataValues>
        <name>OriginBuilderType</name>
        <value>
            <stringValue>LightningFlowBuilder</stringValue>
        </value>
    </processMetadataValues>
    <processType>AutoLaunchedFlow</processType>
    <recordCreates>
        <name>Crete_Opp_Team_Member_Quarterback</name>
        <label>Crete Opp Team Member Quarterback</label>
        <locationX>50</locationX>
        <locationY>539</locationY>
        <inputAssignments>
            <field>OpportunityId</field>
            <value>
                <elementReference>$Record.Id</elementReference>
            </value>
        </inputAssignments>
        <inputAssignments>
            <field>TeamMemberRole</field>
            <value>
                <stringValue>Opportunity Quarterback</stringValue>
            </value>
        </inputAssignments>
        <inputAssignments>
            <field>UserId</field>
            <value>
                <elementReference>$Record.OwnerId</elementReference>
            </value>
        </inputAssignments>
        <object>OpportunityTeamMember</object>
        <storeOutputAutomatically>true</storeOutputAutomatically>
    </recordCreates>
    <recordLookups>
        <name>Get_Opportunity_Team_Member</name>
        <label>Get Opportunity Team Member</label>
        <locationX>182</locationX>
        <locationY>323</locationY>
        <assignNullValuesIfNoRecordsFound>false</assignNullValuesIfNoRecordsFound>
        <connector>
            <targetReference>Does_Record_exist</targetReference>
        </connector>
        <filterLogic>1 AND (2 OR 3)</filterLogic>
        <filters>
            <field>OpportunityId</field>
            <operator>EqualTo</operator>
            <value>
                <elementReference>$Record.Id</elementReference>
            </value>
        </filters>
        <filters>
            <field>TeamMemberRole</field>
            <operator>EqualTo</operator>
            <value>
                <stringValue>Initiator of Opportunity</stringValue>
            </value>
        </filters>
        <filters>
            <field>TeamMemberRole</field>
            <operator>EqualTo</operator>
            <value>
                <stringValue>Opportunity Quarterback</stringValue>
            </value>
        </filters>
        <getFirstRecordOnly>true</getFirstRecordOnly>
        <object>OpportunityTeamMember</object>
        <storeOutputAutomatically>true</storeOutputAutomatically>
    </recordLookups>
    <start>
        <locationX>56</locationX>
        <locationY>0</locationY>
        <connector>
            <targetReference>Get_Opportunity_Team_Member</targetReference>
        </connector>
        <filterLogic>and</filterLogic>
        <filters>
            <field>OwnerId</field>
            <operator>IsChanged</operator>
            <value>
                <booleanValue>true</booleanValue>
            </value>
        </filters>
        <object>Opportunity</object>
        <recordTriggerType>Update</recordTriggerType>
        <triggerType>RecordAfterSave</triggerType>
    </start>
    <status>Active</status>
</Flow>
