<?xml version="1.0" encoding="UTF-8"?>
<Flow xmlns="http://soap.sforce.com/2006/04/metadata">
    <actionCalls>
        <name>Generate_AHA_TBO</name>
        <label>Generate AHA - TBO</label>
        <locationX>50</locationX>
        <locationY>350</locationY>
        <actionName>webm__WebmergeGenerator</actionName>
        <actionType>apex</actionType>
        <connector>
            <targetReference>Upload_Files</targetReference>
        </connector>
        <flowTransactionModel>Automatic</flowTransactionModel>
        <inputParameters>
            <name>sfRecordId</name>
            <value>
                <elementReference>Var_OppID</elementReference>
            </value>
        </inputParameters>
        <inputParameters>
            <name>wmMappingId</name>
            <value>
                <stringValue>a2GUw000000f2VhMAI</stringValue>
            </value>
        </inputParameters>
        <nameSegment>webm__WebmergeGenerator</nameSegment>
        <offset>0</offset>
    </actionCalls>
    <actionCalls>
        <name>Generate_BCPS_SLME</name>
        <label>Generate BCPS SLME</label>
        <locationX>314</locationX>
        <locationY>350</locationY>
        <actionName>webm__WebmergeGenerator</actionName>
        <actionType>apex</actionType>
        <connector>
            <targetReference>Upload_Files</targetReference>
        </connector>
        <flowTransactionModel>Automatic</flowTransactionModel>
        <inputParameters>
            <name>sfRecordId</name>
            <value>
                <elementReference>Var_OppID</elementReference>
            </value>
        </inputParameters>
        <inputParameters>
            <name>wmMappingId</name>
            <value>
                <stringValue>a2GUw000000f2YvMAI</stringValue>
            </value>
        </inputParameters>
        <nameSegment>webm__WebmergeGenerator</nameSegment>
        <offset>0</offset>
    </actionCalls>
    <actionCalls>
        <name>Generate_IAP_Proposal</name>
        <label>Generate IAP Proposal</label>
        <locationX>578</locationX>
        <locationY>350</locationY>
        <actionName>webm__WebmergeGenerator</actionName>
        <actionType>apex</actionType>
        <connector>
            <targetReference>Upload_Files</targetReference>
        </connector>
        <flowTransactionModel>Automatic</flowTransactionModel>
        <inputParameters>
            <name>sfRecordId</name>
            <value>
                <elementReference>Var_OppID</elementReference>
            </value>
        </inputParameters>
        <inputParameters>
            <name>wmMappingId</name>
            <value>
                <stringValue>a2GUw000000f2U5MAI</stringValue>
            </value>
        </inputParameters>
        <nameSegment>webm__WebmergeGenerator</nameSegment>
        <offset>0</offset>
    </actionCalls>
    <actionCalls>
        <name>Generate_Standard_Commercial_L_M</name>
        <label>Generate Standard Commercial L&amp;M</label>
        <locationX>1106</locationX>
        <locationY>350</locationY>
        <actionName>webm__WebmergeGenerator</actionName>
        <actionType>apex</actionType>
        <connector>
            <targetReference>Upload_Files</targetReference>
        </connector>
        <flowTransactionModel>Automatic</flowTransactionModel>
        <inputParameters>
            <name>sfRecordId</name>
            <value>
                <elementReference>Var_OppID</elementReference>
            </value>
        </inputParameters>
        <inputParameters>
            <name>wmMappingId</name>
            <value>
                <stringValue>a2GUw000000eqJFMAY</stringValue>
            </value>
        </inputParameters>
        <nameSegment>webm__WebmergeGenerator</nameSegment>
        <offset>0</offset>
    </actionCalls>
    <actionCalls>
        <name>Generate_Standard_Commercial_LME</name>
        <label>Generate Standard Commercial LME</label>
        <locationX>1898</locationX>
        <locationY>350</locationY>
        <actionName>webm__WebmergeGenerator</actionName>
        <actionType>apex</actionType>
        <connector>
            <targetReference>Upload_Files</targetReference>
        </connector>
        <flowTransactionModel>Automatic</flowTransactionModel>
        <inputParameters>
            <name>sfRecordId</name>
            <value>
                <elementReference>Var_OppID</elementReference>
            </value>
        </inputParameters>
        <inputParameters>
            <name>wmMappingId</name>
            <value>
                <stringValue>a2GUw000000erTpMAI</stringValue>
            </value>
        </inputParameters>
        <nameSegment>webm__WebmergeGenerator</nameSegment>
        <offset>0</offset>
    </actionCalls>
    <actionCalls>
        <name>Generate_Standard_Commercial_Quote</name>
        <label>Generate Standard Commercial Quote</label>
        <locationX>1370</locationX>
        <locationY>350</locationY>
        <actionName>webm__WebmergeGenerator</actionName>
        <actionType>apex</actionType>
        <connector>
            <targetReference>Upload_Files</targetReference>
        </connector>
        <flowTransactionModel>Automatic</flowTransactionModel>
        <inputParameters>
            <name>sfRecordId</name>
            <value>
                <elementReference>Var_OppID</elementReference>
            </value>
        </inputParameters>
        <inputParameters>
            <name>wmMappingId</name>
            <value>
                <stringValue>a2GUw000000erVRMAY</stringValue>
            </value>
        </inputParameters>
        <nameSegment>webm__WebmergeGenerator</nameSegment>
        <offset>0</offset>
    </actionCalls>
    <actionCalls>
        <name>Generate_Standard_Commercial_T_M</name>
        <label>Generate Standard Commercial T&amp;M</label>
        <locationX>1634</locationX>
        <locationY>350</locationY>
        <actionName>webm__WebmergeGenerator</actionName>
        <actionType>apex</actionType>
        <connector>
            <targetReference>Upload_Files</targetReference>
        </connector>
        <flowTransactionModel>Automatic</flowTransactionModel>
        <inputParameters>
            <name>sfRecordId</name>
            <value>
                <elementReference>Var_OppID</elementReference>
            </value>
        </inputParameters>
        <inputParameters>
            <name>wmMappingId</name>
            <value>
                <stringValue>a2GUw000000f2XJMAY</stringValue>
            </value>
        </inputParameters>
        <nameSegment>webm__WebmergeGenerator</nameSegment>
        <offset>0</offset>
    </actionCalls>
    <actionCalls>
        <name>GenerateStandard_Commercial_Budget</name>
        <label>GenerateStandard Commercial Budget</label>
        <locationX>842</locationX>
        <locationY>350</locationY>
        <actionName>webm__WebmergeGenerator</actionName>
        <actionType>apex</actionType>
        <connector>
            <targetReference>Upload_Files</targetReference>
        </connector>
        <flowTransactionModel>Automatic</flowTransactionModel>
        <inputParameters>
            <name>sfRecordId</name>
            <value>
                <elementReference>Var_OppID</elementReference>
            </value>
        </inputParameters>
        <inputParameters>
            <name>wmMappingId</name>
            <value>
                <stringValue>a2GUw000000eqCnMAI</stringValue>
            </value>
        </inputParameters>
        <nameSegment>webm__WebmergeGenerator</nameSegment>
        <offset>0</offset>
    </actionCalls>
    <actionCalls>
        <name>Send_Email</name>
        <label>Send Email</label>
        <locationX>1917</locationX>
        <locationY>3644</locationY>
        <actionName>SendBetterEmail</actionName>
        <actionType>apex</actionType>
        <connector>
            <targetReference>Create_Followup_Task</targetReference>
        </connector>
        <flowTransactionModel>Automatic</flowTransactionModel>
        <inputParameters>
            <name>cb_saveAsActivity</name>
            <value>
                <stringValue>CB_TRUE</stringValue>
            </value>
        </inputParameters>
        <inputParameters>
            <name>cb_saveAsTask</name>
            <value>
                <stringValue>CB_FALSE</stringValue>
            </value>
        </inputParameters>
        <inputParameters>
            <name>contentDocumentAttachments</name>
            <value>
                <elementReference>Get_Documents_To_Attach</elementReference>
            </value>
        </inputParameters>
        <inputParameters>
            <name>HTMLbody</name>
            <value>
                <elementReference>Body</elementReference>
            </value>
        </inputParameters>
        <inputParameters>
            <name>orgWideEmailAddressId</name>
        </inputParameters>
        <inputParameters>
            <name>recordId</name>
            <value>
                <elementReference>Var_OppID</elementReference>
            </value>
        </inputParameters>
        <inputParameters>
            <name>replyEmailAddress</name>
            <value>
                <elementReference>FM_email</elementReference>
            </value>
        </inputParameters>
        <inputParameters>
            <name>saveAsActivity</name>
            <value>
                <booleanValue>true</booleanValue>
            </value>
        </inputParameters>
        <inputParameters>
            <name>saveAsTask</name>
            <value>
                <booleanValue>false</booleanValue>
            </value>
        </inputParameters>
        <inputParameters>
            <name>SendCCthisOneEmailAddress</name>
        </inputParameters>
        <inputParameters>
            <name>SendCCthisStringCollectionOfEmailAddresses</name>
            <value>
                <elementReference>CCRecordIDCollection</elementReference>
            </value>
        </inputParameters>
        <inputParameters>
            <name>senderDisplayName</name>
            <value>
                <elementReference>FM_EmailDisplayName</elementReference>
            </value>
        </inputParameters>
        <inputParameters>
            <name>SendTOtheEmailAddressesFromThisCollectionOfContacts</name>
            <value>
                <elementReference>Var_ChosenContacts</elementReference>
            </value>
        </inputParameters>
        <inputParameters>
            <name>subject</name>
            <value>
                <elementReference>Subject_Line</elementReference>
            </value>
        </inputParameters>
        <inputParameters>
            <name>templateTargetObjectId</name>
        </inputParameters>
        <nameSegment>SendBetterEmail</nameSegment>
        <offset>0</offset>
        <storeOutputAutomatically>true</storeOutputAutomatically>
    </actionCalls>
    <apiVersion>62.0</apiVersion>
    <areMetricsLoggedToDataCloud>false</areMetricsLoggedToDataCloud>
    <assignments>
        <name>Add_Assign_Var_SelectedFilesMV</name>
        <label>Add Assign Var_SelectedFilesMV</label>
        <locationX>1367</locationX>
        <locationY>2138</locationY>
        <assignmentItems>
            <assignToReference>Var_SelectedFilesMV</assignToReference>
            <operator>Add</operator>
            <value>
                <elementReference>Var_FilesSingleHolder</elementReference>
            </value>
        </assignmentItems>
        <assignmentItems>
            <assignToReference>Var_SelectedFilesToProcess</assignToReference>
            <operator>Assign</operator>
            <value>
                <elementReference>FM_SelectedFileToProcess</elementReference>
            </value>
        </assignmentItems>
        <connector>
            <isGoTo>true</isGoTo>
            <targetReference>Decision_3</targetReference>
        </connector>
    </assignments>
    <assignments>
        <name>Add_CC_To_Collection</name>
        <label>Add CC To Collection</label>
        <locationX>1763</locationX>
        <locationY>3086</locationY>
        <assignmentItems>
            <assignToReference>CCRecordIDCollection</assignToReference>
            <operator>Add</operator>
            <value>
                <elementReference>FirstCCid</elementReference>
            </value>
        </assignmentItems>
        <assignmentItems>
            <assignToReference>Var_CC_holder</assignToReference>
            <operator>Assign</operator>
            <value>
                <elementReference>RemoveFirstCCid</elementReference>
            </value>
        </assignmentItems>
        <connector>
            <targetReference>Error</targetReference>
        </connector>
    </assignments>
    <assignments>
        <name>Add_Sender_To_EMAILCSV</name>
        <label>Add Sender To EMAILCSV</label>
        <locationX>1917</locationX>
        <locationY>2654</locationY>
        <assignmentItems>
            <assignToReference>EmailListCSV</assignToReference>
            <operator>Add</operator>
            <value>
                <elementReference>FM_email</elementReference>
            </value>
        </assignmentItems>
        <assignmentItems>
            <assignToReference>Var_ToEmailCollection</assignToReference>
            <operator>Add</operator>
            <value>
                <elementReference>Get_Contacts</elementReference>
            </value>
        </assignmentItems>
        <connector>
            <targetReference>Any_CC_s</targetReference>
        </connector>
    </assignments>
    <assignments>
        <name>Add_to_collection</name>
        <label>Add to collection</label>
        <locationX>1372</locationX>
        <locationY>1814</locationY>
        <assignmentItems>
            <assignToReference>RecordIDCollection</assignToReference>
            <operator>Add</operator>
            <value>
                <elementReference>FM_FirstID</elementReference>
            </value>
        </assignmentItems>
        <assignmentItems>
            <assignToReference>Var_SelectedFilesToProcess</assignToReference>
            <operator>Assign</operator>
            <value>
                <elementReference>FM_RemoveFirstID</elementReference>
            </value>
        </assignmentItems>
        <connector>
            <targetReference>are_there_other_Values</targetReference>
        </connector>
    </assignments>
    <assignments>
        <name>Assignment_3</name>
        <label>Set var_chosenContacts</label>
        <locationX>2005</locationX>
        <locationY>2462</locationY>
        <assignmentItems>
            <assignToReference>Var_ChosenContacts</assignToReference>
            <operator>Add</operator>
            <value>
                <elementReference>Get_Contacts</elementReference>
            </value>
        </assignmentItems>
        <connector>
            <targetReference>Email_Loop</targetReference>
        </connector>
    </assignments>
    <assignments>
        <name>Clear_Get_all_Document_Links</name>
        <label>Clear Get all Document Links</label>
        <locationX>839</locationX>
        <locationY>1706</locationY>
        <assignmentItems>
            <assignToReference>Get_All_Document_Links</assignToReference>
            <operator>RemoveAll</operator>
            <value>
                <elementReference>Get_All_Document_Links</elementReference>
            </value>
        </assignmentItems>
        <assignmentItems>
            <assignToReference>Var_FlowHelperValues</assignToReference>
            <operator>RemoveAll</operator>
            <value>
                <elementReference>Var_FlowHelperValues</elementReference>
            </value>
        </assignmentItems>
        <connector>
            <isGoTo>true</isGoTo>
            <targetReference>Get_All_Document_Links</targetReference>
        </connector>
    </assignments>
    <assignments>
        <name>Create_Var_CC</name>
        <label>Create Var_CC</label>
        <locationX>1763</locationX>
        <locationY>2870</locationY>
        <assignmentItems>
            <assignToReference>Var_CC_holder</assignToReference>
            <operator>Assign</operator>
            <value>
                <elementReference>CC</elementReference>
            </value>
        </assignmentItems>
        <assignmentItems>
            <assignToReference>Var_CC_holder</assignToReference>
            <operator>Add</operator>
            <value>
                <stringValue>;</stringValue>
            </value>
        </assignmentItems>
        <connector>
            <targetReference>temp_assign</targetReference>
        </connector>
    </assignments>
    <assignments>
        <name>Get_Content_Document_Details</name>
        <label>Get Content Document Details</label>
        <locationX>1194</locationX>
        <locationY>1190</locationY>
        <assignmentItems>
            <assignToReference>Var_LoopSingleHolder.File_Name__c</assignToReference>
            <operator>Assign</operator>
            <value>
                <elementReference>Get_Content_Document.Title</elementReference>
            </value>
        </assignmentItems>
        <assignmentItems>
            <assignToReference>Var_LoopSingleHolder.FileID__c</assignToReference>
            <operator>Assign</operator>
            <value>
                <elementReference>Set_URL_Loop.Id</elementReference>
            </value>
        </assignmentItems>
        <assignmentItems>
            <assignToReference>Var_LoopSingleHolder.File_URL__c</assignToReference>
            <operator>Assign</operator>
            <value>
                <elementReference>FM_loopURL</elementReference>
            </value>
        </assignmentItems>
        <assignmentItems>
            <assignToReference>Var_LoopSingleHolder.ContentDocumentLinkId__c</assignToReference>
            <operator>Assign</operator>
            <value>
                <elementReference>Set_URL_Loop.Id</elementReference>
            </value>
        </assignmentItems>
        <connector>
            <targetReference>Set_VarFlowHelperValues</targetReference>
        </connector>
    </assignments>
    <assignments>
        <name>Set_Var_SelectedFiles</name>
        <label>Set Var_SelectedFiles</label>
        <locationX>1372</locationX>
        <locationY>1706</locationY>
        <assignmentItems>
            <assignToReference>RemoveVar_SelectedFiles</assignToReference>
            <operator>Add</operator>
            <value>
                <elementReference>Available_Files_To_Attach</elementReference>
            </value>
        </assignmentItems>
        <assignmentItems>
            <assignToReference>Var_SelectedFileLoop</assignToReference>
            <operator>Assign</operator>
            <value>
                <elementReference>FM_SelectedFileToProcess</elementReference>
            </value>
        </assignmentItems>
        <assignmentItems>
            <assignToReference>Var_SelectedFilesToProcess</assignToReference>
            <operator>Add</operator>
            <value>
                <elementReference>Available_Files_To_Attach</elementReference>
            </value>
        </assignmentItems>
        <assignmentItems>
            <assignToReference>Var_SelectedFilesToProcess</assignToReference>
            <operator>Add</operator>
            <value>
                <stringValue>;</stringValue>
            </value>
        </assignmentItems>
        <connector>
            <targetReference>Add_to_collection</targetReference>
        </connector>
    </assignments>
    <assignments>
        <name>Set_VarFlowHelperValues</name>
        <label>Set VarFlowHelperValues</label>
        <locationX>1194</locationX>
        <locationY>1298</locationY>
        <assignmentItems>
            <assignToReference>Var_FlowHelperValues</assignToReference>
            <operator>Add</operator>
            <value>
                <elementReference>Var_LoopSingleHolder</elementReference>
            </value>
        </assignmentItems>
        <connector>
            <targetReference>Set_URL_Loop</targetReference>
        </connector>
    </assignments>
    <assignments>
        <name>temp_assign</name>
        <label>temp assign</label>
        <locationX>1763</locationX>
        <locationY>2978</locationY>
        <assignmentItems>
            <assignToReference>Test_varfirstid</assignToReference>
            <operator>Assign</operator>
            <value>
                <elementReference>FM_FirstID</elementReference>
            </value>
        </assignmentItems>
        <assignmentItems>
            <assignToReference>test_remove1st</assignToReference>
            <operator>Assign</operator>
            <value>
                <elementReference>FM_RemoveFirstID</elementReference>
            </value>
        </assignmentItems>
        <connector>
            <targetReference>Add_CC_To_Collection</targetReference>
        </connector>
    </assignments>
    <choices>
        <name>AHA_TBO</name>
        <choiceText>AHA - TBO</choiceText>
        <dataType>String</dataType>
        <value>
            <stringValue>AHA - TBO</stringValue>
        </value>
    </choices>
    <choices>
        <name>BCPS_SLME</name>
        <choiceText>BCPS SLME</choiceText>
        <dataType>String</dataType>
        <value>
            <stringValue>BCPS SLME</stringValue>
        </value>
    </choices>
    <choices>
        <name>IAP_Proposal</name>
        <choiceText>IAP Proposal</choiceText>
        <dataType>String</dataType>
        <value>
            <stringValue> IAP Proposal</stringValue>
        </value>
    </choices>
    <choices>
        <name>Standard_Commercial_Budget</name>
        <choiceText>Standard Commercial Budget</choiceText>
        <dataType>String</dataType>
        <value>
            <stringValue>Standard Commercial Budget</stringValue>
        </value>
    </choices>
    <choices>
        <name>Standard_Commercial_L_M</name>
        <choiceText>Standard Commercial L&amp;M</choiceText>
        <dataType>String</dataType>
        <value>
            <stringValue>Standard Commercial L&amp;M</stringValue>
        </value>
    </choices>
    <choices>
        <name>Standard_Commercial_LME</name>
        <choiceText>Standard Commercial LME</choiceText>
        <dataType>String</dataType>
        <value>
            <stringValue>Standard Commercial LME</stringValue>
        </value>
    </choices>
    <choices>
        <name>Standard_Commercial_Quote</name>
        <choiceText>Standard Commercial Quote</choiceText>
        <dataType>String</dataType>
        <value>
            <stringValue>Standard Commercial Quote</stringValue>
        </value>
    </choices>
    <choices>
        <name>Standard_Commercial_T_M</name>
        <choiceText>Standard Commercial T&amp;M</choiceText>
        <dataType>String</dataType>
        <value>
            <stringValue>Standard Commercial T&amp;M</stringValue>
        </value>
    </choices>
    <decisions>
        <name>Any_CC_s</name>
        <label>Any CC&apos;s?</label>
        <locationX>1917</locationX>
        <locationY>2762</locationY>
        <defaultConnector>
            <targetReference>Send_Email</targetReference>
        </defaultConnector>
        <defaultConnectorLabel>Default Outcome</defaultConnectorLabel>
        <rules>
            <name>Yes_CC_s</name>
            <conditionLogic>and</conditionLogic>
            <conditions>
                <leftValueReference>CC</leftValueReference>
                <operator>IsBlank</operator>
                <rightValue>
                    <booleanValue>false</booleanValue>
                </rightValue>
            </conditions>
            <connector>
                <targetReference>Create_Var_CC</targetReference>
            </connector>
            <label>Yes CC&apos;s</label>
        </rules>
    </decisions>
    <decisions>
        <name>are_there_other_Values</name>
        <label>are there other Values</label>
        <locationX>1372</locationX>
        <locationY>1922</locationY>
        <defaultConnector>
            <targetReference>Decision_3</targetReference>
        </defaultConnector>
        <defaultConnectorLabel>Default Outcome</defaultConnectorLabel>
        <rules>
            <name>Yes_There_are_other_Values</name>
            <conditionLogic>and</conditionLogic>
            <conditions>
                <leftValueReference>Var_SelectedFilesToProcess</leftValueReference>
                <operator>NotEqualTo</operator>
            </conditions>
            <connector>
                <isGoTo>true</isGoTo>
                <targetReference>Add_to_collection</targetReference>
            </connector>
            <label>Yes There are other Values</label>
        </rules>
    </decisions>
    <decisions>
        <name>Decision_3</name>
        <label>Decision 3{!Var_SelectedFiles}</label>
        <locationX>1642</locationX>
        <locationY>2030</locationY>
        <defaultConnector>
            <targetReference>Get_Documents_To_Attach</targetReference>
        </defaultConnector>
        <defaultConnectorLabel>Default Outcome</defaultConnectorLabel>
        <rules>
            <name>Has_Value</name>
            <conditionLogic>and</conditionLogic>
            <conditions>
                <leftValueReference>Var_SelectedFilesToProcess</leftValueReference>
                <operator>Contains</operator>
                <rightValue>
                    <stringValue>06</stringValue>
                </rightValue>
            </conditions>
            <connector>
                <targetReference>Add_Assign_Var_SelectedFilesMV</targetReference>
            </connector>
            <label>Has Value</label>
        </rules>
    </decisions>
    <decisions>
        <name>Is_Refresh_Checked</name>
        <label>Is Refresh Checked</label>
        <locationX>1106</locationX>
        <locationY>1598</locationY>
        <defaultConnector>
            <targetReference>Set_Var_SelectedFiles</targetReference>
        </defaultConnector>
        <defaultConnectorLabel>Default Outcome</defaultConnectorLabel>
        <rules>
            <name>Yes_Refresh_Is_Checked</name>
            <conditionLogic>and</conditionLogic>
            <conditions>
                <leftValueReference>Refresh</leftValueReference>
                <operator>EqualTo</operator>
                <rightValue>
                    <booleanValue>true</booleanValue>
                </rightValue>
            </conditions>
            <connector>
                <targetReference>Clear_Get_all_Document_Links</targetReference>
            </connector>
            <label>Yes Refresh Is Checked</label>
        </rules>
    </decisions>
    <decisions>
        <name>Other_CC_s_to_process</name>
        <label>Other CC&apos;s to process</label>
        <locationX>1763</locationX>
        <locationY>3302</locationY>
        <defaultConnector>
            <targetReference>Send_Email</targetReference>
        </defaultConnector>
        <defaultConnectorLabel>Default Outcome</defaultConnectorLabel>
        <rules>
            <name>yes_More_CC_s</name>
            <conditionLogic>and</conditionLogic>
            <conditions>
                <leftValueReference>Var_CC_holder</leftValueReference>
                <operator>NotEqualTo</operator>
                <rightValue>
                    <stringValue>,</stringValue>
                </rightValue>
            </conditions>
            <conditions>
                <leftValueReference>Var_CC_holder</leftValueReference>
                <operator>NotEqualTo</operator>
                <rightValue>
                    <stringValue>;</stringValue>
                </rightValue>
            </conditions>
            <conditions>
                <leftValueReference>Var_CC_holder</leftValueReference>
                <operator>IsBlank</operator>
                <rightValue>
                    <booleanValue>false</booleanValue>
                </rightValue>
            </conditions>
            <connector>
                <isGoTo>true</isGoTo>
                <targetReference>Add_CC_To_Collection</targetReference>
            </connector>
            <label>yes More CC&apos;s</label>
        </rules>
    </decisions>
    <decisions>
        <name>What_Document_Was_Choosen</name>
        <label>What Document Was Choosen?</label>
        <locationX>1106</locationX>
        <locationY>242</locationY>
        <defaultConnector>
            <targetReference>Upload_Files</targetReference>
        </defaultConnector>
        <defaultConnectorLabel>Default Outcome</defaultConnectorLabel>
        <rules>
            <name>AHA_TBO_Chosen</name>
            <conditionLogic>and</conditionLogic>
            <conditions>
                <leftValueReference>What_document_do_you_want_to_use</leftValueReference>
                <operator>EqualTo</operator>
                <rightValue>
                    <elementReference>AHA_TBO</elementReference>
                </rightValue>
            </conditions>
            <connector>
                <targetReference>Generate_AHA_TBO</targetReference>
            </connector>
            <label>AHA - TBO Chosen</label>
        </rules>
        <rules>
            <name>BCPS_SLME_Chosen</name>
            <conditionLogic>and</conditionLogic>
            <conditions>
                <leftValueReference>What_document_do_you_want_to_use</leftValueReference>
                <operator>EqualTo</operator>
                <rightValue>
                    <elementReference>BCPS_SLME</elementReference>
                </rightValue>
            </conditions>
            <connector>
                <targetReference>Generate_BCPS_SLME</targetReference>
            </connector>
            <label>BCPS_SLME Chosen</label>
        </rules>
        <rules>
            <name>IAP_Proposal_Chosen</name>
            <conditionLogic>and</conditionLogic>
            <conditions>
                <leftValueReference>What_document_do_you_want_to_use</leftValueReference>
                <operator>EqualTo</operator>
                <rightValue>
                    <elementReference>IAP_Proposal</elementReference>
                </rightValue>
            </conditions>
            <connector>
                <targetReference>Generate_IAP_Proposal</targetReference>
            </connector>
            <label>IAP Proposal Chosen</label>
        </rules>
        <rules>
            <name>Standard_Commercial_Budget_Chosen</name>
            <conditionLogic>and</conditionLogic>
            <conditions>
                <leftValueReference>What_document_do_you_want_to_use</leftValueReference>
                <operator>EqualTo</operator>
                <rightValue>
                    <elementReference>Standard_Commercial_Budget</elementReference>
                </rightValue>
            </conditions>
            <connector>
                <targetReference>GenerateStandard_Commercial_Budget</targetReference>
            </connector>
            <label>Standard Commercial Budget Chosen</label>
        </rules>
        <rules>
            <name>Standard_Commercial_L_M_Chosen</name>
            <conditionLogic>and</conditionLogic>
            <conditions>
                <leftValueReference>What_document_do_you_want_to_use</leftValueReference>
                <operator>EqualTo</operator>
                <rightValue>
                    <elementReference>Standard_Commercial_L_M</elementReference>
                </rightValue>
            </conditions>
            <connector>
                <targetReference>Generate_Standard_Commercial_L_M</targetReference>
            </connector>
            <label>Standard Commercial L&amp;M Chosen</label>
        </rules>
        <rules>
            <name>Standard_Commercial_Quote_Chosen</name>
            <conditionLogic>and</conditionLogic>
            <conditions>
                <leftValueReference>What_document_do_you_want_to_use</leftValueReference>
                <operator>EqualTo</operator>
                <rightValue>
                    <elementReference>Standard_Commercial_Quote</elementReference>
                </rightValue>
            </conditions>
            <connector>
                <targetReference>Generate_Standard_Commercial_Quote</targetReference>
            </connector>
            <label>Standard Commercial Quote Chosen</label>
        </rules>
        <rules>
            <name>Standard_Commercial_T_M_Chosen</name>
            <conditionLogic>and</conditionLogic>
            <conditions>
                <leftValueReference>What_document_do_you_want_to_use</leftValueReference>
                <operator>EqualTo</operator>
                <rightValue>
                    <elementReference>Standard_Commercial_T_M</elementReference>
                </rightValue>
            </conditions>
            <connector>
                <targetReference>Generate_Standard_Commercial_T_M</targetReference>
            </connector>
            <label>Standard Commercial T&amp;M Chosen</label>
        </rules>
        <rules>
            <name>Standard_Commercial_LME_Chosen</name>
            <conditionLogic>and</conditionLogic>
            <conditions>
                <leftValueReference>What_document_do_you_want_to_use</leftValueReference>
                <operator>EqualTo</operator>
                <rightValue>
                    <elementReference>Standard_Commercial_LME</elementReference>
                </rightValue>
            </conditions>
            <connector>
                <targetReference>Generate_Standard_Commercial_LME</targetReference>
            </connector>
            <label>Standard Commercial LME Chosen</label>
        </rules>
    </decisions>
    <description>Version 6: Apex timeout
Version 5: Add CC with pasted emails 
Version 4 Fixing what I broke in 3
Version 3 URL Links not working 

Ver 1 before fixing the Var_selectedFiles error due to ;</description>
    <dynamicChoiceSets>
        <name>CCS_CurrentOppFilesList</name>
        <collectionReference>Var_FlowHelperValues</collectionReference>
        <dataType>String</dataType>
        <displayField>File_URL__c</displayField>
        <object>Flow_Helper__c</object>
        <valueField>FileID__c</valueField>
    </dynamicChoiceSets>
    <dynamicChoiceSets>
        <name>CCS_Files</name>
        <collectionReference>Get_All_Document_Links</collectionReference>
        <dataType>String</dataType>
        <displayField>Id</displayField>
        <object>ContentDocumentLink</object>
        <valueField>Id</valueField>
    </dynamicChoiceSets>
    <dynamicChoiceSets>
        <name>CCS_test3</name>
        <collectionReference>Var_ChosenContacts</collectionReference>
        <dataType>String</dataType>
        <displayField>Id</displayField>
        <object>Contact</object>
        <valueField>Email</valueField>
    </dynamicChoiceSets>
    <environments>Default</environments>
    <formulas>
        <name>FirstCCid</name>
        <dataType>String</dataType>
        <expression>TRIM(LEFT({!Var_CC_holder}, FIND(&quot;;&quot;,{!Var_CC_holder})-1))</expression>
    </formulas>
    <formulas>
        <name>FM_email</name>
        <dataType>String</dataType>
        <expression>{!$User.Email}</expression>
    </formulas>
    <formulas>
        <name>FM_EmailDisplayName</name>
        <dataType>String</dataType>
        <expression>{!$User.FirstName} + &apos; &apos; + {!$User.LastName}</expression>
    </formulas>
    <formulas>
        <name>FM_FirstID</name>
        <dataType>String</dataType>
        <expression>TRIM(LEFT({!Var_SelectedFilesToProcess}, FIND(&quot;;&quot;,{!Var_SelectedFilesToProcess})-1))</expression>
    </formulas>
    <formulas>
        <name>FM_loopURL</name>
        <dataType>String</dataType>
        <expression>HYPERLINK(&quot;https://creteunited.lightning.force.com/lightning/r/ContentDocument/&quot;+ {!Set_URL_Loop.ContentDocumentId} + &apos;/view&apos;, {!Get_Content_Document.Title} , &quot;_blank&quot;)</expression>
    </formulas>
    <formulas>
        <name>FM_NewVar_selectedFiles</name>
        <dataType>String</dataType>
        <expression>TRIM(SUBSTITUTE({!RemoveVar_SelectedFiles},{!Var_SelectedFileLoop}+&quot;;&quot;,&quot;&quot;))</expression>
    </formulas>
    <formulas>
        <name>FM_RemoveFirstID</name>
        <dataType>String</dataType>
        <expression>TRIM(SUBSTITUTE({!Var_SelectedFilesToProcess},{!FM_FirstID}+&quot;;&quot;,&quot;&quot;))</expression>
    </formulas>
    <formulas>
        <name>FM_SelectedFileToProcess</name>
        <dataType>String</dataType>
        <expression>TRIM(LEFT({!Var_SelectedFilesToProcess}, FIND(&quot;;&quot;,{!Var_SelectedFilesToProcess})-1))</expression>
    </formulas>
    <formulas>
        <name>FM_SubjectDefault</name>
        <dataType>String</dataType>
        <expression>{!Get_GMS_Quote.Opportunity_Manager_Name_Text__c} + &quot; has sent Solution &quot; + {!Get_Opp.Name} + &quot; for you to view.&quot;</expression>
    </formulas>
    <formulas>
        <name>FM_TodayPlus14</name>
        <dataType>Date</dataType>
        <expression>TODAY() +14</expression>
    </formulas>
    <formulas>
        <name>RemoveFirstCCid</name>
        <dataType>String</dataType>
        <expression>TRIM(SUBSTITUTE({!Var_CC_holder},{!FirstCCid}+&quot;;&quot;,&quot;&quot;))</expression>
    </formulas>
    <interviewLabel>[Opportunity] SF New Document &amp; Email Button -GMS {!$Flow.CurrentDateTime}</interviewLabel>
    <label>[Opportunity] SF New Document &amp; Email Button -GMS</label>
    <loops>
        <name>Email_Loop</name>
        <label>Email Loop</label>
        <locationX>1917</locationX>
        <locationY>2246</locationY>
        <collectionReference>Contacts.recordIds</collectionReference>
        <iterationOrder>Asc</iterationOrder>
        <nextValueConnector>
            <targetReference>Get_Contacts</targetReference>
        </nextValueConnector>
        <noMoreValuesConnector>
            <targetReference>Add_Sender_To_EMAILCSV</targetReference>
        </noMoreValuesConnector>
    </loops>
    <loops>
        <name>Set_URL_Loop</name>
        <label>Set URL Loop</label>
        <locationX>1106</locationX>
        <locationY>974</locationY>
        <collectionReference>Get_All_Document_Links</collectionReference>
        <iterationOrder>Asc</iterationOrder>
        <nextValueConnector>
            <targetReference>Get_Content_Document</targetReference>
        </nextValueConnector>
        <noMoreValuesConnector>
            <targetReference>Email_Setup</targetReference>
        </noMoreValuesConnector>
    </loops>
    <processMetadataValues>
        <name>BuilderType</name>
        <value>
            <stringValue>LightningFlowBuilder</stringValue>
        </value>
    </processMetadataValues>
    <processMetadataValues>
        <name>CanvasMode</name>
        <value>
            <stringValue>AUTO_LAYOUT_CANVAS</stringValue>
        </value>
    </processMetadataValues>
    <processMetadataValues>
        <name>OriginBuilderType</name>
        <value>
            <stringValue>LightningFlowBuilder</stringValue>
        </value>
    </processMetadataValues>
    <processType>Flow</processType>
    <recordCreates>
        <name>Create_Followup_Task</name>
        <label>Create Followup Task</label>
        <locationX>1917</locationX>
        <locationY>3752</locationY>
        <inputAssignments>
            <field>ActivityDate</field>
            <value>
                <elementReference>FM_TodayPlus14</elementReference>
            </value>
        </inputAssignments>
        <inputAssignments>
            <field>OwnerId</field>
            <value>
                <elementReference>$User.Id</elementReference>
            </value>
        </inputAssignments>
        <inputAssignments>
            <field>Subject</field>
            <value>
                <stringValue>Followup on {!Get_Opp.Name}</stringValue>
            </value>
        </inputAssignments>
        <inputAssignments>
            <field>TaskSubtype</field>
            <value>
                <stringValue>Task</stringValue>
            </value>
        </inputAssignments>
        <inputAssignments>
            <field>WhatId</field>
            <value>
                <elementReference>Var_OppID</elementReference>
            </value>
        </inputAssignments>
        <object>Task</object>
        <storeOutputAutomatically>true</storeOutputAutomatically>
    </recordCreates>
    <recordLookups>
        <name>Get_All_Document_Links</name>
        <label>Get All Document Links</label>
        <locationX>1106</locationX>
        <locationY>866</locationY>
        <assignNullValuesIfNoRecordsFound>false</assignNullValuesIfNoRecordsFound>
        <connector>
            <targetReference>Set_URL_Loop</targetReference>
        </connector>
        <filterLogic>and</filterLogic>
        <filters>
            <field>LinkedEntityId</field>
            <operator>EqualTo</operator>
            <value>
                <elementReference>Var_OppID</elementReference>
            </value>
        </filters>
        <getFirstRecordOnly>false</getFirstRecordOnly>
        <object>ContentDocumentLink</object>
        <storeOutputAutomatically>true</storeOutputAutomatically>
    </recordLookups>
    <recordLookups>
        <name>Get_Contacts</name>
        <label>Get Contacts</label>
        <locationX>2005</locationX>
        <locationY>2354</locationY>
        <assignNullValuesIfNoRecordsFound>false</assignNullValuesIfNoRecordsFound>
        <connector>
            <targetReference>Assignment_3</targetReference>
        </connector>
        <filterLogic>and</filterLogic>
        <filters>
            <field>Id</field>
            <operator>EqualTo</operator>
            <value>
                <elementReference>Email_Loop</elementReference>
            </value>
        </filters>
        <getFirstRecordOnly>true</getFirstRecordOnly>
        <object>Contact</object>
        <storeOutputAutomatically>true</storeOutputAutomatically>
    </recordLookups>
    <recordLookups>
        <name>Get_Content_Document</name>
        <label>Get Content Document</label>
        <locationX>1194</locationX>
        <locationY>1082</locationY>
        <assignNullValuesIfNoRecordsFound>false</assignNullValuesIfNoRecordsFound>
        <connector>
            <targetReference>Get_Content_Document_Details</targetReference>
        </connector>
        <filterLogic>and</filterLogic>
        <filters>
            <field>Id</field>
            <operator>EqualTo</operator>
            <value>
                <elementReference>Set_URL_Loop.ContentDocumentId</elementReference>
            </value>
        </filters>
        <getFirstRecordOnly>true</getFirstRecordOnly>
        <object>ContentDocument</object>
        <storeOutputAutomatically>true</storeOutputAutomatically>
    </recordLookups>
    <recordLookups>
        <name>Get_Documents_To_Attach</name>
        <label>Get Documents To Attach</label>
        <locationX>1917</locationX>
        <locationY>2138</locationY>
        <assignNullValuesIfNoRecordsFound>false</assignNullValuesIfNoRecordsFound>
        <connector>
            <targetReference>Email_Loop</targetReference>
        </connector>
        <filterLogic>and</filterLogic>
        <filters>
            <field>LinkedEntityId</field>
            <operator>EqualTo</operator>
            <value>
                <elementReference>Var_OppID</elementReference>
            </value>
        </filters>
        <filters>
            <field>Id</field>
            <operator>In</operator>
            <value>
                <elementReference>RecordIDCollection</elementReference>
            </value>
        </filters>
        <getFirstRecordOnly>false</getFirstRecordOnly>
        <object>ContentDocumentLink</object>
        <storeOutputAutomatically>true</storeOutputAutomatically>
    </recordLookups>
    <recordLookups>
        <name>Get_GMS_Quote</name>
        <label>Get GMS Quote</label>
        <locationX>1106</locationX>
        <locationY>758</locationY>
        <assignNullValuesIfNoRecordsFound>false</assignNullValuesIfNoRecordsFound>
        <connector>
            <targetReference>Get_All_Document_Links</targetReference>
        </connector>
        <filterLogic>and</filterLogic>
        <filters>
            <field>Id</field>
            <operator>EqualTo</operator>
            <value>
                <elementReference>Get_Opp.GMS_Quote__r.Id</elementReference>
            </value>
        </filters>
        <getFirstRecordOnly>true</getFirstRecordOnly>
        <object>GMS_Quote__c</object>
        <storeOutputAutomatically>true</storeOutputAutomatically>
    </recordLookups>
    <recordLookups>
        <name>Get_Opp</name>
        <label>Get Opp</label>
        <locationX>1106</locationX>
        <locationY>650</locationY>
        <assignNullValuesIfNoRecordsFound>false</assignNullValuesIfNoRecordsFound>
        <connector>
            <targetReference>Get_GMS_Quote</targetReference>
        </connector>
        <filterLogic>and</filterLogic>
        <filters>
            <field>Id</field>
            <operator>EqualTo</operator>
            <value>
                <elementReference>Var_OppID</elementReference>
            </value>
        </filters>
        <getFirstRecordOnly>true</getFirstRecordOnly>
        <object>Opportunity</object>
        <storeOutputAutomatically>true</storeOutputAutomatically>
    </recordLookups>
    <screens>
        <name>Choose_Your_Document</name>
        <label>Choose Your Document</label>
        <locationX>1106</locationX>
        <locationY>134</locationY>
        <allowBack>true</allowBack>
        <allowFinish>true</allowFinish>
        <allowPause>true</allowPause>
        <connector>
            <targetReference>What_Document_Was_Choosen</targetReference>
        </connector>
        <fields>
            <name>What_document_do_you_want_to_use</name>
            <choiceReferences>AHA_TBO</choiceReferences>
            <choiceReferences>BCPS_SLME</choiceReferences>
            <choiceReferences>IAP_Proposal</choiceReferences>
            <choiceReferences>Standard_Commercial_Budget</choiceReferences>
            <choiceReferences>Standard_Commercial_L_M</choiceReferences>
            <choiceReferences>Standard_Commercial_Quote</choiceReferences>
            <choiceReferences>Standard_Commercial_T_M</choiceReferences>
            <choiceReferences>Standard_Commercial_LME</choiceReferences>
            <dataType>String</dataType>
            <fieldText>What document do you want to use?</fieldText>
            <fieldType>DropdownBox</fieldType>
            <inputsOnNextNavToAssocScrn>UseStoredValues</inputsOnNextNavToAssocScrn>
            <isRequired>false</isRequired>
            <styleProperties>
                <verticalAlignment>
                    <stringValue>top</stringValue>
                </verticalAlignment>
                <width>
                    <stringValue>12</stringValue>
                </width>
            </styleProperties>
        </fields>
        <showFooter>true</showFooter>
        <showHeader>true</showHeader>
    </screens>
    <screens>
        <name>Email_Setup</name>
        <label>Email Setup</label>
        <locationX>1106</locationX>
        <locationY>1490</locationY>
        <allowBack>true</allowBack>
        <allowFinish>true</allowFinish>
        <allowPause>true</allowPause>
        <connector>
            <targetReference>Is_Refresh_Checked</targetReference>
        </connector>
        <fields>
            <name>test3</name>
            <fieldText>&lt;p&gt;{!FM_SubjectDefault}&lt;/p&gt;&lt;p&gt;{!Get_GMS_Quote.Opportunity_Manager__r.Name}&lt;/p&gt;</fieldText>
            <fieldType>DisplayText</fieldType>
            <styleProperties>
                <verticalAlignment>
                    <stringValue>top</stringValue>
                </verticalAlignment>
                <width>
                    <stringValue>12</stringValue>
                </width>
            </styleProperties>
        </fields>
        <fields>
            <name>Contacts</name>
            <extensionName>flowruntime:lookup</extensionName>
            <fieldType>ComponentInstance</fieldType>
            <inputParameters>
                <name>maxValues</name>
                <value>
                    <numberValue>10.0</numberValue>
                </value>
            </inputParameters>
            <inputParameters>
                <name>fieldApiName</name>
                <value>
                    <stringValue>ContactId</stringValue>
                </value>
            </inputParameters>
            <inputParameters>
                <name>label</name>
                <value>
                    <stringValue>To:</stringValue>
                </value>
            </inputParameters>
            <inputParameters>
                <name>objectApiName</name>
                <value>
                    <stringValue>Opportunity</stringValue>
                </value>
            </inputParameters>
            <inputParameters>
                <name>required</name>
                <value>
                    <booleanValue>true</booleanValue>
                </value>
            </inputParameters>
            <inputParameters>
                <name>recordIds</name>
                <value>
                    <elementReference>Contacts.recordIds</elementReference>
                </value>
            </inputParameters>
            <inputsOnNextNavToAssocScrn>UseStoredValues</inputsOnNextNavToAssocScrn>
            <isRequired>true</isRequired>
            <storeOutputAutomatically>true</storeOutputAutomatically>
            <styleProperties>
                <verticalAlignment>
                    <stringValue>top</stringValue>
                </verticalAlignment>
                <width>
                    <stringValue>12</stringValue>
                </width>
            </styleProperties>
        </fields>
        <fields>
            <name>CC</name>
            <dataType>String</dataType>
            <fieldText>CC:</fieldText>
            <fieldType>InputField</fieldType>
            <inputsOnNextNavToAssocScrn>UseStoredValues</inputsOnNextNavToAssocScrn>
            <isRequired>false</isRequired>
            <styleProperties>
                <verticalAlignment>
                    <stringValue>top</stringValue>
                </verticalAlignment>
                <width>
                    <stringValue>12</stringValue>
                </width>
            </styleProperties>
        </fields>
        <fields>
            <name>Subject_Line</name>
            <dataType>String</dataType>
            <defaultValue>
                <elementReference>FM_SubjectDefault</elementReference>
            </defaultValue>
            <fieldText>Subject Line</fieldText>
            <fieldType>InputField</fieldType>
            <inputsOnNextNavToAssocScrn>UseStoredValues</inputsOnNextNavToAssocScrn>
            <isRequired>true</isRequired>
            <styleProperties>
                <verticalAlignment>
                    <stringValue>top</stringValue>
                </verticalAlignment>
                <width>
                    <stringValue>12</stringValue>
                </width>
            </styleProperties>
        </fields>
        <fields>
            <name>Body</name>
            <dataType>String</dataType>
            <defaultValue>
                <stringValue>Please find your GMS solution and pricing attached.  Respectfully General &amp; Mechanical Services</stringValue>
            </defaultValue>
            <fieldText>Body</fieldText>
            <fieldType>InputField</fieldType>
            <inputsOnNextNavToAssocScrn>UseStoredValues</inputsOnNextNavToAssocScrn>
            <isRequired>true</isRequired>
            <styleProperties>
                <verticalAlignment>
                    <stringValue>top</stringValue>
                </verticalAlignment>
                <width>
                    <stringValue>12</stringValue>
                </width>
            </styleProperties>
        </fields>
        <fields>
            <name>Available_Files_To_Attach</name>
            <choiceReferences>CCS_CurrentOppFilesList</choiceReferences>
            <dataType>String</dataType>
            <fieldText>Available Files To Attach</fieldText>
            <fieldType>MultiSelectCheckboxes</fieldType>
            <inputsOnNextNavToAssocScrn>UseStoredValues</inputsOnNextNavToAssocScrn>
            <isRequired>false</isRequired>
            <styleProperties>
                <verticalAlignment>
                    <stringValue>top</stringValue>
                </verticalAlignment>
                <width>
                    <stringValue>12</stringValue>
                </width>
            </styleProperties>
        </fields>
        <fields>
            <name>Refresh</name>
            <dataType>Boolean</dataType>
            <defaultValue>
                <booleanValue>false</booleanValue>
            </defaultValue>
            <fieldText>Refresh</fieldText>
            <fieldType>InputField</fieldType>
            <inputsOnNextNavToAssocScrn>UseStoredValues</inputsOnNextNavToAssocScrn>
            <isRequired>true</isRequired>
            <styleProperties>
                <verticalAlignment>
                    <stringValue>top</stringValue>
                </verticalAlignment>
                <width>
                    <stringValue>12</stringValue>
                </width>
            </styleProperties>
        </fields>
        <showFooter>true</showFooter>
        <showHeader>true</showHeader>
    </screens>
    <screens>
        <name>Error</name>
        <label>Error</label>
        <locationX>1763</locationX>
        <locationY>3194</locationY>
        <allowBack>true</allowBack>
        <allowFinish>true</allowFinish>
        <allowPause>true</allowPause>
        <connector>
            <targetReference>Other_CC_s_to_process</targetReference>
        </connector>
        <fields>
            <name>vars</name>
            <fieldText>&lt;p&gt;Var_cc_holder {!Var_CC_holder}&lt;/p&gt;&lt;p&gt;Remove {!FM_RemoveFirstID}&lt;/p&gt;&lt;p&gt;cc record {!CCRecordIDCollection}&lt;/p&gt;&lt;p&gt;first cc id {!FirstCCid}&lt;/p&gt;&lt;p&gt;var cc {!Var_CC}&lt;/p&gt;</fieldText>
            <fieldType>DisplayText</fieldType>
            <styleProperties>
                <verticalAlignment>
                    <stringValue>top</stringValue>
                </verticalAlignment>
                <width>
                    <stringValue>12</stringValue>
                </width>
            </styleProperties>
        </fields>
        <showFooter>true</showFooter>
        <showHeader>true</showHeader>
    </screens>
    <screens>
        <name>Upload_Files</name>
        <label>Upload Files</label>
        <locationX>1106</locationX>
        <locationY>542</locationY>
        <allowBack>true</allowBack>
        <allowFinish>true</allowFinish>
        <allowPause>true</allowPause>
        <connector>
            <targetReference>Get_Opp</targetReference>
        </connector>
        <fields>
            <name>UploadFiles</name>
            <extensionName>forceContent:fileUpload</extensionName>
            <fieldType>ComponentInstance</fieldType>
            <inputParameters>
                <name>label</name>
                <value>
                    <stringValue>Do you need to upload any files</stringValue>
                </value>
            </inputParameters>
            <inputParameters>
                <name>multiple</name>
                <value>
                    <booleanValue>true</booleanValue>
                </value>
            </inputParameters>
            <inputParameters>
                <name>recordId</name>
                <value>
                    <elementReference>Var_OppID</elementReference>
                </value>
            </inputParameters>
            <inputsOnNextNavToAssocScrn>UseStoredValues</inputsOnNextNavToAssocScrn>
            <isRequired>true</isRequired>
            <storeOutputAutomatically>true</storeOutputAutomatically>
            <styleProperties>
                <verticalAlignment>
                    <stringValue>top</stringValue>
                </verticalAlignment>
                <width>
                    <stringValue>12</stringValue>
                </width>
            </styleProperties>
        </fields>
        <showFooter>true</showFooter>
        <showHeader>true</showHeader>
    </screens>
    <start>
        <locationX>980</locationX>
        <locationY>0</locationY>
        <connector>
            <targetReference>Choose_Your_Document</targetReference>
        </connector>
    </start>
    <status>Active</status>
    <variables>
        <name>CCRecordIDCollection</name>
        <dataType>String</dataType>
        <isCollection>true</isCollection>
        <isInput>false</isInput>
        <isOutput>false</isOutput>
    </variables>
    <variables>
        <name>currentItem_Filter_All_Files</name>
        <dataType>SObject</dataType>
        <isCollection>false</isCollection>
        <isInput>false</isInput>
        <isOutput>false</isOutput>
        <objectType>ContentDocumentLink</objectType>
    </variables>
    <variables>
        <name>currentItem_Get_New_Template_Document</name>
        <dataType>SObject</dataType>
        <isCollection>false</isCollection>
        <isInput>false</isInput>
        <isOutput>false</isOutput>
        <objectType>Attachment</objectType>
    </variables>
    <variables>
        <name>currentItem_Sort_To_Selected_Files</name>
        <dataType>SObject</dataType>
        <isCollection>false</isCollection>
        <isInput>false</isInput>
        <isOutput>false</isOutput>
        <objectType>ContentDocumentLink</objectType>
    </variables>
    <variables>
        <name>EmailListCSV</name>
        <dataType>String</dataType>
        <isCollection>false</isCollection>
        <isInput>false</isInput>
        <isOutput>false</isOutput>
    </variables>
    <variables>
        <name>RecordIDCollection</name>
        <dataType>String</dataType>
        <isCollection>true</isCollection>
        <isInput>false</isInput>
        <isOutput>false</isOutput>
    </variables>
    <variables>
        <name>RemoveVar_SelectedFiles</name>
        <dataType>String</dataType>
        <isCollection>true</isCollection>
        <isInput>false</isInput>
        <isOutput>false</isOutput>
    </variables>
    <variables>
        <name>test2</name>
        <dataType>String</dataType>
        <isCollection>true</isCollection>
        <isInput>false</isInput>
        <isOutput>false</isOutput>
    </variables>
    <variables>
        <name>test_remove1st</name>
        <dataType>String</dataType>
        <isCollection>false</isCollection>
        <isInput>false</isInput>
        <isOutput>false</isOutput>
    </variables>
    <variables>
        <name>Test_varfirstid</name>
        <dataType>String</dataType>
        <isCollection>false</isCollection>
        <isInput>false</isInput>
        <isOutput>false</isOutput>
    </variables>
    <variables>
        <name>Var_CC</name>
        <dataType>String</dataType>
        <isCollection>false</isCollection>
        <isInput>false</isInput>
        <isOutput>false</isOutput>
    </variables>
    <variables>
        <name>Var_CC_holder</name>
        <dataType>String</dataType>
        <isCollection>false</isCollection>
        <isInput>false</isInput>
        <isOutput>false</isOutput>
    </variables>
    <variables>
        <name>Var_ChosenContacts</name>
        <dataType>SObject</dataType>
        <isCollection>true</isCollection>
        <isInput>false</isInput>
        <isOutput>false</isOutput>
        <objectType>Contact</objectType>
    </variables>
    <variables>
        <name>Var_ChosenFilesHolder</name>
        <dataType>SObject</dataType>
        <isCollection>true</isCollection>
        <isInput>false</isInput>
        <isOutput>false</isOutput>
        <objectType>ContentDocumentLink</objectType>
    </variables>
    <variables>
        <name>Var_FilesSingleHolder</name>
        <dataType>SObject</dataType>
        <isCollection>false</isCollection>
        <isInput>false</isInput>
        <isOutput>false</isOutput>
        <objectType>ContentDocumentLink</objectType>
    </variables>
    <variables>
        <name>Var_FlowHelperValues</name>
        <dataType>SObject</dataType>
        <isCollection>true</isCollection>
        <isInput>false</isInput>
        <isOutput>false</isOutput>
        <objectType>Flow_Helper__c</objectType>
    </variables>
    <variables>
        <name>Var_loop_temp_id</name>
        <dataType>String</dataType>
        <isCollection>false</isCollection>
        <isInput>false</isInput>
        <isOutput>false</isOutput>
    </variables>
    <variables>
        <name>Var_loop_temp_URL</name>
        <dataType>String</dataType>
        <isCollection>false</isCollection>
        <isInput>false</isInput>
        <isOutput>false</isOutput>
    </variables>
    <variables>
        <name>Var_LoopSingleHolder</name>
        <dataType>SObject</dataType>
        <isCollection>false</isCollection>
        <isInput>false</isInput>
        <isOutput>false</isOutput>
        <objectType>Flow_Helper__c</objectType>
    </variables>
    <variables>
        <name>Var_OppID</name>
        <dataType>String</dataType>
        <isCollection>false</isCollection>
        <isInput>true</isInput>
        <isOutput>false</isOutput>
    </variables>
    <variables>
        <name>VAR_SelectedContentLinkIDs</name>
        <dataType>SObject</dataType>
        <isCollection>false</isCollection>
        <isInput>false</isInput>
        <isOutput>false</isOutput>
        <objectType>ContentDocumentLink</objectType>
    </variables>
    <variables>
        <name>Var_SelectedFileLoop</name>
        <dataType>String</dataType>
        <isCollection>false</isCollection>
        <isInput>false</isInput>
        <isOutput>false</isOutput>
    </variables>
    <variables>
        <name>Var_SelectedFilesMV</name>
        <dataType>SObject</dataType>
        <isCollection>true</isCollection>
        <isInput>false</isInput>
        <isOutput>false</isOutput>
        <objectType>ContentDocumentLink</objectType>
    </variables>
    <variables>
        <name>Var_SelectedFilesToProcess</name>
        <dataType>String</dataType>
        <isCollection>false</isCollection>
        <isInput>false</isInput>
        <isOutput>false</isOutput>
    </variables>
    <variables>
        <name>Var_ToEmailCollection</name>
        <dataType>SObject</dataType>
        <isCollection>true</isCollection>
        <isInput>false</isInput>
        <isOutput>false</isOutput>
        <objectType>Contact</objectType>
    </variables>
</Flow>
