<?xml version="1.0" encoding="UTF-8"?>
<Flow xmlns="http://soap.sforce.com/2006/04/metadata">
    <apiVersion>58.0</apiVersion>
    <areMetricsLoggedToDataCloud>false</areMetricsLoggedToDataCloud>
    <decisions>
        <name>Opportunity_Notes_NOT_Null</name>
        <label>Opportunity Notes NOT Null AND NOT Cross-Sell?</label>
        <locationX>446</locationX>
        <locationY>323</locationY>
        <defaultConnector>
            <targetReference>Which_Checkbox_is_Filled</targetReference>
        </defaultConnector>
        <defaultConnectorLabel>No</defaultConnectorLabel>
        <rules>
            <name>Yes_not_null</name>
            <conditionLogic>and</conditionLogic>
            <conditions>
                <leftValueReference>$Record.Opportunity_Notes__c</leftValueReference>
                <operator>IsNull</operator>
                <rightValue>
                    <booleanValue>false</booleanValue>
                </rightValue>
            </conditions>
            <conditions>
                <leftValueReference>$Record.Sales_Type__c</leftValueReference>
                <operator>NotEqualTo</operator>
                <rightValue>
                    <stringValue>Cross-Sell</stringValue>
                </rightValue>
            </conditions>
            <connector>
                <targetReference>Update_Sales_Type_to_Cross_Sell</targetReference>
            </connector>
            <label>Yes, not null and not cross-sell</label>
        </rules>
    </decisions>
    <decisions>
        <name>Which_Checkbox_is_Filled</name>
        <label>Which Checkbox is Filled?</label>
        <locationX>446</locationX>
        <locationY>623</locationY>
        <defaultConnectorLabel>Multiple</defaultConnectorLabel>
        <rules>
            <name>National_Only</name>
            <conditionLogic>and</conditionLogic>
            <conditions>
                <leftValueReference>$Record.National_Accounts__c</leftValueReference>
                <operator>EqualTo</operator>
                <rightValue>
                    <booleanValue>true</booleanValue>
                </rightValue>
            </conditions>
            <conditions>
                <leftValueReference>$Record.Federal__c</leftValueReference>
                <operator>EqualTo</operator>
                <rightValue>
                    <booleanValue>false</booleanValue>
                </rightValue>
            </conditions>
            <conditions>
                <leftValueReference>$Record.Endorsed_Partner__c</leftValueReference>
                <operator>EqualTo</operator>
                <rightValue>
                    <booleanValue>false</booleanValue>
                </rightValue>
            </conditions>
            <connector>
                <targetReference>Set_Cross_Sell_Type_National</targetReference>
            </connector>
            <label>National Only</label>
        </rules>
        <rules>
            <name>Federal_Only</name>
            <conditionLogic>and</conditionLogic>
            <conditions>
                <leftValueReference>$Record.Federal__c</leftValueReference>
                <operator>EqualTo</operator>
                <rightValue>
                    <booleanValue>true</booleanValue>
                </rightValue>
            </conditions>
            <conditions>
                <leftValueReference>$Record.Endorsed_Partner__c</leftValueReference>
                <operator>EqualTo</operator>
                <rightValue>
                    <booleanValue>false</booleanValue>
                </rightValue>
            </conditions>
            <conditions>
                <leftValueReference>$Record.National_Accounts__c</leftValueReference>
                <operator>EqualTo</operator>
                <rightValue>
                    <booleanValue>false</booleanValue>
                </rightValue>
            </conditions>
            <connector>
                <targetReference>Set_Cross_Sell_Type_Federal</targetReference>
            </connector>
            <label>Federal Only</label>
        </rules>
        <rules>
            <name>Endorsed_Partner_Only</name>
            <conditionLogic>and</conditionLogic>
            <conditions>
                <leftValueReference>$Record.Endorsed_Partner__c</leftValueReference>
                <operator>EqualTo</operator>
                <rightValue>
                    <booleanValue>true</booleanValue>
                </rightValue>
            </conditions>
            <conditions>
                <leftValueReference>$Record.Federal__c</leftValueReference>
                <operator>EqualTo</operator>
                <rightValue>
                    <booleanValue>false</booleanValue>
                </rightValue>
            </conditions>
            <conditions>
                <leftValueReference>$Record.National_Accounts__c</leftValueReference>
                <operator>EqualTo</operator>
                <rightValue>
                    <booleanValue>false</booleanValue>
                </rightValue>
            </conditions>
            <connector>
                <targetReference>Cross_Sell_Type_Endorsed_Partner</targetReference>
            </connector>
            <label>Endorsed Partner Only</label>
        </rules>
    </decisions>
    <environments>Default</environments>
    <interviewLabel>[Opportunity] Create/Update Cross-Sell Sales Type {!$Flow.CurrentDateTime}</interviewLabel>
    <label>[Opportunity] Create/Update Cross-Sell Sales Type</label>
    <processMetadataValues>
        <name>BuilderType</name>
        <value>
            <stringValue>LightningFlowBuilder</stringValue>
        </value>
    </processMetadataValues>
    <processMetadataValues>
        <name>CanvasMode</name>
        <value>
            <stringValue>AUTO_LAYOUT_CANVAS</stringValue>
        </value>
    </processMetadataValues>
    <processMetadataValues>
        <name>OriginBuilderType</name>
        <value>
            <stringValue>LightningFlowBuilder</stringValue>
        </value>
    </processMetadataValues>
    <processType>AutoLaunchedFlow</processType>
    <recordUpdates>
        <name>Cross_Sell_Type_Endorsed_Partner</name>
        <label>Cross-Sell Type: Endorsed Partner</label>
        <locationX>578</locationX>
        <locationY>731</locationY>
        <inputAssignments>
            <field>Cross_Sell_Type__c</field>
            <value>
                <stringValue>Endorsed Partner-Program</stringValue>
            </value>
        </inputAssignments>
        <inputReference>$Record</inputReference>
    </recordUpdates>
    <recordUpdates>
        <name>Set_Cross_Sell_Type_Federal</name>
        <label>Set Cross-Sell Type: Federal</label>
        <locationX>314</locationX>
        <locationY>731</locationY>
        <inputAssignments>
            <field>Cross_Sell_Type__c</field>
            <value>
                <stringValue>Federal</stringValue>
            </value>
        </inputAssignments>
        <inputReference>$Record</inputReference>
    </recordUpdates>
    <recordUpdates>
        <name>Set_Cross_Sell_Type_National</name>
        <label>Set Cross-Sell Type: National</label>
        <locationX>50</locationX>
        <locationY>731</locationY>
        <inputAssignments>
            <field>Cross_Sell_Type__c</field>
            <value>
                <stringValue>National</stringValue>
            </value>
        </inputAssignments>
        <inputReference>$Record</inputReference>
    </recordUpdates>
    <recordUpdates>
        <name>Update_Sales_Type_to_Cross_Sell</name>
        <label>Update Sales Type to Cross-Sell</label>
        <locationX>314</locationX>
        <locationY>431</locationY>
        <connector>
            <targetReference>Which_Checkbox_is_Filled</targetReference>
        </connector>
        <inputAssignments>
            <field>Sales_Type__c</field>
            <value>
                <stringValue>Cross-Sell</stringValue>
            </value>
        </inputAssignments>
        <inputReference>$Record</inputReference>
    </recordUpdates>
    <start>
        <locationX>320</locationX>
        <locationY>0</locationY>
        <connector>
            <targetReference>Opportunity_Notes_NOT_Null</targetReference>
        </connector>
        <filterLogic>(1 OR 2 OR 3) AND 4</filterLogic>
        <filters>
            <field>National_Accounts__c</field>
            <operator>EqualTo</operator>
            <value>
                <booleanValue>true</booleanValue>
            </value>
        </filters>
        <filters>
            <field>Endorsed_Partner__c</field>
            <operator>EqualTo</operator>
            <value>
                <booleanValue>true</booleanValue>
            </value>
        </filters>
        <filters>
            <field>Federal__c</field>
            <operator>EqualTo</operator>
            <value>
                <booleanValue>true</booleanValue>
            </value>
        </filters>
        <filters>
            <field>Record_Type_Name_text__c</field>
            <operator>EqualTo</operator>
            <value>
                <stringValue>Sales Opportunities</stringValue>
            </value>
        </filters>
        <object>Opportunity</object>
        <recordTriggerType>CreateAndUpdate</recordTriggerType>
        <triggerType>RecordAfterSave</triggerType>
    </start>
    <status>Active</status>
</Flow>
