<?xml version="1.0" encoding="UTF-8"?>
<Flow xmlns="http://soap.sforce.com/2006/04/metadata">
    <apiVersion>58.0</apiVersion>
    <areMetricsLoggedToDataCloud>false</areMetricsLoggedToDataCloud>
    <decisions>
        <name>Partner_Sharing_Account_Exists</name>
        <label>Partner Sharing - Account Exists?</label>
        <locationX>50</locationX>
        <locationY>863</locationY>
        <defaultConnector>
            <targetReference>Create_Partner_Sharing_Account</targetReference>
        </defaultConnector>
        <defaultConnectorLabel>No</defaultConnectorLabel>
        <rules>
            <name>Yes_Partner_Sharing_Account_Exists</name>
            <conditionLogic>and</conditionLogic>
            <conditions>
                <leftValueReference>Get_Partner_Sharing_Account</leftValueReference>
                <operator>IsNull</operator>
                <rightValue>
                    <booleanValue>false</booleanValue>
                </rightValue>
            </conditions>
            <connector>
                <targetReference>Get_Partner_Sharing_Opportunity</targetReference>
            </connector>
            <label>Yes</label>
        </rules>
    </decisions>
    <decisions>
        <name>Partner_Sharing_Opportunity_Exists</name>
        <label>Partner Sharing - Opportunity Exists?</label>
        <locationX>50</locationX>
        <locationY>1271</locationY>
        <defaultConnector>
            <targetReference>Create_Partner_Sharing_Opportunity</targetReference>
        </defaultConnector>
        <defaultConnectorLabel>No</defaultConnectorLabel>
        <rules>
            <name>Yes_Partner_Sharing_Opportunity_Exists</name>
            <conditionLogic>and</conditionLogic>
            <conditions>
                <leftValueReference>Get_Partner_Sharing_Opportunity</leftValueReference>
                <operator>IsNull</operator>
                <rightValue>
                    <booleanValue>false</booleanValue>
                </rightValue>
            </conditions>
            <label>Yes</label>
        </rules>
    </decisions>
    <decisions>
        <description>If the new child Opp&apos;s Partner is the Prime Partner no sharing records are needed.</description>
        <name>Sharing_Records_Required</name>
        <label>Sharing Records Required?</label>
        <locationX>248</locationX>
        <locationY>647</locationY>
        <defaultConnectorLabel>No</defaultConnectorLabel>
        <rules>
            <name>Yes</name>
            <conditionLogic>and</conditionLogic>
            <conditions>
                <leftValueReference>$Record.Partner__c</leftValueReference>
                <operator>NotEqualTo</operator>
                <rightValue>
                    <elementReference>$Record.Opportunity__r.Partner__c</elementReference>
                </rightValue>
            </conditions>
            <connector>
                <targetReference>Get_Partner_Sharing_Account</targetReference>
            </connector>
            <label>Yes</label>
        </rules>
    </decisions>
    <description>When a Opportunity Cross-Sell Request has it&apos;s Status updated to &apos;Accepted&apos;, create the child Opportunity and Partner Sharing records.</description>
    <environments>Default</environments>
    <formulas>
        <name>Opp_Name</name>
        <dataType>String</dataType>
        <expression>{!$Record.Opportunity__r.Name} &amp; &quot; &quot; &amp; TEXT({!$Record.Trade__c})</expression>
    </formulas>
    <interviewLabel>[Opportunity] Create Cross-Sell Child Records {!$Flow.CurrentDateTime}</interviewLabel>
    <label>[Opportunity] Create Cross-Sell Child Records</label>
    <processMetadataValues>
        <name>BuilderType</name>
        <value>
            <stringValue>LightningFlowBuilder</stringValue>
        </value>
    </processMetadataValues>
    <processMetadataValues>
        <name>CanvasMode</name>
        <value>
            <stringValue>AUTO_LAYOUT_CANVAS</stringValue>
        </value>
    </processMetadataValues>
    <processMetadataValues>
        <name>OriginBuilderType</name>
        <value>
            <stringValue>LightningFlowBuilder</stringValue>
        </value>
    </processMetadataValues>
    <processType>AutoLaunchedFlow</processType>
    <recordCreates>
        <name>Create_Child_Cross_Sell_Opportunity</name>
        <label>Create Child Cross-Sell Opportunity</label>
        <locationX>248</locationX>
        <locationY>431</locationY>
        <connector>
            <targetReference>Update_Triggering_Cross_Sell_Request</targetReference>
        </connector>
        <inputAssignments>
            <field>AccountId</field>
            <value>
                <elementReference>$Record.Opportunity__r.AccountId</elementReference>
            </value>
        </inputAssignments>
        <inputAssignments>
            <field>Bid_Date__c</field>
            <value>
                <elementReference>$Record.Opportunity__r.Bid_Date__c</elementReference>
            </value>
        </inputAssignments>
        <inputAssignments>
            <field>CloseDate</field>
            <value>
                <elementReference>$Record.Opportunity__r.CloseDate</elementReference>
            </value>
        </inputAssignments>
        <inputAssignments>
            <field>Cross_Sell_Type__c</field>
            <value>
                <elementReference>$Record.Opportunity__r.Cross_Sell_Type__c</elementReference>
            </value>
        </inputAssignments>
        <inputAssignments>
            <field>Name</field>
            <value>
                <elementReference>Opp_Name</elementReference>
            </value>
        </inputAssignments>
        <inputAssignments>
            <field>Opportunity_Notes__c</field>
            <value>
                <elementReference>$Record.Opportunity__r.Opportunity_Notes__c</elementReference>
            </value>
        </inputAssignments>
        <inputAssignments>
            <field>Opportunity_Type__c</field>
            <value>
                <elementReference>$Record.Opportunity__r.Opportunity_Type__c</elementReference>
            </value>
        </inputAssignments>
        <inputAssignments>
            <field>OwnerId</field>
            <value>
                <elementReference>$Record.Partner__r.Sales_Leader_EPP_Contact__c</elementReference>
            </value>
        </inputAssignments>
        <inputAssignments>
            <field>Parent_Opportunity__c</field>
            <value>
                <elementReference>$Record.Opportunity__c</elementReference>
            </value>
        </inputAssignments>
        <inputAssignments>
            <field>Partner__c</field>
            <value>
                <elementReference>$Record.Partner__c</elementReference>
            </value>
        </inputAssignments>
        <inputAssignments>
            <field>Project_Size__c</field>
            <value>
                <elementReference>$Record.Opportunity__r.Project_Size__c</elementReference>
            </value>
        </inputAssignments>
        <inputAssignments>
            <field>Project_Type__c</field>
            <value>
                <elementReference>$Record.Opportunity__r.Project_Type__c</elementReference>
            </value>
        </inputAssignments>
        <inputAssignments>
            <field>RecordTypeId</field>
            <value>
                <elementReference>Get_RecordTypeID.Id</elementReference>
            </value>
        </inputAssignments>
        <inputAssignments>
            <field>StageName</field>
            <value>
                <stringValue>Accepted Cross-Sell</stringValue>
            </value>
        </inputAssignments>
        <inputAssignments>
            <field>Trade__c</field>
            <value>
                <elementReference>$Record.Trade__c</elementReference>
            </value>
        </inputAssignments>
        <object>Opportunity</object>
        <storeOutputAutomatically>true</storeOutputAutomatically>
    </recordCreates>
    <recordCreates>
        <name>Create_Partner_Sharing_Account</name>
        <label>Create Partner Sharing - Account</label>
        <locationX>138</locationX>
        <locationY>971</locationY>
        <connector>
            <targetReference>Get_Partner_Sharing_Opportunity</targetReference>
        </connector>
        <inputAssignments>
            <field>Company__c</field>
            <value>
                <elementReference>$Record.Opportunity__r.AccountId</elementReference>
            </value>
        </inputAssignments>
        <inputAssignments>
            <field>Partner__c</field>
            <value>
                <elementReference>$Record.Partner__c</elementReference>
            </value>
        </inputAssignments>
        <object>Partner_Sharing_Account__c</object>
        <storeOutputAutomatically>true</storeOutputAutomatically>
    </recordCreates>
    <recordCreates>
        <name>Create_Partner_Sharing_Opportunity</name>
        <label>Create Partner Sharing - Opportunity</label>
        <locationX>182</locationX>
        <locationY>1379</locationY>
        <inputAssignments>
            <field>Opportunity__c</field>
            <value>
                <elementReference>$Record.Opportunity__c</elementReference>
            </value>
        </inputAssignments>
        <inputAssignments>
            <field>Partner__c</field>
            <value>
                <elementReference>$Record.Partner__c</elementReference>
            </value>
        </inputAssignments>
        <object>Partner_Sharing_Opportunity__c</object>
        <storeOutputAutomatically>true</storeOutputAutomatically>
    </recordCreates>
    <recordLookups>
        <name>Get_Partner_Sharing_Account</name>
        <label>Get Partner Sharing - Account</label>
        <locationX>50</locationX>
        <locationY>755</locationY>
        <assignNullValuesIfNoRecordsFound>false</assignNullValuesIfNoRecordsFound>
        <connector>
            <targetReference>Partner_Sharing_Account_Exists</targetReference>
        </connector>
        <filterLogic>and</filterLogic>
        <filters>
            <field>Company__c</field>
            <operator>EqualTo</operator>
            <value>
                <elementReference>$Record.Opportunity__r.AccountId</elementReference>
            </value>
        </filters>
        <filters>
            <field>Partner__c</field>
            <operator>EqualTo</operator>
            <value>
                <elementReference>$Record.Partner__c</elementReference>
            </value>
        </filters>
        <getFirstRecordOnly>true</getFirstRecordOnly>
        <object>Partner_Sharing_Account__c</object>
        <storeOutputAutomatically>true</storeOutputAutomatically>
    </recordLookups>
    <recordLookups>
        <name>Get_Partner_Sharing_Opportunity</name>
        <label>Get Partner Sharing - Opportunity</label>
        <locationX>50</locationX>
        <locationY>1163</locationY>
        <assignNullValuesIfNoRecordsFound>false</assignNullValuesIfNoRecordsFound>
        <connector>
            <targetReference>Partner_Sharing_Opportunity_Exists</targetReference>
        </connector>
        <filterLogic>and</filterLogic>
        <filters>
            <field>Opportunity__c</field>
            <operator>EqualTo</operator>
            <value>
                <elementReference>$Record.Opportunity__c</elementReference>
            </value>
        </filters>
        <filters>
            <field>Partner__c</field>
            <operator>EqualTo</operator>
            <value>
                <elementReference>$Record.Partner__c</elementReference>
            </value>
        </filters>
        <getFirstRecordOnly>true</getFirstRecordOnly>
        <object>Partner_Sharing_Opportunity__c</object>
        <storeOutputAutomatically>true</storeOutputAutomatically>
    </recordLookups>
    <recordLookups>
        <description>For: Opportunity-Cross_Sell_Subcontract</description>
        <name>Get_RecordTypeID</name>
        <label>Get RecordTypeID</label>
        <locationX>248</locationX>
        <locationY>323</locationY>
        <assignNullValuesIfNoRecordsFound>false</assignNullValuesIfNoRecordsFound>
        <connector>
            <targetReference>Create_Child_Cross_Sell_Opportunity</targetReference>
        </connector>
        <filterLogic>and</filterLogic>
        <filters>
            <field>SobjectType</field>
            <operator>EqualTo</operator>
            <value>
                <stringValue>Opportunity</stringValue>
            </value>
        </filters>
        <filters>
            <field>DeveloperName</field>
            <operator>EqualTo</operator>
            <value>
                <stringValue>Cross_Sell_Subcontract</stringValue>
            </value>
        </filters>
        <getFirstRecordOnly>true</getFirstRecordOnly>
        <object>RecordType</object>
        <storeOutputAutomatically>true</storeOutputAutomatically>
    </recordLookups>
    <recordUpdates>
        <description>Link Cross-Sell Opportunity with newly created record</description>
        <name>Update_Triggering_Cross_Sell_Request</name>
        <label>Update Triggering Cross-Sell Request</label>
        <locationX>248</locationX>
        <locationY>539</locationY>
        <connector>
            <targetReference>Sharing_Records_Required</targetReference>
        </connector>
        <inputAssignments>
            <field>Cross_Sell_Opportunity__c</field>
            <value>
                <elementReference>Create_Child_Cross_Sell_Opportunity</elementReference>
            </value>
        </inputAssignments>
        <inputReference>$Record</inputReference>
    </recordUpdates>
    <start>
        <locationX>122</locationX>
        <locationY>0</locationY>
        <connector>
            <targetReference>Get_RecordTypeID</targetReference>
        </connector>
        <filterLogic>(1 OR 2) AND 3 AND 4</filterLogic>
        <filters>
            <field>CreatedDate</field>
            <operator>IsChanged</operator>
            <value>
                <booleanValue>true</booleanValue>
            </value>
        </filters>
        <filters>
            <field>Status__c</field>
            <operator>IsChanged</operator>
            <value>
                <booleanValue>true</booleanValue>
            </value>
        </filters>
        <filters>
            <field>Status__c</field>
            <operator>EqualTo</operator>
            <value>
                <stringValue>Accepted</stringValue>
            </value>
        </filters>
        <filters>
            <field>Cross_Sell_Opportunity__c</field>
            <operator>IsNull</operator>
            <value>
                <booleanValue>true</booleanValue>
            </value>
        </filters>
        <object>Opportunity_Cross_Sell_Request__c</object>
        <recordTriggerType>CreateAndUpdate</recordTriggerType>
        <triggerType>RecordAfterSave</triggerType>
    </start>
    <status>Active</status>
</Flow>
