<?xml version="1.0" encoding="UTF-8"?>
<Flow xmlns="http://soap.sforce.com/2006/04/metadata">
    <apiVersion>62.0</apiVersion>
    <areMetricsLoggedToDataCloud>false</areMetricsLoggedToDataCloud>
    <decisions>
        <name>Parent_Child</name>
        <label>Parent/Child</label>
        <locationX>314</locationX>
        <locationY>323</locationY>
        <defaultConnectorLabel>Default Outcome</defaultConnectorLabel>
        <rules>
            <name>Parent_Child1</name>
            <conditionLogic>or</conditionLogic>
            <conditions>
                <leftValueReference>$Record.Parent_Child_Type__c</leftValueReference>
                <operator>EqualTo</operator>
                <rightValue>
                    <stringValue>Parent</stringValue>
                </rightValue>
            </conditions>
            <conditions>
                <leftValueReference>$Record.Parent_Child_Type__c</leftValueReference>
                <operator>EqualTo</operator>
                <rightValue>
                    <stringValue>Child</stringValue>
                </rightValue>
            </conditions>
            <connector>
                <targetReference>Update_Sales_Type_to_Cross_Sell</targetReference>
            </connector>
            <label>Parent/Child</label>
        </rules>
        <rules>
            <name>Independent</name>
            <conditionLogic>and</conditionLogic>
            <conditions>
                <leftValueReference>$Record.Parent_Child_Type__c</leftValueReference>
                <operator>EqualTo</operator>
                <rightValue>
                    <stringValue>Independent</stringValue>
                </rightValue>
            </conditions>
            <connector>
                <targetReference>Update_Sales_Type_to_Independent</targetReference>
            </connector>
            <label>Independent</label>
        </rules>
    </decisions>
    <description>Decision Logic:
If Parent/Child = Parent or Child, set Sales Type to Cross-Sell.
If Parent/Child = Independent, set Sales Type to Independent.</description>
    <environments>Default</environments>
    <interviewLabel>{Opportunity} Sales Type Field Update {!$Flow.CurrentDateTime}</interviewLabel>
    <label>{Opportunity} Sales Type Field Update</label>
    <processMetadataValues>
        <name>BuilderType</name>
        <value>
            <stringValue>LightningFlowBuilder</stringValue>
        </value>
    </processMetadataValues>
    <processMetadataValues>
        <name>CanvasMode</name>
        <value>
            <stringValue>AUTO_LAYOUT_CANVAS</stringValue>
        </value>
    </processMetadataValues>
    <processMetadataValues>
        <name>OriginBuilderType</name>
        <value>
            <stringValue>LightningFlowBuilder</stringValue>
        </value>
    </processMetadataValues>
    <processType>AutoLaunchedFlow</processType>
    <recordUpdates>
        <name>Update_Sales_Type_to_Cross_Sell</name>
        <label>Update Sales Type to Cross-Sell</label>
        <locationX>50</locationX>
        <locationY>431</locationY>
        <inputAssignments>
            <field>Sales_Type__c</field>
            <value>
                <stringValue>Cross-Sell</stringValue>
            </value>
        </inputAssignments>
        <inputReference>$Record</inputReference>
    </recordUpdates>
    <recordUpdates>
        <name>Update_Sales_Type_to_Independent</name>
        <label>Update Sales Type to Independent</label>
        <locationX>314</locationX>
        <locationY>431</locationY>
        <inputAssignments>
            <field>Sales_Type__c</field>
            <value>
                <stringValue>Independent</stringValue>
            </value>
        </inputAssignments>
        <inputReference>$Record</inputReference>
    </recordUpdates>
    <start>
        <locationX>188</locationX>
        <locationY>0</locationY>
        <connector>
            <targetReference>Parent_Child</targetReference>
        </connector>
        <doesRequireRecordChangedToMeetCriteria>true</doesRequireRecordChangedToMeetCriteria>
        <filterLogic>and</filterLogic>
        <filters>
            <field>Parent_Child_Type__c</field>
            <operator>IsNull</operator>
            <value>
                <booleanValue>false</booleanValue>
            </value>
        </filters>
        <object>Opportunity</object>
        <recordTriggerType>CreateAndUpdate</recordTriggerType>
        <triggerType>RecordAfterSave</triggerType>
    </start>
    <status>Obsolete</status>
</Flow>
