<?xml version="1.0" encoding="UTF-8"?>
<Flow xmlns="http://soap.sforce.com/2006/04/metadata">
    <actionCalls>
        <name>Key_Account_Checked_Email</name>
        <label>Key Account Checked Email</label>
        <locationX>176</locationX>
        <locationY>839</locationY>
        <actionName>Opportunity.Opportunity_Key_Account_checked</actionName>
        <actionType>emailAlert</actionType>
        <flowTransactionModel>CurrentTransaction</flowTransactionModel>
        <inputParameters>
            <name>SObjectRowId</name>
            <value>
                <elementReference>$Record.Id</elementReference>
            </value>
        </inputParameters>
        <nameSegment>Opportunity.Opportunity_Key_Account_checked</nameSegment>
        <offset>0</offset>
    </actionCalls>
    <apiVersion>61.0</apiVersion>
    <areMetricsLoggedToDataCloud>false</areMetricsLoggedToDataCloud>
    <assignments>
        <name>Assign_Child_Data_to_Long_Text_Field</name>
        <label>Assign Child Data to Long Text Field</label>
        <locationX>264</locationX>
        <locationY>539</locationY>
        <assignmentItems>
            <assignToReference>ChildOpportunitiesInfo</assignToReference>
            <operator>Add</operator>
            <value>
                <elementReference>Formula</elementReference>
            </value>
        </assignmentItems>
        <connector>
            <targetReference>Loop_Child_Opps</targetReference>
        </connector>
    </assignments>
    <environments>Default</environments>
    <formulas>
        <name>Formula</name>
        <dataType>String</dataType>
        <expression>&quot;Name: &quot; + {!Loop_Child_Opps.Name} + 
&quot;, Amount: &quot; + TEXT({!Loop_Child_Opps.Amount}) + 
&quot;, Stage: &quot; + TEXT({!Loop_Child_Opps.StageName}) + BR()</expression>
    </formulas>
    <interviewLabel>[Opportunity] Send Email when Key Account is Checked {!$Flow.CurrentDateTime}</interviewLabel>
    <label>[Opportunity] Send Email when Key Account is Checked</label>
    <loops>
        <name>Loop_Child_Opps</name>
        <label>Loop Child Opps</label>
        <locationX>176</locationX>
        <locationY>431</locationY>
        <collectionReference>Get_Child_Opportunities</collectionReference>
        <iterationOrder>Asc</iterationOrder>
        <nextValueConnector>
            <targetReference>Assign_Child_Data_to_Long_Text_Field</targetReference>
        </nextValueConnector>
        <noMoreValuesConnector>
            <targetReference>Update_Parent_Opportunity</targetReference>
        </noMoreValuesConnector>
    </loops>
    <processMetadataValues>
        <name>BuilderType</name>
        <value>
            <stringValue>LightningFlowBuilder</stringValue>
        </value>
    </processMetadataValues>
    <processMetadataValues>
        <name>CanvasMode</name>
        <value>
            <stringValue>AUTO_LAYOUT_CANVAS</stringValue>
        </value>
    </processMetadataValues>
    <processMetadataValues>
        <name>OriginBuilderType</name>
        <value>
            <stringValue>LightningFlowBuilder</stringValue>
        </value>
    </processMetadataValues>
    <processType>AutoLaunchedFlow</processType>
    <recordLookups>
        <name>Get_Child_Opportunities</name>
        <label>Get Child Opportunities</label>
        <locationX>176</locationX>
        <locationY>323</locationY>
        <assignNullValuesIfNoRecordsFound>false</assignNullValuesIfNoRecordsFound>
        <connector>
            <targetReference>Loop_Child_Opps</targetReference>
        </connector>
        <filterLogic>and</filterLogic>
        <filters>
            <field>Parent_Opportunity__c</field>
            <operator>EqualTo</operator>
            <value>
                <elementReference>$Record.Id</elementReference>
            </value>
        </filters>
        <getFirstRecordOnly>false</getFirstRecordOnly>
        <object>Opportunity</object>
        <storeOutputAutomatically>true</storeOutputAutomatically>
    </recordLookups>
    <recordUpdates>
        <name>Update_Parent_Opportunity</name>
        <label>Update Parent Opportunity</label>
        <locationX>176</locationX>
        <locationY>731</locationY>
        <connector>
            <targetReference>Key_Account_Checked_Email</targetReference>
        </connector>
        <inputAssignments>
            <field>Key_Account_Child_Opp_Amounts__c</field>
            <value>
                <elementReference>Formula</elementReference>
            </value>
        </inputAssignments>
        <inputReference>$Record</inputReference>
    </recordUpdates>
    <start>
        <locationX>50</locationX>
        <locationY>0</locationY>
        <connector>
            <targetReference>Get_Child_Opportunities</targetReference>
        </connector>
        <doesRequireRecordChangedToMeetCriteria>true</doesRequireRecordChangedToMeetCriteria>
        <filterLogic>1 AND 2 AND 3 AND (4 OR 5)</filterLogic>
        <filters>
            <field>Key_Account__c</field>
            <operator>EqualTo</operator>
            <value>
                <booleanValue>true</booleanValue>
            </value>
        </filters>
        <filters>
            <field>RecordTypeId</field>
            <operator>EqualTo</operator>
            <value>
                <stringValue>0124x000000AoFuAAK</stringValue>
            </value>
        </filters>
        <filters>
            <field>Amount</field>
            <operator>GreaterThan</operator>
            <value>
                <numberValue>0.0</numberValue>
            </value>
        </filters>
        <filters>
            <field>Partner__c</field>
            <operator>EqualTo</operator>
            <value>
                <stringValue>Crete Corporate</stringValue>
            </value>
        </filters>
        <filters>
            <field>Partner__c</field>
            <operator>EqualTo</operator>
            <value>
                <stringValue>Crete National</stringValue>
            </value>
        </filters>
        <object>Opportunity</object>
        <recordTriggerType>CreateAndUpdate</recordTriggerType>
        <triggerType>RecordAfterSave</triggerType>
    </start>
    <status>Draft</status>
    <variables>
        <name>ChildOpportunitiesInfo</name>
        <dataType>String</dataType>
        <isCollection>true</isCollection>
        <isInput>true</isInput>
        <isOutput>true</isOutput>
    </variables>
</Flow>
