<?xml version="1.0" encoding="UTF-8"?>
<Flow xmlns="http://soap.sforce.com/2006/04/metadata">
    <actionCalls>
        <name>Send_Accepted_Email</name>
        <label>Send Accepted Email</label>
        <locationX>50</locationX>
        <locationY>539</locationY>
        <actionName>emailSimple</actionName>
        <actionType>emailSimple</actionType>
        <flowTransactionModel>CurrentTransaction</flowTransactionModel>
        <inputParameters>
            <name>emailAddressesArray</name>
            <value>
                <elementReference>Email_Recipients</elementReference>
            </value>
        </inputParameters>
        <inputParameters>
            <name>senderType</name>
            <value>
                <stringValue>OrgWideEmailAddress</stringValue>
            </value>
        </inputParameters>
        <inputParameters>
            <name>senderAddress</name>
            <value>
                <stringValue>client@setgopartners.com</stringValue>
            </value>
        </inputParameters>
        <inputParameters>
            <name>emailSubject</name>
            <value>
                <elementReference>Email_Subject</elementReference>
            </value>
        </inputParameters>
        <inputParameters>
            <name>emailBody</name>
            <value>
                <elementReference>Email_Body_Accept</elementReference>
            </value>
        </inputParameters>
        <inputParameters>
            <name>sendRichBody</name>
            <value>
                <booleanValue>true</booleanValue>
            </value>
        </inputParameters>
        <inputParameters>
            <name>relatedRecordId</name>
            <value>
                <elementReference>$Record.Id</elementReference>
            </value>
        </inputParameters>
        <inputParameters>
            <name>logEmailOnSend</name>
            <value>
                <booleanValue>true</booleanValue>
            </value>
        </inputParameters>
        <nameSegment>emailSimple</nameSegment>
    </actionCalls>
    <actionCalls>
        <name>Send_Rejected_Email</name>
        <label>Send Rejected Email</label>
        <locationX>314</locationX>
        <locationY>539</locationY>
        <actionName>emailSimple</actionName>
        <actionType>emailSimple</actionType>
        <flowTransactionModel>CurrentTransaction</flowTransactionModel>
        <inputParameters>
            <name>emailAddressesArray</name>
            <value>
                <elementReference>Email_Recipients</elementReference>
            </value>
        </inputParameters>
        <inputParameters>
            <name>senderType</name>
            <value>
                <stringValue>OrgWideEmailAddress</stringValue>
            </value>
        </inputParameters>
        <inputParameters>
            <name>senderAddress</name>
            <value>
                <stringValue>client@setgopartners.com</stringValue>
            </value>
        </inputParameters>
        <inputParameters>
            <name>emailSubject</name>
            <value>
                <elementReference>Email_Subject</elementReference>
            </value>
        </inputParameters>
        <inputParameters>
            <name>emailBody</name>
            <value>
                <elementReference>Email_Body_Reject</elementReference>
            </value>
        </inputParameters>
        <inputParameters>
            <name>sendRichBody</name>
            <value>
                <booleanValue>true</booleanValue>
            </value>
        </inputParameters>
        <inputParameters>
            <name>relatedRecordId</name>
            <value>
                <elementReference>$Record.Id</elementReference>
            </value>
        </inputParameters>
        <inputParameters>
            <name>logEmailOnSend</name>
            <value>
                <booleanValue>true</booleanValue>
            </value>
        </inputParameters>
        <nameSegment>emailSimple</nameSegment>
    </actionCalls>
    <apiVersion>58.0</apiVersion>
    <areMetricsLoggedToDataCloud>false</areMetricsLoggedToDataCloud>
    <assignments>
        <name>Set_Email_Recipients</name>
        <label>Set Email Recipients</label>
        <locationX>314</locationX>
        <locationY>323</locationY>
        <assignmentItems>
            <assignToReference>Email_Recipients</assignToReference>
            <operator>Add</operator>
            <value>
                <elementReference>$Record.Opportunity__r.Owner.Email</elementReference>
            </value>
        </assignmentItems>
        <connector>
            <targetReference>Accepted_or_Rejected</targetReference>
        </connector>
    </assignments>
    <decisions>
        <name>Accepted_or_Rejected</name>
        <label>Accepted or Rejected?</label>
        <locationX>314</locationX>
        <locationY>431</locationY>
        <defaultConnectorLabel>Other</defaultConnectorLabel>
        <rules>
            <name>Accepted</name>
            <conditionLogic>and</conditionLogic>
            <conditions>
                <leftValueReference>$Record.Status__c</leftValueReference>
                <operator>EqualTo</operator>
                <rightValue>
                    <stringValue>Accepted</stringValue>
                </rightValue>
            </conditions>
            <connector>
                <targetReference>Send_Accepted_Email</targetReference>
            </connector>
            <label>Accepted</label>
        </rules>
        <rules>
            <name>Rejected</name>
            <conditionLogic>and</conditionLogic>
            <conditions>
                <leftValueReference>$Record.Status__c</leftValueReference>
                <operator>EqualTo</operator>
                <rightValue>
                    <stringValue>Rejected</stringValue>
                </rightValue>
            </conditions>
            <connector>
                <targetReference>Send_Rejected_Email</targetReference>
            </connector>
            <label>Rejected</label>
        </rules>
    </decisions>
    <description>When a Opportunity Cross-Sell Request is either accepted or rejected, send an email alert to the Prime Opportunity Owner</description>
    <environments>Default</environments>
    <formulas>
        <name>Email_Subject</name>
        <dataType>String</dataType>
        <expression>{!$Record.Partner__r.Name} &amp; &quot; has &quot; &amp; TEXT({!$Record.Status__c}) &amp; &quot; your invitation to participate in &quot; &amp; {!$Record.Opportunity__r.Name}</expression>
    </formulas>
    <formulas>
        <name>Record_Link</name>
        <dataType>String</dataType>
        <expression>LEFT($Api.Partner_Server_URL_580, FIND(&apos;/services&apos;, $Api.Partner_Server_URL_580)) &amp; {!$Record.Opportunity__r.Id}</expression>
    </formulas>
    <interviewLabel>[Opportunity Cross-Sell Request] Send Email Alert For Accepted/Rejected Requests {!$Flow.CurrentDateTime}</interviewLabel>
    <label>[Opportunity Cross-Sell Request] Send Email Alert For Accepted/Rejected Requests</label>
    <processMetadataValues>
        <name>BuilderType</name>
        <value>
            <stringValue>LightningFlowBuilder</stringValue>
        </value>
    </processMetadataValues>
    <processMetadataValues>
        <name>CanvasMode</name>
        <value>
            <stringValue>AUTO_LAYOUT_CANVAS</stringValue>
        </value>
    </processMetadataValues>
    <processMetadataValues>
        <name>OriginBuilderType</name>
        <value>
            <stringValue>LightningFlowBuilder</stringValue>
        </value>
    </processMetadataValues>
    <processType>AutoLaunchedFlow</processType>
    <start>
        <locationX>188</locationX>
        <locationY>0</locationY>
        <connector>
            <targetReference>Set_Email_Recipients</targetReference>
        </connector>
        <doesRequireRecordChangedToMeetCriteria>true</doesRequireRecordChangedToMeetCriteria>
        <filterLogic>or</filterLogic>
        <filters>
            <field>Status__c</field>
            <operator>EqualTo</operator>
            <value>
                <stringValue>Accepted</stringValue>
            </value>
        </filters>
        <filters>
            <field>Status__c</field>
            <operator>EqualTo</operator>
            <value>
                <stringValue>Rejected</stringValue>
            </value>
        </filters>
        <object>Opportunity_Cross_Sell_Request__c</object>
        <recordTriggerType>Update</recordTriggerType>
        <triggerType>RecordAfterSave</triggerType>
    </start>
    <status>Active</status>
    <textTemplates>
        <name>Email_Body_Accept</name>
        <isViewedAsPlainText>false</isViewedAsPlainText>
        <text>&lt;p&gt;Hello {!$Record.Opportunity__r.Owner.FirstName},&lt;/p&gt;&lt;p&gt;{!$Record.Partner__r.Name} has accepted your invitation to participate in {!$Record.Opportunity__r.Name}. Please create a child opportunity and assign it to {!$Record.Partner__r.Sales_Leader_EPP_Contact__r.FirstName} {!$Record.Partner__r.Sales_Leader_EPP_Contact__r.LastName}.&lt;/p&gt;&lt;ul&gt;&lt;li&gt;&lt;a href=&quot;{!Record_Link}&quot; rel=&quot;noopener noreferrer&quot; target=&quot;_blank&quot;&gt;Link to Opportunity&lt;/a&gt;&lt;/li&gt;&lt;/ul&gt;</text>
    </textTemplates>
    <textTemplates>
        <name>Email_Body_Reject</name>
        <isViewedAsPlainText>false</isViewedAsPlainText>
        <text>&lt;p&gt;Hello {!$Record.Opportunity__r.Owner.FirstName},&lt;/p&gt;&lt;p&gt;{!$Record.Partner__r.Name} has rejected your invitation to participate in {!$Record.Opportunity__r.Name}. You will find the reason provided below. Please re-run the Find Cross-Sell Partner process again to invite additional partners to participate as needed.&lt;/p&gt;&lt;ul&gt;&lt;li&gt;Reason for Rejection: {!$Record.Reject_Reason__c}&lt;/li&gt;&lt;/ul&gt;</text>
    </textTemplates>
    <variables>
        <name>Email_Recipients</name>
        <dataType>String</dataType>
        <isCollection>true</isCollection>
        <isInput>false</isInput>
        <isOutput>false</isOutput>
    </variables>
</Flow>
