<?xml version="1.0" encoding="UTF-8"?>
<Flow xmlns="http://soap.sforce.com/2006/04/metadata">
    <apiVersion>62.0</apiVersion>
    <areMetricsLoggedToDataCloud>false</areMetricsLoggedToDataCloud>
    <assignments>
        <name>Set_Var_Owner</name>
        <label>Set Var_Owner</label>
        <locationX>50</locationX>
        <locationY>731</locationY>
        <assignmentItems>
            <assignToReference>Var_owner</assignToReference>
            <operator>Assign</operator>
            <value>
                <elementReference>$User.Id</elementReference>
            </value>
        </assignmentItems>
        <connector>
            <targetReference>Any_Fields_To_Update</targetReference>
        </connector>
    </assignments>
    <assignments>
        <name>StoryRecordSingle</name>
        <label>StoryRecordSingle</label>
        <locationX>50</locationX>
        <locationY>431</locationY>
        <assignmentItems>
            <assignToReference>Var_EndDate</assignToReference>
            <operator>Assign</operator>
            <value>
                <elementReference>Var_Today</elementReference>
            </value>
        </assignmentItems>
        <connector>
            <targetReference>Is_Owner_Blank</targetReference>
        </connector>
    </assignments>
    <decisions>
        <name>Any_Fields_To_Update</name>
        <label>Any Fields To Update</label>
        <locationX>182</locationX>
        <locationY>923</locationY>
        <defaultConnectorLabel>Default Outcome</defaultConnectorLabel>
        <rules>
            <name>Yes</name>
            <conditionLogic>or</conditionLogic>
            <conditions>
                <leftValueReference>Var_EndDate</leftValueReference>
                <operator>IsBlank</operator>
                <rightValue>
                    <booleanValue>false</booleanValue>
                </rightValue>
            </conditions>
            <conditions>
                <leftValueReference>Var_owner</leftValueReference>
                <operator>IsBlank</operator>
                <rightValue>
                    <booleanValue>false</booleanValue>
                </rightValue>
            </conditions>
            <connector>
                <targetReference>Update_Record</targetReference>
            </connector>
            <label>Yes</label>
        </rules>
    </decisions>
    <decisions>
        <name>Has_Status_Changed_To_Done</name>
        <label>Has Status Changed To Done</label>
        <locationX>182</locationX>
        <locationY>323</locationY>
        <defaultConnector>
            <targetReference>Is_Owner_Blank</targetReference>
        </defaultConnector>
        <defaultConnectorLabel>Default Outcome</defaultConnectorLabel>
        <rules>
            <name>Yes_Its_Done</name>
            <conditionLogic>and</conditionLogic>
            <conditions>
                <leftValueReference>$Record.Status__c</leftValueReference>
                <operator>IsChanged</operator>
                <rightValue>
                    <booleanValue>true</booleanValue>
                </rightValue>
            </conditions>
            <conditions>
                <leftValueReference>$Record.Status__c</leftValueReference>
                <operator>EqualTo</operator>
                <rightValue>
                    <stringValue>Done</stringValue>
                </rightValue>
            </conditions>
            <connector>
                <targetReference>StoryRecordSingle</targetReference>
            </connector>
            <label>Yes Its Done</label>
        </rules>
    </decisions>
    <decisions>
        <name>Is_Owner_Blank</name>
        <label>Is Owner Blank?</label>
        <locationX>182</locationX>
        <locationY>623</locationY>
        <defaultConnector>
            <targetReference>Any_Fields_To_Update</targetReference>
        </defaultConnector>
        <defaultConnectorLabel>Default Outcome</defaultConnectorLabel>
        <rules>
            <name>Yes_Owner_Is_blank</name>
            <conditionLogic>and</conditionLogic>
            <conditions>
                <leftValueReference>$Record.Owner__r.Id</leftValueReference>
                <operator>IsBlank</operator>
                <rightValue>
                    <booleanValue>true</booleanValue>
                </rightValue>
            </conditions>
            <connector>
                <targetReference>Set_Var_Owner</targetReference>
            </connector>
            <label>Yes Owner Is blank</label>
        </rules>
    </decisions>
    <environments>Default</environments>
    <interviewLabel>[PMT Story] On New Or Save {!$Flow.CurrentDateTime}</interviewLabel>
    <label>[PMT Story] On New Or Save</label>
    <processMetadataValues>
        <name>BuilderType</name>
        <value>
            <stringValue>LightningFlowBuilder</stringValue>
        </value>
    </processMetadataValues>
    <processMetadataValues>
        <name>CanvasMode</name>
        <value>
            <stringValue>AUTO_LAYOUT_CANVAS</stringValue>
        </value>
    </processMetadataValues>
    <processMetadataValues>
        <name>OriginBuilderType</name>
        <value>
            <stringValue>LightningFlowBuilder</stringValue>
        </value>
    </processMetadataValues>
    <processType>AutoLaunchedFlow</processType>
    <recordUpdates>
        <name>Update_Record</name>
        <label>Update Record</label>
        <locationX>50</locationX>
        <locationY>1031</locationY>
        <inputAssignments>
            <field>End_Date__c</field>
            <value>
                <elementReference>Var_EndDate</elementReference>
            </value>
        </inputAssignments>
        <inputAssignments>
            <field>Owner__c</field>
            <value>
                <elementReference>Var_owner</elementReference>
            </value>
        </inputAssignments>
        <inputReference>$Record</inputReference>
    </recordUpdates>
    <start>
        <locationX>56</locationX>
        <locationY>0</locationY>
        <connector>
            <targetReference>Has_Status_Changed_To_Done</targetReference>
        </connector>
        <object>PMT_Story__c</object>
        <recordTriggerType>CreateAndUpdate</recordTriggerType>
        <triggerType>RecordAfterSave</triggerType>
    </start>
    <status>Active</status>
    <variables>
        <name>Var_EndDate</name>
        <dataType>Date</dataType>
        <isCollection>false</isCollection>
        <isInput>false</isInput>
        <isOutput>false</isOutput>
    </variables>
    <variables>
        <name>Var_owner</name>
        <dataType>String</dataType>
        <isCollection>false</isCollection>
        <isInput>false</isInput>
        <isOutput>false</isOutput>
    </variables>
    <variables>
        <name>Var_PMT_StoryRecordSingle</name>
        <dataType>SObject</dataType>
        <isCollection>false</isCollection>
        <isInput>false</isInput>
        <isOutput>false</isOutput>
        <objectType>PMT_Story__c</objectType>
    </variables>
    <variables>
        <name>Var_Today</name>
        <dataType>Date</dataType>
        <isCollection>false</isCollection>
        <isInput>false</isInput>
        <isOutput>false</isOutput>
        <value>
            <elementReference>$Flow.CurrentDate</elementReference>
        </value>
    </variables>
</Flow>
