<?xml version="1.0" encoding="UTF-8"?>
<Flow xmlns="http://soap.sforce.com/2006/04/metadata" xmlns:xsi="http://www.w3.org/2001/XMLSchema-instance">
    <actionCalls>
        <name>Create_New_Document</name>
        <label>Create New Document</label>
        <locationX>314</locationX>
        <locationY>674</locationY>
        <actionName>webm__WebmergeGenerator</actionName>
        <actionType>apex</actionType>
        <connector>
            <targetReference>Success</targetReference>
        </connector>
        <flowTransactionModel>Automatic</flowTransactionModel>
        <inputParameters>
            <name>sfRecordId</name>
            <value>
                <elementReference>Get_Opportunities.Id</elementReference>
            </value>
        </inputParameters>
        <inputParameters>
            <name>wmMappingId</name>
            <value>
                <stringValue>a2GUw000000gQpJMAU</stringValue>
            </value>
        </inputParameters>
        <nameSegment>webm__WebmergeGenerator</nameSegment>
        <offset>0</offset>
    </actionCalls>
    <actionCalls>
        <name>Go_To_S_W_Form</name>
        <label>Go To S&amp;W Form</label>
        <locationX>50</locationX>
        <locationY>350</locationY>
        <actionName>c:fsc_openUrl</actionName>
        <actionType>component</actionType>
        <flowTransactionModel>CurrentTransaction</flowTransactionModel>
        <inputParameters>
            <name>url</name>
            <value>
                <elementReference>FM_SWForm</elementReference>
            </value>
        </inputParameters>
        <nameSegment>c:fsc_openUrl</nameSegment>
        <offset>0</offset>
        <storeOutputAutomatically>true</storeOutputAutomatically>
    </actionCalls>
    <apiVersion>62.0</apiVersion>
    <areMetricsLoggedToDataCloud>false</areMetricsLoggedToDataCloud>
    <decisions>
        <name>Does_Opp_Have_a_S_W_Form</name>
        <label>Does Opp Have a S&amp;W Form</label>
        <locationX>182</locationX>
        <locationY>242</locationY>
        <defaultConnector>
            <targetReference>New_Job_Setup</targetReference>
        </defaultConnector>
        <defaultConnectorLabel>Default Outcome</defaultConnectorLabel>
        <rules>
            <name>Temp_Solution</name>
            <conditionLogic>and</conditionLogic>
            <conditions>
                <leftValueReference>Get_Opportunities.S_W_Form__c</leftValueReference>
                <operator>IsNull</operator>
                <rightValue>
                    <booleanValue>false</booleanValue>
                </rightValue>
            </conditions>
            <connector>
                <targetReference>Go_To_S_W_Form</targetReference>
            </connector>
            <label>Yes has record</label>
        </rules>
    </decisions>
    <description>v6 added success message</description>
    <dynamicChoiceSets>
        <name>PCS_CostCenter</name>
        <dataType>Picklist</dataType>
        <displayField xsi:nil="true"/>
        <object xsi:nil="true"/>
        <picklistField>Cost_Center__c</picklistField>
        <picklistObject>S_W_Forms__c</picklistObject>
    </dynamicChoiceSets>
    <dynamicChoiceSets>
        <name>PCS_CustomerChannel</name>
        <dataType>Picklist</dataType>
        <displayField xsi:nil="true"/>
        <object xsi:nil="true"/>
        <picklistField>Customer_Channel__c</picklistField>
        <picklistObject>S_W_Forms__c</picklistObject>
    </dynamicChoiceSets>
    <dynamicChoiceSets>
        <name>PCS_MarketSegment</name>
        <dataType>Picklist</dataType>
        <displayField xsi:nil="true"/>
        <object xsi:nil="true"/>
        <picklistField>Market_Segment__c</picklistField>
        <picklistObject>S_W_Forms__c</picklistObject>
    </dynamicChoiceSets>
    <dynamicChoiceSets>
        <name>PCS_PriceType</name>
        <dataType>Picklist</dataType>
        <displayField xsi:nil="true"/>
        <object xsi:nil="true"/>
        <picklistField>Price_Type__c</picklistField>
        <picklistObject>S_W_Forms__c</picklistObject>
    </dynamicChoiceSets>
    <dynamicChoiceSets>
        <name>PCS_Taxable</name>
        <dataType>Picklist</dataType>
        <displayField xsi:nil="true"/>
        <object xsi:nil="true"/>
        <picklistField>Taxable__c</picklistField>
        <picklistObject>S_W_Forms__c</picklistObject>
    </dynamicChoiceSets>
    <dynamicChoiceSets>
        <name>PCS_TermsCode</name>
        <dataType>Picklist</dataType>
        <displayField xsi:nil="true"/>
        <object xsi:nil="true"/>
        <picklistField>Payment_Terms__c</picklistField>
        <picklistObject>S_W_Forms__c</picklistObject>
    </dynamicChoiceSets>
    <environments>Default</environments>
    <formulas>
        <name>FM_City</name>
        <dataType>String</dataType>
        <expression>{!Get_Opportunities.Account.BillingCity}</expression>
    </formulas>
    <formulas>
        <name>FM_PostalCode</name>
        <dataType>String</dataType>
        <expression>{!Get_Opportunities.Account.BillingPostalCode}</expression>
    </formulas>
    <formulas>
        <name>FM_SiteStreet</name>
        <dataType>String</dataType>
        <expression>{!Get_Opportunities.Account.BillingStreet}</expression>
    </formulas>
    <formulas>
        <name>FM_State</name>
        <dataType>String</dataType>
        <expression>SUBSTITUTE({!Get_Opportunities.Account.BillingState}, &quot;,&quot;, &quot;&quot;)</expression>
    </formulas>
    <formulas>
        <name>FM_SWForm</name>
        <dataType>String</dataType>
        <expression>&quot;https://creteunited.lightning.force.com/&quot; + {!Get_Opportunities.S_W_Form__r.Id}</expression>
    </formulas>
    <interviewLabel>[S&amp;W Forms] Create New Job Setup Sheet {!$Flow.CurrentDateTime}</interviewLabel>
    <label>[S&amp;W Forms] Create New Job Setup Sheet</label>
    <processMetadataValues>
        <name>BuilderType</name>
        <value>
            <stringValue>LightningFlowBuilder</stringValue>
        </value>
    </processMetadataValues>
    <processMetadataValues>
        <name>CanvasMode</name>
        <value>
            <stringValue>AUTO_LAYOUT_CANVAS</stringValue>
        </value>
    </processMetadataValues>
    <processMetadataValues>
        <name>OriginBuilderType</name>
        <value>
            <stringValue>LightningFlowBuilder</stringValue>
        </value>
    </processMetadataValues>
    <processType>Flow</processType>
    <recordCreates>
        <name>Create_New_S_W_Form</name>
        <label>Create New S&amp;W Form</label>
        <locationX>314</locationX>
        <locationY>458</locationY>
        <assignRecordIdToReference>Var_NewSWFormId</assignRecordIdToReference>
        <connector>
            <targetReference>Update_Opp</targetReference>
        </connector>
        <inputAssignments>
            <field>Billing_Address__City__s</field>
            <value>
                <elementReference>Var_BillingCity</elementReference>
            </value>
        </inputAssignments>
        <inputAssignments>
            <field>Billing_Address__PostalCode__s</field>
            <value>
                <elementReference>Var_BillingPostal</elementReference>
            </value>
        </inputAssignments>
        <inputAssignments>
            <field>Billing_Address__StateCode__s</field>
            <value>
                <elementReference>Var_BillingState</elementReference>
            </value>
        </inputAssignments>
        <inputAssignments>
            <field>Billing_Address__Street__s</field>
            <value>
                <elementReference>Var_BillingStreet</elementReference>
            </value>
        </inputAssignments>
        <inputAssignments>
            <field>Cost_Center__c</field>
            <value>
                <elementReference>Cost_Center</elementReference>
            </value>
        </inputAssignments>
        <inputAssignments>
            <field>Customer_Channel__c</field>
            <value>
                <elementReference>Customer_Channel</elementReference>
            </value>
        </inputAssignments>
        <inputAssignments>
            <field>Equipment_Cost__c</field>
            <value>
                <elementReference>Internal_Equipment_Cost</elementReference>
            </value>
        </inputAssignments>
        <inputAssignments>
            <field>Equipment_Quantity__c</field>
            <value>
                <elementReference>Internal_Equipment_Qty</elementReference>
            </value>
        </inputAssignments>
        <inputAssignments>
            <field>Job_Contact_1__c</field>
            <value>
                <elementReference>JobContact1.recordId</elementReference>
            </value>
        </inputAssignments>
        <inputAssignments>
            <field>Job_Contact_2__c</field>
            <value>
                <elementReference>JobContact2.recordId</elementReference>
            </value>
        </inputAssignments>
        <inputAssignments>
            <field>Job_Contact_3__c</field>
            <value>
                <elementReference>JobContact3.recordId</elementReference>
            </value>
        </inputAssignments>
        <inputAssignments>
            <field>Job_Contact_4__c</field>
            <value>
                <elementReference>JobContact4.recordId</elementReference>
            </value>
        </inputAssignments>
        <inputAssignments>
            <field>Labor_Cost__c</field>
            <value>
                <elementReference>Labor_Cost</elementReference>
            </value>
        </inputAssignments>
        <inputAssignments>
            <field>Labor_Hours__c</field>
            <value>
                <elementReference>Labor_Hours</elementReference>
            </value>
        </inputAssignments>
        <inputAssignments>
            <field>Market_Segment__c</field>
            <value>
                <elementReference>Market_Segment</elementReference>
            </value>
        </inputAssignments>
        <inputAssignments>
            <field>Materials_Cost__c</field>
            <value>
                <elementReference>Materials_Cost</elementReference>
            </value>
        </inputAssignments>
        <inputAssignments>
            <field>Materials_Quanity__c</field>
            <value>
                <elementReference>Materials_QTY</elementReference>
            </value>
        </inputAssignments>
        <inputAssignments>
            <field>Opportunity__c</field>
            <value>
                <stringValue>{!Get_Opportunities.Id}</stringValue>
            </value>
        </inputAssignments>
        <inputAssignments>
            <field>Other_Cost__c</field>
            <value>
                <elementReference>Other_Cost</elementReference>
            </value>
        </inputAssignments>
        <inputAssignments>
            <field>Other_Quantity__c</field>
            <value>
                <elementReference>Other_QTY</elementReference>
            </value>
        </inputAssignments>
        <inputAssignments>
            <field>Payment_Terms__c</field>
            <value>
                <elementReference>Payment_Terms</elementReference>
            </value>
        </inputAssignments>
        <inputAssignments>
            <field>Project_Manager__c</field>
            <value>
                <elementReference>Get_Opportunities.Owner__r.Company_Name__c</elementReference>
            </value>
        </inputAssignments>
        <inputAssignments>
            <field>Rented_Equipment_Cost__c</field>
            <value>
                <elementReference>Rented_Equipment_Cost</elementReference>
            </value>
        </inputAssignments>
        <inputAssignments>
            <field>Rented_Equipment_Quanity__c</field>
            <value>
                <elementReference>Rented_Equipment_Qty</elementReference>
            </value>
        </inputAssignments>
        <inputAssignments>
            <field>Site_Address__City__s</field>
            <value>
                <elementReference>Var_ShippingCity</elementReference>
            </value>
        </inputAssignments>
        <inputAssignments>
            <field>Site_Address__PostalCode__s</field>
            <value>
                <elementReference>Var_ShippingPostal</elementReference>
            </value>
        </inputAssignments>
        <inputAssignments>
            <field>Site_Address__StateCode__s</field>
            <value>
                <elementReference>Var_ShippingState</elementReference>
            </value>
        </inputAssignments>
        <inputAssignments>
            <field>Site_Address__Street__s</field>
            <value>
                <elementReference>Var_ShippingStreet</elementReference>
            </value>
        </inputAssignments>
        <inputAssignments>
            <field>Subcontract_Cost__c</field>
            <value>
                <elementReference>Subcontract_Cost</elementReference>
            </value>
        </inputAssignments>
        <inputAssignments>
            <field>Subcontract__c</field>
            <value>
                <elementReference>Subcontract_Qty</elementReference>
            </value>
        </inputAssignments>
        <inputAssignments>
            <field>Taxable__c</field>
            <value>
                <elementReference>Taxable</elementReference>
            </value>
        </inputAssignments>
        <inputAssignments>
            <field>Travel_Hours__c</field>
            <value>
                <elementReference>Travel_Time_Hours</elementReference>
            </value>
        </inputAssignments>
        <inputAssignments>
            <field>Travel_Time_Cost__c</field>
            <value>
                <elementReference>Travel_Time_Cost</elementReference>
            </value>
        </inputAssignments>
        <object>S_W_Forms__c</object>
    </recordCreates>
    <recordLookups>
        <name>Get_Opportunities</name>
        <label>Get Opportunities</label>
        <locationX>182</locationX>
        <locationY>134</locationY>
        <assignNullValuesIfNoRecordsFound>false</assignNullValuesIfNoRecordsFound>
        <connector>
            <targetReference>Does_Opp_Have_a_S_W_Form</targetReference>
        </connector>
        <filterLogic>and</filterLogic>
        <filters>
            <field>Id</field>
            <operator>EqualTo</operator>
            <value>
                <elementReference>Var_TriggeringOPP</elementReference>
            </value>
        </filters>
        <getFirstRecordOnly>true</getFirstRecordOnly>
        <object>Opportunity</object>
        <storeOutputAutomatically>true</storeOutputAutomatically>
    </recordLookups>
    <recordUpdates>
        <name>Update_Opp</name>
        <label>Update Opp</label>
        <locationX>314</locationX>
        <locationY>566</locationY>
        <connector>
            <targetReference>Create_New_Document</targetReference>
        </connector>
        <filterLogic>and</filterLogic>
        <filters>
            <field>Id</field>
            <operator>EqualTo</operator>
            <value>
                <elementReference>Get_Opportunities.Id</elementReference>
            </value>
        </filters>
        <inputAssignments>
            <field>S_W_Form__c</field>
            <value>
                <elementReference>Var_NewSWFormId</elementReference>
            </value>
        </inputAssignments>
        <object>Opportunity</object>
    </recordUpdates>
    <screens>
        <name>New_Job_Setup</name>
        <label>New Job Setup</label>
        <locationX>314</locationX>
        <locationY>350</locationY>
        <allowBack>true</allowBack>
        <allowFinish>true</allowFinish>
        <allowPause>true</allowPause>
        <connector>
            <targetReference>Create_New_S_W_Form</targetReference>
        </connector>
        <fields>
            <name>Header</name>
            <fieldText>&lt;p style=&quot;text-align: center;&quot;&gt;&lt;strong&gt;New Job Setup Sheet&lt;/strong&gt;&lt;/p&gt;</fieldText>
            <fieldType>DisplayText</fieldType>
            <styleProperties>
                <verticalAlignment>
                    <stringValue>top</stringValue>
                </verticalAlignment>
                <width>
                    <stringValue>12</stringValue>
                </width>
            </styleProperties>
        </fields>
        <fields>
            <name>Job_Information</name>
            <fieldText>Job Information</fieldText>
            <fieldType>RegionContainer</fieldType>
            <fields>
                <name>Job_Information_Column1</name>
                <fieldType>Region</fieldType>
                <fields>
                    <name>Jobcode</name>
                    <fieldText>&lt;p&gt;Job Code: {!Get_Opportunities.Job_Number_Booking_Number__c}&lt;/p&gt;</fieldText>
                    <fieldType>DisplayText</fieldType>
                    <styleProperties>
                        <verticalAlignment>
                            <stringValue>top</stringValue>
                        </verticalAlignment>
                        <width>
                            <stringValue>12</stringValue>
                        </width>
                    </styleProperties>
                </fields>
                <fields>
                    <name>ProjectManagerName</name>
                    <fieldText>&lt;p&gt;Project Manager: {!Get_Opportunities.Owner.Email}&lt;/p&gt;</fieldText>
                    <fieldType>DisplayText</fieldType>
                    <styleProperties>
                        <verticalAlignment>
                            <stringValue>top</stringValue>
                        </verticalAlignment>
                        <width>
                            <stringValue>12</stringValue>
                        </width>
                    </styleProperties>
                </fields>
                <fields>
                    <name>Description</name>
                    <fieldText>&lt;p&gt;Description: {!Get_Opportunities.Name}&lt;/p&gt;</fieldText>
                    <fieldType>DisplayText</fieldType>
                    <styleProperties>
                        <verticalAlignment>
                            <stringValue>top</stringValue>
                        </verticalAlignment>
                        <width>
                            <stringValue>12</stringValue>
                        </width>
                    </styleProperties>
                </fields>
                <fields>
                    <name>Cost_Center</name>
                    <choiceReferences>PCS_CostCenter</choiceReferences>
                    <dataType>String</dataType>
                    <fieldText>Cost Center</fieldText>
                    <fieldType>DropdownBox</fieldType>
                    <inputsOnNextNavToAssocScrn>UseStoredValues</inputsOnNextNavToAssocScrn>
                    <isRequired>true</isRequired>
                    <styleProperties>
                        <verticalAlignment>
                            <stringValue>top</stringValue>
                        </verticalAlignment>
                        <width>
                            <stringValue>12</stringValue>
                        </width>
                    </styleProperties>
                </fields>
                <fields>
                    <name>Customer</name>
                    <fieldText>&lt;p&gt;Customer: {!Get_Opportunities.Account.Company_Name__c}&lt;/p&gt;</fieldText>
                    <fieldType>DisplayText</fieldType>
                    <styleProperties>
                        <verticalAlignment>
                            <stringValue>top</stringValue>
                        </verticalAlignment>
                        <width>
                            <stringValue>12</stringValue>
                        </width>
                    </styleProperties>
                </fields>
                <fields>
                    <name>Is_a_new_customer</name>
                    <dataType>Boolean</dataType>
                    <fieldText>Is a new customer?</fieldText>
                    <fieldType>InputField</fieldType>
                    <inputsOnNextNavToAssocScrn>UseStoredValues</inputsOnNextNavToAssocScrn>
                    <isRequired>true</isRequired>
                    <styleProperties>
                        <verticalAlignment>
                            <stringValue>top</stringValue>
                        </verticalAlignment>
                        <width>
                            <stringValue>12</stringValue>
                        </width>
                    </styleProperties>
                </fields>
                <fields>
                    <name>OriginalContactAmount</name>
                    <fieldText>&lt;p&gt;Original Contact Amount: {!Get_Opportunities.Amount}&lt;/p&gt;</fieldText>
                    <fieldType>DisplayText</fieldType>
                    <styleProperties>
                        <verticalAlignment>
                            <stringValue>top</stringValue>
                        </verticalAlignment>
                        <width>
                            <stringValue>12</stringValue>
                        </width>
                    </styleProperties>
                </fields>
                <fields>
                    <name>Taxable</name>
                    <choiceReferences>PCS_Taxable</choiceReferences>
                    <dataType>String</dataType>
                    <fieldText>Taxable?</fieldText>
                    <fieldType>DropdownBox</fieldType>
                    <inputsOnNextNavToAssocScrn>UseStoredValues</inputsOnNextNavToAssocScrn>
                    <isRequired>true</isRequired>
                    <styleProperties>
                        <verticalAlignment>
                            <stringValue>top</stringValue>
                        </verticalAlignment>
                        <width>
                            <stringValue>12</stringValue>
                        </width>
                    </styleProperties>
                </fields>
                <fields>
                    <name>Price_Type</name>
                    <choiceReferences>PCS_PriceType</choiceReferences>
                    <dataType>String</dataType>
                    <fieldText>Price Type</fieldText>
                    <fieldType>DropdownBox</fieldType>
                    <inputsOnNextNavToAssocScrn>UseStoredValues</inputsOnNextNavToAssocScrn>
                    <isRequired>true</isRequired>
                    <styleProperties>
                        <verticalAlignment>
                            <stringValue>top</stringValue>
                        </verticalAlignment>
                        <width>
                            <stringValue>12</stringValue>
                        </width>
                    </styleProperties>
                </fields>
                <fields>
                    <name>SiteAddress</name>
                    <extensionName>flowruntime:address</extensionName>
                    <fieldType>ComponentInstance</fieldType>
                    <inputParameters>
                        <name>addressLabel</name>
                        <value>
                            <stringValue>Address (Job Location):</stringValue>
                        </value>
                    </inputParameters>
                    <inputParameters>
                        <name>street</name>
                        <value>
                            <elementReference>FM_SiteStreet</elementReference>
                        </value>
                    </inputParameters>
                    <inputParameters>
                        <name>city</name>
                        <value>
                            <elementReference>FM_City</elementReference>
                        </value>
                    </inputParameters>
                    <inputParameters>
                        <name>province</name>
                        <value>
                            <elementReference>FM_State</elementReference>
                        </value>
                    </inputParameters>
                    <inputParameters>
                        <name>postalCode</name>
                        <value>
                            <elementReference>FM_PostalCode</elementReference>
                        </value>
                    </inputParameters>
                    <inputsOnNextNavToAssocScrn>ResetValues</inputsOnNextNavToAssocScrn>
                    <isRequired>true</isRequired>
                    <outputParameters>
                        <assignToReference>Var_ShippingCity</assignToReference>
                        <name>city</name>
                    </outputParameters>
                    <outputParameters>
                        <assignToReference>Var_ShippingPostal</assignToReference>
                        <name>postalCode</name>
                    </outputParameters>
                    <outputParameters>
                        <assignToReference>Var_ShippingStreet</assignToReference>
                        <name>street</name>
                    </outputParameters>
                    <outputParameters>
                        <assignToReference>Var_ShippingState</assignToReference>
                        <name>provinceCode</name>
                    </outputParameters>
                    <styleProperties>
                        <verticalAlignment>
                            <stringValue>top</stringValue>
                        </verticalAlignment>
                        <width>
                            <stringValue>12</stringValue>
                        </width>
                    </styleProperties>
                </fields>
                <inputParameters>
                    <name>width</name>
                    <value>
                        <stringValue>12</stringValue>
                    </value>
                </inputParameters>
                <isRequired>false</isRequired>
            </fields>
            <isRequired>false</isRequired>
            <regionContainerType>SectionWithHeader</regionContainerType>
            <styleProperties>
                <verticalAlignment>
                    <stringValue>top</stringValue>
                </verticalAlignment>
                <width>
                    <stringValue>12</stringValue>
                </width>
            </styleProperties>
        </fields>
        <fields>
            <name>New_Customer</name>
            <fieldText>New Customer</fieldText>
            <fieldType>RegionContainer</fieldType>
            <fields>
                <name>New_Customer_Column1</name>
                <fieldType>Region</fieldType>
                <fields>
                    <name>Payment_Terms</name>
                    <choiceReferences>PCS_TermsCode</choiceReferences>
                    <dataType>String</dataType>
                    <fieldText>Terms Code</fieldText>
                    <fieldType>DropdownBox</fieldType>
                    <inputsOnNextNavToAssocScrn>UseStoredValues</inputsOnNextNavToAssocScrn>
                    <isRequired>false</isRequired>
                    <styleProperties>
                        <verticalAlignment>
                            <stringValue>top</stringValue>
                        </verticalAlignment>
                        <width>
                            <stringValue>12</stringValue>
                        </width>
                    </styleProperties>
                </fields>
                <fields>
                    <name>NewCustomerBillingAddress</name>
                    <extensionName>flowruntime:address</extensionName>
                    <fieldType>ComponentInstance</fieldType>
                    <inputParameters>
                        <name>addressLabel</name>
                        <value>
                            <stringValue>Billing Address </stringValue>
                        </value>
                    </inputParameters>
                    <inputParameters>
                        <name>street</name>
                        <value>
                            <elementReference>FM_SiteStreet</elementReference>
                        </value>
                    </inputParameters>
                    <inputParameters>
                        <name>city</name>
                        <value>
                            <elementReference>FM_City</elementReference>
                        </value>
                    </inputParameters>
                    <inputParameters>
                        <name>province</name>
                        <value>
                            <elementReference>FM_State</elementReference>
                        </value>
                    </inputParameters>
                    <inputParameters>
                        <name>postalCode</name>
                        <value>
                            <elementReference>FM_PostalCode</elementReference>
                        </value>
                    </inputParameters>
                    <inputsOnNextNavToAssocScrn>UseStoredValues</inputsOnNextNavToAssocScrn>
                    <isRequired>true</isRequired>
                    <outputParameters>
                        <assignToReference>Var_BillingCity</assignToReference>
                        <name>city</name>
                    </outputParameters>
                    <outputParameters>
                        <assignToReference>Var_BillingPostal</assignToReference>
                        <name>postalCode</name>
                    </outputParameters>
                    <outputParameters>
                        <assignToReference>Var_BillingState</assignToReference>
                        <name>provinceCode</name>
                    </outputParameters>
                    <outputParameters>
                        <assignToReference>Var_BillingStreet</assignToReference>
                        <name>street</name>
                    </outputParameters>
                    <styleProperties>
                        <verticalAlignment>
                            <stringValue>top</stringValue>
                        </verticalAlignment>
                        <width>
                            <stringValue>12</stringValue>
                        </width>
                    </styleProperties>
                </fields>
                <inputParameters>
                    <name>width</name>
                    <value>
                        <stringValue>12</stringValue>
                    </value>
                </inputParameters>
                <isRequired>false</isRequired>
            </fields>
            <isRequired>false</isRequired>
            <regionContainerType>SectionWithHeader</regionContainerType>
            <styleProperties>
                <verticalAlignment>
                    <stringValue>top</stringValue>
                </verticalAlignment>
                <width>
                    <stringValue>12</stringValue>
                </width>
            </styleProperties>
            <visibilityRule>
                <conditionLogic>and</conditionLogic>
                <conditions>
                    <leftValueReference>Is_a_new_customer</leftValueReference>
                    <operator>EqualTo</operator>
                    <rightValue>
                        <booleanValue>true</booleanValue>
                    </rightValue>
                </conditions>
            </visibilityRule>
        </fields>
        <fields>
            <name>Estimate_Entry</name>
            <fieldText>Estimate Entry</fieldText>
            <fieldType>RegionContainer</fieldType>
            <fields>
                <name>Estimate_Entry_Column1</name>
                <fieldType>Region</fieldType>
                <fields>
                    <name>Internal_Equipment_Qty</name>
                    <dataType>Number</dataType>
                    <fieldText>Internal Equipment Qty</fieldText>
                    <fieldType>InputField</fieldType>
                    <inputsOnNextNavToAssocScrn>UseStoredValues</inputsOnNextNavToAssocScrn>
                    <isRequired>false</isRequired>
                    <scale>0</scale>
                    <styleProperties>
                        <verticalAlignment>
                            <stringValue>top</stringValue>
                        </verticalAlignment>
                        <width>
                            <stringValue>12</stringValue>
                        </width>
                    </styleProperties>
                </fields>
                <fields>
                    <name>Labor_Hours</name>
                    <dataType>Number</dataType>
                    <fieldText>Labor Hours</fieldText>
                    <fieldType>InputField</fieldType>
                    <inputsOnNextNavToAssocScrn>UseStoredValues</inputsOnNextNavToAssocScrn>
                    <isRequired>false</isRequired>
                    <scale>0</scale>
                    <styleProperties>
                        <verticalAlignment>
                            <stringValue>top</stringValue>
                        </verticalAlignment>
                        <width>
                            <stringValue>12</stringValue>
                        </width>
                    </styleProperties>
                </fields>
                <fields>
                    <name>Materials_QTY</name>
                    <dataType>Number</dataType>
                    <fieldText>Materials QTY</fieldText>
                    <fieldType>InputField</fieldType>
                    <inputsOnNextNavToAssocScrn>UseStoredValues</inputsOnNextNavToAssocScrn>
                    <isRequired>false</isRequired>
                    <scale>0</scale>
                    <styleProperties>
                        <verticalAlignment>
                            <stringValue>top</stringValue>
                        </verticalAlignment>
                        <width>
                            <stringValue>12</stringValue>
                        </width>
                    </styleProperties>
                </fields>
                <fields>
                    <name>Other_QTY</name>
                    <dataType>Number</dataType>
                    <fieldText>Other Qty</fieldText>
                    <fieldType>InputField</fieldType>
                    <inputsOnNextNavToAssocScrn>UseStoredValues</inputsOnNextNavToAssocScrn>
                    <isRequired>false</isRequired>
                    <scale>0</scale>
                    <styleProperties>
                        <verticalAlignment>
                            <stringValue>top</stringValue>
                        </verticalAlignment>
                        <width>
                            <stringValue>12</stringValue>
                        </width>
                    </styleProperties>
                </fields>
                <fields>
                    <name>Subcontract_Qty</name>
                    <dataType>Number</dataType>
                    <fieldText>Subcontract Qty</fieldText>
                    <fieldType>InputField</fieldType>
                    <inputsOnNextNavToAssocScrn>UseStoredValues</inputsOnNextNavToAssocScrn>
                    <isRequired>false</isRequired>
                    <scale>0</scale>
                    <styleProperties>
                        <verticalAlignment>
                            <stringValue>top</stringValue>
                        </verticalAlignment>
                        <width>
                            <stringValue>12</stringValue>
                        </width>
                    </styleProperties>
                </fields>
                <fields>
                    <name>Rented_Equipment_Qty</name>
                    <dataType>Number</dataType>
                    <fieldText>Rented Equipment Qty</fieldText>
                    <fieldType>InputField</fieldType>
                    <inputsOnNextNavToAssocScrn>UseStoredValues</inputsOnNextNavToAssocScrn>
                    <isRequired>false</isRequired>
                    <scale>0</scale>
                    <styleProperties>
                        <verticalAlignment>
                            <stringValue>top</stringValue>
                        </verticalAlignment>
                        <width>
                            <stringValue>12</stringValue>
                        </width>
                    </styleProperties>
                </fields>
                <fields>
                    <name>Travel_Time_Hours</name>
                    <dataType>Number</dataType>
                    <fieldText>Travel Time Hours</fieldText>
                    <fieldType>InputField</fieldType>
                    <inputsOnNextNavToAssocScrn>UseStoredValues</inputsOnNextNavToAssocScrn>
                    <isRequired>false</isRequired>
                    <scale>0</scale>
                    <styleProperties>
                        <verticalAlignment>
                            <stringValue>top</stringValue>
                        </verticalAlignment>
                        <width>
                            <stringValue>12</stringValue>
                        </width>
                    </styleProperties>
                </fields>
                <inputParameters>
                    <name>width</name>
                    <value>
                        <stringValue>6</stringValue>
                    </value>
                </inputParameters>
                <isRequired>false</isRequired>
            </fields>
            <fields>
                <name>Estimate_Entry_Column2</name>
                <fieldType>Region</fieldType>
                <fields>
                    <name>Internal_Equipment_Cost</name>
                    <dataType>Currency</dataType>
                    <fieldText>Internal Equipment Cost</fieldText>
                    <fieldType>InputField</fieldType>
                    <inputsOnNextNavToAssocScrn>UseStoredValues</inputsOnNextNavToAssocScrn>
                    <isRequired>false</isRequired>
                    <scale>0</scale>
                    <styleProperties>
                        <verticalAlignment>
                            <stringValue>top</stringValue>
                        </verticalAlignment>
                        <width>
                            <stringValue>12</stringValue>
                        </width>
                    </styleProperties>
                </fields>
                <fields>
                    <name>Labor_Cost</name>
                    <dataType>Currency</dataType>
                    <fieldText>Labor Cost</fieldText>
                    <fieldType>InputField</fieldType>
                    <inputsOnNextNavToAssocScrn>UseStoredValues</inputsOnNextNavToAssocScrn>
                    <isRequired>false</isRequired>
                    <scale>0</scale>
                    <styleProperties>
                        <verticalAlignment>
                            <stringValue>top</stringValue>
                        </verticalAlignment>
                        <width>
                            <stringValue>12</stringValue>
                        </width>
                    </styleProperties>
                </fields>
                <fields>
                    <name>Materials_Cost</name>
                    <dataType>Currency</dataType>
                    <fieldText>Materials Cost</fieldText>
                    <fieldType>InputField</fieldType>
                    <inputsOnNextNavToAssocScrn>UseStoredValues</inputsOnNextNavToAssocScrn>
                    <isRequired>false</isRequired>
                    <scale>0</scale>
                    <styleProperties>
                        <verticalAlignment>
                            <stringValue>top</stringValue>
                        </verticalAlignment>
                        <width>
                            <stringValue>12</stringValue>
                        </width>
                    </styleProperties>
                </fields>
                <fields>
                    <name>Other_Cost</name>
                    <dataType>Currency</dataType>
                    <fieldText>Other Cost</fieldText>
                    <fieldType>InputField</fieldType>
                    <inputsOnNextNavToAssocScrn>UseStoredValues</inputsOnNextNavToAssocScrn>
                    <isRequired>false</isRequired>
                    <scale>0</scale>
                    <styleProperties>
                        <verticalAlignment>
                            <stringValue>top</stringValue>
                        </verticalAlignment>
                        <width>
                            <stringValue>12</stringValue>
                        </width>
                    </styleProperties>
                </fields>
                <fields>
                    <name>Subcontract_Cost</name>
                    <dataType>Currency</dataType>
                    <fieldText>Subcontract Cost</fieldText>
                    <fieldType>InputField</fieldType>
                    <inputsOnNextNavToAssocScrn>UseStoredValues</inputsOnNextNavToAssocScrn>
                    <isRequired>false</isRequired>
                    <scale>0</scale>
                    <styleProperties>
                        <verticalAlignment>
                            <stringValue>top</stringValue>
                        </verticalAlignment>
                        <width>
                            <stringValue>12</stringValue>
                        </width>
                    </styleProperties>
                </fields>
                <fields>
                    <name>Rented_Equipment_Cost</name>
                    <dataType>Currency</dataType>
                    <fieldText>Rented Equipment Cost</fieldText>
                    <fieldType>InputField</fieldType>
                    <inputsOnNextNavToAssocScrn>UseStoredValues</inputsOnNextNavToAssocScrn>
                    <isRequired>false</isRequired>
                    <scale>0</scale>
                    <styleProperties>
                        <verticalAlignment>
                            <stringValue>top</stringValue>
                        </verticalAlignment>
                        <width>
                            <stringValue>12</stringValue>
                        </width>
                    </styleProperties>
                </fields>
                <fields>
                    <name>Travel_Time_Cost</name>
                    <dataType>Currency</dataType>
                    <fieldText>Travel Time Cost</fieldText>
                    <fieldType>InputField</fieldType>
                    <inputsOnNextNavToAssocScrn>UseStoredValues</inputsOnNextNavToAssocScrn>
                    <isRequired>false</isRequired>
                    <scale>0</scale>
                    <styleProperties>
                        <verticalAlignment>
                            <stringValue>top</stringValue>
                        </verticalAlignment>
                        <width>
                            <stringValue>12</stringValue>
                        </width>
                    </styleProperties>
                </fields>
                <inputParameters>
                    <name>width</name>
                    <value>
                        <stringValue>6</stringValue>
                    </value>
                </inputParameters>
                <isRequired>false</isRequired>
            </fields>
            <isRequired>false</isRequired>
            <regionContainerType>SectionWithHeader</regionContainerType>
            <styleProperties>
                <verticalAlignment>
                    <stringValue>top</stringValue>
                </verticalAlignment>
                <width>
                    <stringValue>12</stringValue>
                </width>
            </styleProperties>
        </fields>
        <fields>
            <name>Contacts</name>
            <fieldText>Contacts</fieldText>
            <fieldType>RegionContainer</fieldType>
            <fields>
                <name>Contacts_Column1</name>
                <fieldType>Region</fieldType>
                <fields>
                    <name>JobContact1</name>
                    <extensionName>flowruntime:lookup</extensionName>
                    <fieldType>ComponentInstance</fieldType>
                    <inputParameters>
                        <name>fieldApiName</name>
                        <value>
                            <stringValue>ContactId</stringValue>
                        </value>
                    </inputParameters>
                    <inputParameters>
                        <name>label</name>
                        <value>
                            <stringValue>Job Contact 1 </stringValue>
                        </value>
                    </inputParameters>
                    <inputParameters>
                        <name>objectApiName</name>
                        <value>
                            <stringValue>AccountContactRelation</stringValue>
                        </value>
                    </inputParameters>
                    <inputParameters>
                        <name>disabled</name>
                        <value>
                            <booleanValue>false</booleanValue>
                        </value>
                    </inputParameters>
                    <inputsOnNextNavToAssocScrn>UseStoredValues</inputsOnNextNavToAssocScrn>
                    <isRequired>true</isRequired>
                    <storeOutputAutomatically>true</storeOutputAutomatically>
                    <styleProperties>
                        <verticalAlignment>
                            <stringValue>top</stringValue>
                        </verticalAlignment>
                        <width>
                            <stringValue>12</stringValue>
                        </width>
                    </styleProperties>
                </fields>
                <fields>
                    <name>JobContact2</name>
                    <extensionName>flowruntime:lookup</extensionName>
                    <fieldType>ComponentInstance</fieldType>
                    <inputParameters>
                        <name>fieldApiName</name>
                        <value>
                            <stringValue>ContactId</stringValue>
                        </value>
                    </inputParameters>
                    <inputParameters>
                        <name>label</name>
                        <value>
                            <stringValue>Job Contact 2</stringValue>
                        </value>
                    </inputParameters>
                    <inputParameters>
                        <name>objectApiName</name>
                        <value>
                            <stringValue>AccountContactRelation</stringValue>
                        </value>
                    </inputParameters>
                    <inputParameters>
                        <name>disabled</name>
                        <value>
                            <booleanValue>false</booleanValue>
                        </value>
                    </inputParameters>
                    <inputsOnNextNavToAssocScrn>UseStoredValues</inputsOnNextNavToAssocScrn>
                    <isRequired>true</isRequired>
                    <storeOutputAutomatically>true</storeOutputAutomatically>
                    <styleProperties>
                        <verticalAlignment>
                            <stringValue>top</stringValue>
                        </verticalAlignment>
                        <width>
                            <stringValue>12</stringValue>
                        </width>
                    </styleProperties>
                </fields>
                <fields>
                    <name>JobContact3</name>
                    <extensionName>flowruntime:lookup</extensionName>
                    <fieldType>ComponentInstance</fieldType>
                    <inputParameters>
                        <name>fieldApiName</name>
                        <value>
                            <stringValue>ContactId</stringValue>
                        </value>
                    </inputParameters>
                    <inputParameters>
                        <name>label</name>
                        <value>
                            <stringValue>Job Contact 3</stringValue>
                        </value>
                    </inputParameters>
                    <inputParameters>
                        <name>objectApiName</name>
                        <value>
                            <stringValue>AccountContactRelation</stringValue>
                        </value>
                    </inputParameters>
                    <inputParameters>
                        <name>disabled</name>
                        <value>
                            <booleanValue>false</booleanValue>
                        </value>
                    </inputParameters>
                    <inputsOnNextNavToAssocScrn>UseStoredValues</inputsOnNextNavToAssocScrn>
                    <isRequired>true</isRequired>
                    <storeOutputAutomatically>true</storeOutputAutomatically>
                    <styleProperties>
                        <verticalAlignment>
                            <stringValue>top</stringValue>
                        </verticalAlignment>
                        <width>
                            <stringValue>12</stringValue>
                        </width>
                    </styleProperties>
                </fields>
                <fields>
                    <name>JobContact4</name>
                    <extensionName>flowruntime:lookup</extensionName>
                    <fieldType>ComponentInstance</fieldType>
                    <inputParameters>
                        <name>fieldApiName</name>
                        <value>
                            <stringValue>ContactId</stringValue>
                        </value>
                    </inputParameters>
                    <inputParameters>
                        <name>label</name>
                        <value>
                            <stringValue>Job Contact 4</stringValue>
                        </value>
                    </inputParameters>
                    <inputParameters>
                        <name>objectApiName</name>
                        <value>
                            <stringValue>AccountContactRelation</stringValue>
                        </value>
                    </inputParameters>
                    <inputsOnNextNavToAssocScrn>UseStoredValues</inputsOnNextNavToAssocScrn>
                    <isRequired>true</isRequired>
                    <storeOutputAutomatically>true</storeOutputAutomatically>
                    <styleProperties>
                        <verticalAlignment>
                            <stringValue>top</stringValue>
                        </verticalAlignment>
                        <width>
                            <stringValue>12</stringValue>
                        </width>
                    </styleProperties>
                </fields>
                <inputParameters>
                    <name>width</name>
                    <value>
                        <stringValue>12</stringValue>
                    </value>
                </inputParameters>
                <isRequired>false</isRequired>
            </fields>
            <isRequired>false</isRequired>
            <regionContainerType>SectionWithHeader</regionContainerType>
            <styleProperties>
                <verticalAlignment>
                    <stringValue>top</stringValue>
                </verticalAlignment>
                <width>
                    <stringValue>12</stringValue>
                </width>
            </styleProperties>
        </fields>
        <fields>
            <name>EstStartDate</name>
            <fieldText>&lt;p&gt;Estimated Start Date: {!Get_Opportunities.Start_Date__c}&lt;/p&gt;&lt;p&gt;&lt;span style=&quot;background-color: rgb(255, 255, 255); color: rgb(68, 68, 68);&quot;&gt;Estimated Completion Date: {!Get_Opportunities.End_Date__c}&lt;/span&gt;&lt;/p&gt;</fieldText>
            <fieldType>DisplayText</fieldType>
            <styleProperties>
                <verticalAlignment>
                    <stringValue>top</stringValue>
                </verticalAlignment>
                <width>
                    <stringValue>12</stringValue>
                </width>
            </styleProperties>
        </fields>
        <fields>
            <name>Customer_Channel</name>
            <choiceReferences>PCS_CustomerChannel</choiceReferences>
            <dataType>String</dataType>
            <fieldText>Customer Channel</fieldText>
            <fieldType>DropdownBox</fieldType>
            <inputsOnNextNavToAssocScrn>UseStoredValues</inputsOnNextNavToAssocScrn>
            <isRequired>true</isRequired>
            <styleProperties>
                <verticalAlignment>
                    <stringValue>top</stringValue>
                </verticalAlignment>
                <width>
                    <stringValue>12</stringValue>
                </width>
            </styleProperties>
        </fields>
        <fields>
            <name>Market_Segment</name>
            <choiceReferences>PCS_MarketSegment</choiceReferences>
            <dataType>String</dataType>
            <fieldText>Market Segment</fieldText>
            <fieldType>DropdownBox</fieldType>
            <inputsOnNextNavToAssocScrn>UseStoredValues</inputsOnNextNavToAssocScrn>
            <isRequired>true</isRequired>
            <styleProperties>
                <verticalAlignment>
                    <stringValue>top</stringValue>
                </verticalAlignment>
                <width>
                    <stringValue>12</stringValue>
                </width>
            </styleProperties>
        </fields>
        <showFooter>true</showFooter>
        <showHeader>true</showHeader>
    </screens>
    <screens>
        <name>Success</name>
        <label>Success</label>
        <locationX>314</locationX>
        <locationY>782</locationY>
        <allowBack>true</allowBack>
        <allowFinish>true</allowFinish>
        <allowPause>true</allowPause>
        <fields>
            <name>SuccessMessage</name>
            <fieldText>&lt;p&gt;Your new worksheet has been created and is on the opportunity Notes and attachments section.   &lt;/p&gt;&lt;p&gt;&lt;br&gt;&lt;/p&gt;&lt;p&gt;Click Finish to continue. &lt;/p&gt;</fieldText>
            <fieldType>DisplayText</fieldType>
            <styleProperties>
                <verticalAlignment>
                    <stringValue>top</stringValue>
                </verticalAlignment>
                <width>
                    <stringValue>12</stringValue>
                </width>
            </styleProperties>
        </fields>
        <showFooter>true</showFooter>
        <showHeader>true</showHeader>
    </screens>
    <start>
        <locationX>56</locationX>
        <locationY>0</locationY>
        <connector>
            <targetReference>Get_Opportunities</targetReference>
        </connector>
    </start>
    <status>Draft</status>
    <variables>
        <name>Var_BillingCity</name>
        <dataType>String</dataType>
        <isCollection>false</isCollection>
        <isInput>false</isInput>
        <isOutput>false</isOutput>
    </variables>
    <variables>
        <name>Var_BillingPostal</name>
        <dataType>String</dataType>
        <isCollection>false</isCollection>
        <isInput>false</isInput>
        <isOutput>false</isOutput>
    </variables>
    <variables>
        <name>Var_BillingState</name>
        <dataType>String</dataType>
        <isCollection>false</isCollection>
        <isInput>false</isInput>
        <isOutput>false</isOutput>
    </variables>
    <variables>
        <name>Var_BillingStreet</name>
        <dataType>String</dataType>
        <isCollection>false</isCollection>
        <isInput>false</isInput>
        <isOutput>false</isOutput>
    </variables>
    <variables>
        <name>Var_NewSWFormId</name>
        <dataType>String</dataType>
        <isCollection>false</isCollection>
        <isInput>false</isInput>
        <isOutput>false</isOutput>
    </variables>
    <variables>
        <name>Var_OppId</name>
        <dataType>String</dataType>
        <isCollection>true</isCollection>
        <isInput>true</isInput>
        <isOutput>false</isOutput>
    </variables>
    <variables>
        <name>Var_ShippingCity</name>
        <dataType>String</dataType>
        <isCollection>false</isCollection>
        <isInput>false</isInput>
        <isOutput>false</isOutput>
    </variables>
    <variables>
        <name>Var_ShippingPostal</name>
        <dataType>String</dataType>
        <isCollection>false</isCollection>
        <isInput>false</isInput>
        <isOutput>false</isOutput>
    </variables>
    <variables>
        <name>Var_ShippingState</name>
        <dataType>String</dataType>
        <isCollection>false</isCollection>
        <isInput>false</isInput>
        <isOutput>false</isOutput>
    </variables>
    <variables>
        <name>Var_ShippingStreet</name>
        <dataType>String</dataType>
        <isCollection>false</isCollection>
        <isInput>false</isInput>
        <isOutput>false</isOutput>
    </variables>
    <variables>
        <name>Var_TriggeringOPP</name>
        <dataType>String</dataType>
        <isCollection>false</isCollection>
        <isInput>true</isInput>
        <isOutput>false</isOutput>
    </variables>
</Flow>
