<?xml version="1.0" encoding="UTF-8"?>
<Flow xmlns="http://soap.sforce.com/2006/04/metadata">
    <actionCalls>
        <name>Send_Child_Opportunity_Notification</name>
        <label>Send Child Opportunity Notification</label>
        <locationX>176</locationX>
        <locationY>323</locationY>
        <actionName>Opportunity.Child_Opportunity_Instant_Cross_sell</actionName>
        <actionType>emailAlert</actionType>
        <flowTransactionModel>CurrentTransaction</flowTransactionModel>
        <inputParameters>
            <name>SObjectRowId</name>
            <value>
                <elementReference>$Record.Id</elementReference>
            </value>
        </inputParameters>
        <nameSegment>Opportunity.Child_Opportunity_Instant_Cross_sell</nameSegment>
        <offset>0</offset>
    </actionCalls>
    <apiVersion>63.0</apiVersion>
    <areMetricsLoggedToDataCloud>false</areMetricsLoggedToDataCloud>
    <description>Send an email to the opportunity owner of the child opp when a Partner sets up instant cross-sell</description>
    <environments>Default</environments>
    <interviewLabel>[Child Opportunity] Instant Cross-sell Email {!$Flow.CurrentDateTime}</interviewLabel>
    <label>[Child Opportunity] Instant Cross-sell Email</label>
    <processMetadataValues>
        <name>BuilderType</name>
        <value>
            <stringValue>LightningFlowBuilder</stringValue>
        </value>
    </processMetadataValues>
    <processMetadataValues>
        <name>CanvasMode</name>
        <value>
            <stringValue>AUTO_LAYOUT_CANVAS</stringValue>
        </value>
    </processMetadataValues>
    <processMetadataValues>
        <name>OriginBuilderType</name>
        <value>
            <stringValue>LightningFlowBuilder</stringValue>
        </value>
    </processMetadataValues>
    <processType>AutoLaunchedFlow</processType>
    <start>
        <locationX>50</locationX>
        <locationY>0</locationY>
        <connector>
            <targetReference>Send_Child_Opportunity_Notification</targetReference>
        </connector>
        <filterLogic>and</filterLogic>
        <filters>
            <field>Parent_Child_Type__c</field>
            <operator>EqualTo</operator>
            <value>
                <stringValue>Child</stringValue>
            </value>
        </filters>
        <object>Opportunity</object>
        <recordTriggerType>Create</recordTriggerType>
        <triggerType>RecordAfterSave</triggerType>
    </start>
    <status>Active</status>
</Flow>
