<?xml version="1.0" encoding="UTF-8"?>
<Flow xmlns="http://soap.sforce.com/2006/04/metadata">
    <actionCalls>
        <name>Send_Requestor_Email</name>
        <label>Send Requestor Email</label>
        <locationX>176</locationX>
        <locationY>323</locationY>
        <actionName>emailSimple</actionName>
        <actionType>emailSimple</actionType>
        <flowTransactionModel>CurrentTransaction</flowTransactionModel>
        <inputParameters>
            <name>emailAddresses</name>
            <value>
                <elementReference>$Record.Owner:User.Email</elementReference>
            </value>
        </inputParameters>
        <inputParameters>
            <name>senderAddress</name>
            <value>
                <elementReference>$Record.Approver__r.Email</elementReference>
            </value>
        </inputParameters>
        <inputParameters>
            <name>emailSubject</name>
            <value>
                <elementReference>Subject</elementReference>
            </value>
        </inputParameters>
        <inputParameters>
            <name>emailBody</name>
            <value>
                <elementReference>Body</elementReference>
            </value>
        </inputParameters>
        <nameSegment>emailSimple</nameSegment>
    </actionCalls>
    <apiVersion>60.0</apiVersion>
    <areMetricsLoggedToDataCloud>false</areMetricsLoggedToDataCloud>
    <environments>Default</environments>
    <interviewLabel>[Hospitality Request] Send Requestor Email on Approved/Rejected {!$Flow.CurrentDateTime}</interviewLabel>
    <label>[Hospitality Request] Send Requestor Email on Approved/Rejected</label>
    <processMetadataValues>
        <name>BuilderType</name>
        <value>
            <stringValue>LightningFlowBuilder</stringValue>
        </value>
    </processMetadataValues>
    <processMetadataValues>
        <name>CanvasMode</name>
        <value>
            <stringValue>AUTO_LAYOUT_CANVAS</stringValue>
        </value>
    </processMetadataValues>
    <processMetadataValues>
        <name>OriginBuilderType</name>
        <value>
            <stringValue>LightningFlowBuilder</stringValue>
        </value>
    </processMetadataValues>
    <processType>AutoLaunchedFlow</processType>
    <start>
        <locationX>50</locationX>
        <locationY>0</locationY>
        <connector>
            <targetReference>Send_Requestor_Email</targetReference>
        </connector>
        <doesRequireRecordChangedToMeetCriteria>true</doesRequireRecordChangedToMeetCriteria>
        <filterLogic>or</filterLogic>
        <filters>
            <field>Stage__c</field>
            <operator>EqualTo</operator>
            <value>
                <stringValue>Rejected</stringValue>
            </value>
        </filters>
        <filters>
            <field>Stage__c</field>
            <operator>EqualTo</operator>
            <value>
                <stringValue>Approved</stringValue>
            </value>
        </filters>
        <filters>
            <field>Stage__c</field>
            <operator>EqualTo</operator>
            <value>
                <stringValue>Partially Approved</stringValue>
            </value>
        </filters>
        <object>Hospitality_Request__c</object>
        <recordTriggerType>Update</recordTriggerType>
        <triggerType>RecordAfterSave</triggerType>
    </start>
    <status>Obsolete</status>
    <textTemplates>
        <name>Body</name>
        <isViewedAsPlainText>true</isViewedAsPlainText>
        <text>Your Request for a Gift or Event Tickets has been marked {!$Record.Stage__c}
You can view the updated Hospitality Request by clicking this link: https://cretemechanicalgroup1.lightning.force.com//lightning/r/Hospitality_Request__c/{!$Record.Id}/view</text>
    </textTemplates>
    <textTemplates>
        <name>Subject</name>
        <isViewedAsPlainText>true</isViewedAsPlainText>
        <text>Approval Request Updated To {!$Record.Stage__c}</text>
    </textTemplates>
</Flow>
