<?xml version="1.0" encoding="UTF-8"?>
<Flow xmlns="http://soap.sforce.com/2006/04/metadata">
    <apiVersion>60.0</apiVersion>
    <areMetricsLoggedToDataCloud>false</areMetricsLoggedToDataCloud>
    <decisions>
        <name>Does_Owner_Exist</name>
        <label>Does Owner Exist?</label>
        <locationX>182</locationX>
        <locationY>492</locationY>
        <defaultConnectorLabel>Default Outcome</defaultConnectorLabel>
        <rules>
            <name>yes3</name>
            <conditionLogic>and</conditionLogic>
            <conditions>
                <leftValueReference>Get_Owner_from_Email</leftValueReference>
                <operator>IsNull</operator>
                <rightValue>
                    <booleanValue>false</booleanValue>
                </rightValue>
            </conditions>
            <connector>
                <targetReference>Tag_Zoom_Info_Owner</targetReference>
            </connector>
            <label>yes</label>
        </rules>
    </decisions>
    <decisions>
        <name>Has_ZoomInfo_Creator_Email</name>
        <label>Has ZoomInfo Creator Email?</label>
        <locationX>336</locationX>
        <locationY>276</locationY>
        <defaultConnectorLabel>Default Outcome</defaultConnectorLabel>
        <rules>
            <name>Yes2</name>
            <conditionLogic>and</conditionLogic>
            <conditions>
                <leftValueReference>$Record.ZoomInfo_Creator_Email__c</leftValueReference>
                <operator>IsNull</operator>
                <rightValue>
                    <booleanValue>false</booleanValue>
                </rightValue>
            </conditions>
            <connector>
                <targetReference>Get_Owner_from_Email</targetReference>
            </connector>
            <label>Yes</label>
        </rules>
    </decisions>
    <decisions>
        <name>Owner_Change_Required</name>
        <label>Owner Change Required?</label>
        <locationX>798</locationX>
        <locationY>276</locationY>
        <defaultConnectorLabel>No</defaultConnectorLabel>
        <rules>
            <name>Yes</name>
            <conditionLogic>and</conditionLogic>
            <conditions>
                <leftValueReference>$Record.OwnerId</leftValueReference>
                <operator>NotEqualTo</operator>
                <rightValue>
                    <elementReference>$Record.ZoomInfo_Owner__c</elementReference>
                </rightValue>
            </conditions>
            <conditions>
                <leftValueReference>$Record.ZoomInfo_Owner__c</leftValueReference>
                <operator>IsNull</operator>
                <rightValue>
                    <booleanValue>false</booleanValue>
                </rightValue>
            </conditions>
            <connector>
                <targetReference>Update_Records_1</targetReference>
            </connector>
            <label>Yes</label>
        </rules>
    </decisions>
    <environments>Default</environments>
    <interviewLabel>[Lead] Change Zoominfo Owner back to Zoominfo User {!$Flow.CurrentDateTime}</interviewLabel>
    <label>[Lead] Change Zoominfo Owner back to Zoominfo User</label>
    <processMetadataValues>
        <name>BuilderType</name>
        <value>
            <stringValue>LightningFlowBuilder</stringValue>
        </value>
    </processMetadataValues>
    <processMetadataValues>
        <name>CanvasMode</name>
        <value>
            <stringValue>AUTO_LAYOUT_CANVAS</stringValue>
        </value>
    </processMetadataValues>
    <processMetadataValues>
        <name>OriginBuilderType</name>
        <value>
            <stringValue>LightningFlowBuilder</stringValue>
        </value>
    </processMetadataValues>
    <processType>AutoLaunchedFlow</processType>
    <recordLookups>
        <name>Get_Owner_from_Email</name>
        <label>Get Owner from Email</label>
        <locationX>182</locationX>
        <locationY>384</locationY>
        <assignNullValuesIfNoRecordsFound>false</assignNullValuesIfNoRecordsFound>
        <connector>
            <targetReference>Does_Owner_Exist</targetReference>
        </connector>
        <filterLogic>and</filterLogic>
        <filters>
            <field>Email</field>
            <operator>EqualTo</operator>
            <value>
                <elementReference>$Record.ZoomInfo_Creator_Email__c</elementReference>
            </value>
        </filters>
        <getFirstRecordOnly>true</getFirstRecordOnly>
        <object>User</object>
        <storeOutputAutomatically>true</storeOutputAutomatically>
    </recordLookups>
    <recordUpdates>
        <name>Tag_Zoom_Info_Owner</name>
        <label>Tag Zoom Info Owner</label>
        <locationX>50</locationX>
        <locationY>600</locationY>
        <inputAssignments>
            <field>ZoomInfo_Owner__c</field>
            <value>
                <elementReference>Get_Owner_from_Email.Id</elementReference>
            </value>
        </inputAssignments>
        <inputReference>$Record</inputReference>
    </recordUpdates>
    <recordUpdates>
        <name>Update_Records_1</name>
        <label>Update Owner</label>
        <locationX>666</locationX>
        <locationY>384</locationY>
        <inputAssignments>
            <field>OwnerId</field>
            <value>
                <elementReference>$Record.ZoomInfo_Owner__c</elementReference>
            </value>
        </inputAssignments>
        <inputReference>$Record</inputReference>
    </recordUpdates>
    <start>
        <locationX>441</locationX>
        <locationY>0</locationY>
        <connector>
            <targetReference>Has_ZoomInfo_Creator_Email</targetReference>
        </connector>
        <object>Lead</object>
        <recordTriggerType>Create</recordTriggerType>
        <scheduledPaths>
            <name>One_Minute_Later</name>
            <connector>
                <targetReference>Owner_Change_Required</targetReference>
            </connector>
            <label>One-Minute Later</label>
            <maxBatchSize>50</maxBatchSize>
            <offsetNumber>1</offsetNumber>
            <offsetUnit>Minutes</offsetUnit>
            <recordField>CreatedDate</recordField>
            <timeSource>RecordField</timeSource>
        </scheduledPaths>
        <triggerType>RecordAfterSave</triggerType>
    </start>
    <status>Active</status>
</Flow>
