<?xml version="1.0" encoding="UTF-8"?>
<Flow xmlns="http://soap.sforce.com/2006/04/metadata">
    <apiVersion>58.0</apiVersion>
    <areMetricsLoggedToDataCloud>false</areMetricsLoggedToDataCloud>
    <decisions>
        <name>Partner_Record_Found</name>
        <label>Partner Record Found?</label>
        <locationX>182</locationX>
        <locationY>431</locationY>
        <defaultConnectorLabel>No</defaultConnectorLabel>
        <rules>
            <name>Yes</name>
            <conditionLogic>and</conditionLogic>
            <conditions>
                <leftValueReference>Get_Partner_Record</leftValueReference>
                <operator>IsNull</operator>
                <rightValue>
                    <booleanValue>false</booleanValue>
                </rightValue>
            </conditions>
            <connector>
                <targetReference>Set_Partner_Name_c</targetReference>
            </connector>
            <label>Yes</label>
        </rules>
    </decisions>
    <description>Web-to-Lead forms are not able to populate lookup fields. So when Web-to-Lead forms are submitted they will send a value for [Partner_Name_ID_hidden__c] and this Flow will use this to update the actual lookup field [Partner_Name__c]

NOTE: This needs to be a after-save trigger otherwise Queue members will not receive an email alert for new Leads.</description>
    <environments>Default</environments>
    <interviewLabel>[Lead] Link Partner Name for Web-to-Lead {!$Flow.CurrentDateTime}</interviewLabel>
    <label>[Lead] Link Partner Name for Web-to-Lead</label>
    <processMetadataValues>
        <name>BuilderType</name>
        <value>
            <stringValue>LightningFlowBuilder</stringValue>
        </value>
    </processMetadataValues>
    <processMetadataValues>
        <name>CanvasMode</name>
        <value>
            <stringValue>AUTO_LAYOUT_CANVAS</stringValue>
        </value>
    </processMetadataValues>
    <processMetadataValues>
        <name>OriginBuilderType</name>
        <value>
            <stringValue>LightningFlowBuilder</stringValue>
        </value>
    </processMetadataValues>
    <processType>AutoLaunchedFlow</processType>
    <recordLookups>
        <name>Get_Partner_Record</name>
        <label>Get Partner Record</label>
        <locationX>182</locationX>
        <locationY>323</locationY>
        <assignNullValuesIfNoRecordsFound>false</assignNullValuesIfNoRecordsFound>
        <connector>
            <targetReference>Partner_Record_Found</targetReference>
        </connector>
        <filterLogic>and</filterLogic>
        <filters>
            <field>Id</field>
            <operator>EqualTo</operator>
            <value>
                <elementReference>$Record.Partner_Name_ID_hidden__c</elementReference>
            </value>
        </filters>
        <getFirstRecordOnly>true</getFirstRecordOnly>
        <object>Partner__c</object>
        <storeOutputAutomatically>true</storeOutputAutomatically>
    </recordLookups>
    <recordUpdates>
        <description>Set Partner_Name__c &amp; blank out Partner_Name_ID_hidden__c</description>
        <name>Set_Partner_Name_c</name>
        <label>Set Partner_Name__c</label>
        <locationX>50</locationX>
        <locationY>539</locationY>
        <inputAssignments>
            <field>Partner__c</field>
            <value>
                <elementReference>Get_Partner_Record.Id</elementReference>
            </value>
        </inputAssignments>
        <inputReference>$Record</inputReference>
    </recordUpdates>
    <start>
        <locationX>56</locationX>
        <locationY>0</locationY>
        <connector>
            <targetReference>Get_Partner_Record</targetReference>
        </connector>
        <filterLogic>and</filterLogic>
        <filters>
            <field>Partner_Name_ID_hidden__c</field>
            <operator>IsNull</operator>
            <value>
                <booleanValue>false</booleanValue>
            </value>
        </filters>
        <object>Lead</object>
        <recordTriggerType>Create</recordTriggerType>
        <triggerType>RecordAfterSave</triggerType>
    </start>
    <status>Active</status>
</Flow>
