<?xml version="1.0" encoding="UTF-8"?>
<Flow xmlns="http://soap.sforce.com/2006/04/metadata">
    <actionCalls>
        <name>Send_Alert_to_Lead_Record_Owner</name>
        <label>Send Alert to Lead Record Owner</label>
        <locationX>308</locationX>
        <locationY>288</locationY>
        <actionName>Lead.Leads_Not_Contacted_48_Hours</actionName>
        <actionType>emailAlert</actionType>
        <flowTransactionModel>CurrentTransaction</flowTransactionModel>
        <inputParameters>
            <name>SObjectRowId</name>
            <value>
                <elementReference>$Record.Id</elementReference>
            </value>
        </inputParameters>
        <nameSegment>Lead.Leads_Not_Contacted_48_Hours</nameSegment>
    </actionCalls>
    <apiVersion>56.0</apiVersion>
    <areMetricsLoggedToDataCloud>false</areMetricsLoggedToDataCloud>
    <description>Sends an automated alert to lead record owner if the lead has had a status of &quot;contacted&quot; for 48 hours or more.</description>
    <environments>Default</environments>
    <interviewLabel>[Lead] Not Contacted Within 48 Hours Alert {!$Flow.CurrentDateTime}</interviewLabel>
    <label>[Lead] Not Contacted Within 48 Hours Alert</label>
    <processMetadataValues>
        <name>BuilderType</name>
        <value>
            <stringValue>LightningFlowBuilder</stringValue>
        </value>
    </processMetadataValues>
    <processMetadataValues>
        <name>CanvasMode</name>
        <value>
            <stringValue>AUTO_LAYOUT_CANVAS</stringValue>
        </value>
    </processMetadataValues>
    <processMetadataValues>
        <name>OriginBuilderType</name>
        <value>
            <stringValue>LightningFlowBuilder</stringValue>
        </value>
    </processMetadataValues>
    <processType>AutoLaunchedFlow</processType>
    <start>
        <locationX>50</locationX>
        <locationY>0</locationY>
        <doesRequireRecordChangedToMeetCriteria>true</doesRequireRecordChangedToMeetCriteria>
        <filterLogic>and</filterLogic>
        <filters>
            <field>Status</field>
            <operator>EqualTo</operator>
            <value>
                <stringValue>Contacted</stringValue>
            </value>
        </filters>
        <object>Lead</object>
        <recordTriggerType>CreateAndUpdate</recordTriggerType>
        <scheduledPaths>
            <name>Not_Contacted_Within_48_Hours</name>
            <connector>
                <targetReference>Send_Alert_to_Lead_Record_Owner</targetReference>
            </connector>
            <label>Not Contacted Within 48 Hours</label>
            <offsetNumber>48</offsetNumber>
            <offsetUnit>Hours</offsetUnit>
            <timeSource>RecordTriggerEvent</timeSource>
        </scheduledPaths>
        <triggerType>RecordAfterSave</triggerType>
    </start>
    <status>Obsolete</status>
</Flow>
