<?xml version="1.0" encoding="UTF-8"?>
<Flow xmlns="http://soap.sforce.com/2006/04/metadata">
    <apiVersion>61.0</apiVersion>
    <areMetricsLoggedToDataCloud>false</areMetricsLoggedToDataCloud>
    <environments>Default</environments>
    <interviewLabel>[Opportunity] Set Energy Service Margin to 100 on Create {!$Flow.CurrentDateTime}</interviewLabel>
    <label>[Opportunity] Set Energy Service Margin to 100 on Create</label>
    <processMetadataValues>
        <name>BuilderType</name>
        <value>
            <stringValue>LightningFlowBuilder</stringValue>
        </value>
    </processMetadataValues>
    <processMetadataValues>
        <name>CanvasMode</name>
        <value>
            <stringValue>AUTO_LAYOUT_CANVAS</stringValue>
        </value>
    </processMetadataValues>
    <processMetadataValues>
        <name>OriginBuilderType</name>
        <value>
            <stringValue>LightningFlowBuilder</stringValue>
        </value>
    </processMetadataValues>
    <processType>AutoLaunchedFlow</processType>
    <recordUpdates>
        <name>Margin_100</name>
        <label>Margin - 100</label>
        <locationX>176</locationX>
        <locationY>323</locationY>
        <inputAssignments>
            <field>Margin_Sales__c</field>
            <value>
                <numberValue>100.0</numberValue>
            </value>
        </inputAssignments>
        <inputReference>$Record</inputReference>
    </recordUpdates>
    <start>
        <locationX>50</locationX>
        <locationY>0</locationY>
        <connector>
            <targetReference>Margin_100</targetReference>
        </connector>
        <filterLogic>and</filterLogic>
        <filters>
            <field>Opportunity_Type__c</field>
            <operator>EqualTo</operator>
            <value>
                <stringValue>Energy Service</stringValue>
            </value>
        </filters>
        <object>Opportunity</object>
        <recordTriggerType>Create</recordTriggerType>
        <triggerType>RecordAfterSave</triggerType>
    </start>
    <status>Active</status>
</Flow>
