<?xml version="1.0" encoding="UTF-8"?>
<Flow xmlns="http://soap.sforce.com/2006/04/metadata">
    <apiVersion>62.0</apiVersion>
    <areMetricsLoggedToDataCloud>false</areMetricsLoggedToDataCloud>
    <decisions>
        <name>Stage_Changed</name>
        <label>Stage Changed</label>
        <locationX>842</locationX>
        <locationY>323</locationY>
        <defaultConnectorLabel>Default Outcome</defaultConnectorLabel>
        <rules>
            <name>Assessing</name>
            <conditionLogic>and</conditionLogic>
            <conditions>
                <leftValueReference>$Record.StageName</leftValueReference>
                <operator>EqualTo</operator>
                <rightValue>
                    <stringValue>Assessing</stringValue>
                </rightValue>
            </conditions>
            <connector>
                <targetReference>Update_Opportunity_Days_In_Fields</targetReference>
            </connector>
            <label>Assessing</label>
        </rules>
        <rules>
            <name>Qualified</name>
            <conditionLogic>and</conditionLogic>
            <conditions>
                <leftValueReference>$Record.StageName</leftValueReference>
                <operator>EqualTo</operator>
                <rightValue>
                    <stringValue>Qualified</stringValue>
                </rightValue>
            </conditions>
            <connector>
                <targetReference>Update_Days_in_Qualified</targetReference>
            </connector>
            <label>Qualified</label>
        </rules>
        <rules>
            <name>Proposal_Audit_Generation</name>
            <conditionLogic>and</conditionLogic>
            <conditions>
                <leftValueReference>$Record.StageName</leftValueReference>
                <operator>EqualTo</operator>
                <rightValue>
                    <stringValue>Proposal/Audit Generation</stringValue>
                </rightValue>
            </conditions>
            <connector>
                <targetReference>Update_Days_in_Proposal_Audit_Generation</targetReference>
            </connector>
            <label>Proposal/Audit Generation</label>
        </rules>
        <rules>
            <name>Proposed</name>
            <conditionLogic>and</conditionLogic>
            <conditions>
                <leftValueReference>$Record.StageName</leftValueReference>
                <operator>EqualTo</operator>
                <rightValue>
                    <stringValue>Proposed</stringValue>
                </rightValue>
            </conditions>
            <connector>
                <targetReference>Update_Days_in_Proposed</targetReference>
            </connector>
            <label>Proposed</label>
        </rules>
        <rules>
            <name>Negotiated</name>
            <conditionLogic>and</conditionLogic>
            <conditions>
                <leftValueReference>$Record.StageName</leftValueReference>
                <operator>EqualTo</operator>
                <rightValue>
                    <stringValue>Negotiated</stringValue>
                </rightValue>
            </conditions>
            <connector>
                <targetReference>Update_Days_in_Negotiated</targetReference>
            </connector>
            <label>Negotiated</label>
        </rules>
        <rules>
            <name>Proposal_Submitted</name>
            <conditionLogic>and</conditionLogic>
            <conditions>
                <leftValueReference>$Record.StageName</leftValueReference>
                <operator>EqualTo</operator>
                <rightValue>
                    <stringValue>Proposal Submitted</stringValue>
                </rightValue>
            </conditions>
            <connector>
                <targetReference>Update_Days_in_Proposal_Submitted</targetReference>
            </connector>
            <label>Proposal Submitted</label>
        </rules>
    </decisions>
    <environments>Default</environments>
    <interviewLabel>{Opportunity} Update Days In Fields when Stage Changes {!$Flow.CurrentDateTime}</interviewLabel>
    <label>{Opportunity} Update Days In Fields when Stage Changes</label>
    <processMetadataValues>
        <name>BuilderType</name>
        <value>
            <stringValue>LightningFlowBuilder</stringValue>
        </value>
    </processMetadataValues>
    <processMetadataValues>
        <name>CanvasMode</name>
        <value>
            <stringValue>AUTO_LAYOUT_CANVAS</stringValue>
        </value>
    </processMetadataValues>
    <processMetadataValues>
        <name>OriginBuilderType</name>
        <value>
            <stringValue>LightningFlowBuilder</stringValue>
        </value>
    </processMetadataValues>
    <processType>AutoLaunchedFlow</processType>
    <recordUpdates>
        <name>Update_Days_in_Negotiated</name>
        <label>Update Days in Negotiated</label>
        <locationX>1106</locationX>
        <locationY>431</locationY>
        <inputAssignments>
            <field>null__NotFound</field>
            <value>
                <numberValue>0.0</numberValue>
            </value>
        </inputAssignments>
        <inputReference>$Record</inputReference>
    </recordUpdates>
    <recordUpdates>
        <name>Update_Days_in_Proposal_Audit_Generation</name>
        <label>Update Days in Proposal/Audit Generation</label>
        <locationX>578</locationX>
        <locationY>431</locationY>
        <inputAssignments>
            <field>null__NotFound</field>
            <value>
                <numberValue>0.0</numberValue>
            </value>
        </inputAssignments>
        <inputReference>$Record</inputReference>
    </recordUpdates>
    <recordUpdates>
        <name>Update_Days_in_Proposal_Submitted</name>
        <label>Update Days in Proposal Submitted</label>
        <locationX>1370</locationX>
        <locationY>431</locationY>
        <inputAssignments>
            <field>null__NotFound</field>
            <value>
                <numberValue>0.0</numberValue>
            </value>
        </inputAssignments>
        <inputReference>$Record</inputReference>
    </recordUpdates>
    <recordUpdates>
        <name>Update_Days_in_Proposed</name>
        <label>Update Days in Proposed</label>
        <locationX>842</locationX>
        <locationY>431</locationY>
        <inputAssignments>
            <field>null__NotFound</field>
            <value>
                <numberValue>0.0</numberValue>
            </value>
        </inputAssignments>
        <inputReference>$Record</inputReference>
    </recordUpdates>
    <recordUpdates>
        <name>Update_Days_in_Qualified</name>
        <label>Update Days in Qualified</label>
        <locationX>314</locationX>
        <locationY>431</locationY>
        <inputAssignments>
            <field>null__NotFound</field>
            <value>
                <numberValue>0.0</numberValue>
            </value>
        </inputAssignments>
        <inputReference>$Record</inputReference>
    </recordUpdates>
    <recordUpdates>
        <name>Update_Opportunity_Days_In_Fields</name>
        <label>Update Opportunity Days In Fields</label>
        <locationX>50</locationX>
        <locationY>431</locationY>
        <inputAssignments>
            <field>null__NotFound</field>
            <value>
                <numberValue>0.0</numberValue>
            </value>
        </inputAssignments>
        <inputReference>$Record</inputReference>
    </recordUpdates>
    <start>
        <locationX>716</locationX>
        <locationY>0</locationY>
        <connector>
            <targetReference>Stage_Changed</targetReference>
        </connector>
        <filterLogic>and</filterLogic>
        <filters>
            <field>StageName</field>
            <operator>IsChanged</operator>
            <value>
                <booleanValue>true</booleanValue>
            </value>
        </filters>
        <object>Opportunity</object>
        <recordTriggerType>CreateAndUpdate</recordTriggerType>
        <triggerType>RecordAfterSave</triggerType>
    </start>
    <status>InvalidDraft</status>
</Flow>
