<?xml version="1.0" encoding="UTF-8"?>
<Flow xmlns="http://soap.sforce.com/2006/04/metadata">
    <apiVersion>60.0</apiVersion>
    <areMetricsLoggedToDataCloud>false</areMetricsLoggedToDataCloud>
    <environments>Default</environments>
    <interviewLabel>[Opportunity] Label Parent Opportunity as Parent upon Child Creation {!$Flow.CurrentDateTime}</interviewLabel>
    <label>[Opportunity] Label Parent Opportunity as Parent upon Child Creation</label>
    <processMetadataValues>
        <name>BuilderType</name>
        <value>
            <stringValue>LightningFlowBuilder</stringValue>
        </value>
    </processMetadataValues>
    <processMetadataValues>
        <name>CanvasMode</name>
        <value>
            <stringValue>AUTO_LAYOUT_CANVAS</stringValue>
        </value>
    </processMetadataValues>
    <processMetadataValues>
        <name>OriginBuilderType</name>
        <value>
            <stringValue>LightningFlowBuilder</stringValue>
        </value>
    </processMetadataValues>
    <processType>AutoLaunchedFlow</processType>
    <recordUpdates>
        <name>Update_Parent_Opportunity_to_ID_as_Parent</name>
        <label>Update Parent Opportunity to ID as Parent</label>
        <locationX>176</locationX>
        <locationY>323</locationY>
        <filterLogic>and</filterLogic>
        <filters>
            <field>Id</field>
            <operator>EqualTo</operator>
            <value>
                <elementReference>$Record.Parent_Opportunity__c</elementReference>
            </value>
        </filters>
        <inputAssignments>
            <field>Number_of_Child_Opportunities__c</field>
            <value>
                <numberValue>1.0</numberValue>
            </value>
        </inputAssignments>
        <inputAssignments>
            <field>Total_Children__c</field>
            <value>
                <numberValue>1.0</numberValue>
            </value>
        </inputAssignments>
        <object>Opportunity</object>
    </recordUpdates>
    <start>
        <locationX>50</locationX>
        <locationY>0</locationY>
        <connector>
            <targetReference>Update_Parent_Opportunity_to_ID_as_Parent</targetReference>
        </connector>
        <filterLogic>and</filterLogic>
        <filters>
            <field>Parent_Opportunity__c</field>
            <operator>IsNull</operator>
            <value>
                <booleanValue>false</booleanValue>
            </value>
        </filters>
        <object>Opportunity</object>
        <recordTriggerType>Create</recordTriggerType>
        <triggerType>RecordAfterSave</triggerType>
    </start>
    <status>Active</status>
</Flow>
