<?xml version="1.0" encoding="UTF-8"?>
<Flow xmlns="http://soap.sforce.com/2006/04/metadata">
    <actionCalls>
        <name>Opportunity_Proposal_Due_in_5_days_Action_1</name>
        <label>[Opportunity] Proposal Due in 5 days Action 1</label>
        <locationX>50</locationX>
        <locationY>360</locationY>
        <actionName>Opportunity.Opportunity_Proposal_Due_in_5_days</actionName>
        <actionType>emailAlert</actionType>
        <flowTransactionModel>CurrentTransaction</flowTransactionModel>
        <inputParameters>
            <name>SObjectRowId</name>
            <value>
                <elementReference>$Record.Id</elementReference>
            </value>
        </inputParameters>
        <nameSegment>Opportunity.Opportunity_Proposal_Due_in_5_days</nameSegment>
        <offset>0</offset>
    </actionCalls>
    <apiVersion>61.0</apiVersion>
    <areMetricsLoggedToDataCloud>false</areMetricsLoggedToDataCloud>
    <decisions>
        <name>Is_exempt</name>
        <label>Is exempt</label>
        <locationX>182</locationX>
        <locationY>252</locationY>
        <defaultConnectorLabel>Default Outcome</defaultConnectorLabel>
        <rules>
            <name>Yes_is_exempt</name>
            <conditionLogic>and</conditionLogic>
            <conditions>
                <leftValueReference>$Record.Partner__r.Exempt_From_Bug_Emails__c</leftValueReference>
                <operator>EqualTo</operator>
                <rightValue>
                    <booleanValue>false</booleanValue>
                </rightValue>
            </conditions>
            <connector>
                <targetReference>Opportunity_Proposal_Due_in_5_days_Action_1</targetReference>
            </connector>
            <label>Yes is exempt</label>
        </rules>
    </decisions>
    <description>v2 added exempt decision</description>
    <environments>Default</environments>
    <interviewLabel>[Opportunity] ST - Remind Owner Proposal Due in 5 Days {!$Flow.CurrentDateTime}</interviewLabel>
    <label>[Opportunity] ST - Remind Owner Proposal Due in 5 Days</label>
    <processMetadataValues>
        <name>BuilderType</name>
        <value>
            <stringValue>LightningFlowBuilder</stringValue>
        </value>
    </processMetadataValues>
    <processMetadataValues>
        <name>CanvasMode</name>
        <value>
            <stringValue>AUTO_LAYOUT_CANVAS</stringValue>
        </value>
    </processMetadataValues>
    <processMetadataValues>
        <name>OriginBuilderType</name>
        <value>
            <stringValue>LightningFlowBuilder</stringValue>
        </value>
    </processMetadataValues>
    <processType>AutoLaunchedFlow</processType>
    <start>
        <locationX>56</locationX>
        <locationY>0</locationY>
        <connector>
            <targetReference>Is_exempt</targetReference>
        </connector>
        <filterLogic>and</filterLogic>
        <filters>
            <field>Days_Until_Proposal_Due__c</field>
            <operator>EqualTo</operator>
            <value>
                <numberValue>5.0</numberValue>
            </value>
        </filters>
        <filters>
            <field>IsClosed</field>
            <operator>EqualTo</operator>
            <value>
                <booleanValue>false</booleanValue>
            </value>
        </filters>
        <filters>
            <field>StageName</field>
            <operator>NotEqualTo</operator>
            <value>
                <stringValue>Proposal Submitted</stringValue>
            </value>
        </filters>
        <filters>
            <field>StageName</field>
            <operator>NotEqualTo</operator>
            <value>
                <stringValue>Negotiated</stringValue>
            </value>
        </filters>
        <filters>
            <field>StageName</field>
            <operator>NotEqualTo</operator>
            <value>
                <stringValue>Proposed</stringValue>
            </value>
        </filters>
        <object>Opportunity</object>
        <schedule>
            <frequency>Daily</frequency>
            <startDate>2024-07-17</startDate>
            <startTime>10:00:00.000Z</startTime>
        </schedule>
        <triggerType>Scheduled</triggerType>
    </start>
    <status>Draft</status>
</Flow>
