<?xml version="1.0" encoding="UTF-8"?>
<Flow xmlns="http://soap.sforce.com/2006/04/metadata">
    <apiVersion>58.0</apiVersion>
    <areMetricsLoggedToDataCloud>false</areMetricsLoggedToDataCloud>
    <assignments>
        <name>Update_Accept_Or_Reject_var</name>
        <label>Update Accept_Or_Reject_var</label>
        <locationX>490</locationX>
        <locationY>674</locationY>
        <assignmentItems>
            <assignToReference>acceptOrReject</assignToReference>
            <operator>Assign</operator>
            <value>
                <elementReference>Accept</elementReference>
            </value>
        </assignmentItems>
        <connector>
            <targetReference>Accept_or_Reject_decision_3</targetReference>
        </connector>
    </assignments>
    <assignments>
        <name>Update_Accept_Or_Reject_var_2</name>
        <label>Update Accept_Or_Reject_var</label>
        <locationX>754</locationX>
        <locationY>674</locationY>
        <assignmentItems>
            <assignToReference>acceptOrReject</assignToReference>
            <operator>Assign</operator>
            <value>
                <elementReference>Reject</elementReference>
            </value>
        </assignmentItems>
        <connector>
            <targetReference>Accept_or_Reject_decision_3</targetReference>
        </connector>
    </assignments>
    <choices>
        <name>Accept_Choice</name>
        <choiceText>{!Accept}</choiceText>
        <dataType>String</dataType>
        <value>
            <elementReference>Accept</elementReference>
        </value>
    </choices>
    <choices>
        <name>Reject_Choice</name>
        <choiceText>{!Reject}</choiceText>
        <dataType>String</dataType>
        <value>
            <elementReference>Reject</elementReference>
        </value>
    </choices>
    <constants>
        <name>Accept</name>
        <dataType>String</dataType>
        <value>
            <stringValue>Accept</stringValue>
        </value>
    </constants>
    <constants>
        <name>Reject</name>
        <dataType>String</dataType>
        <value>
            <stringValue>Reject</stringValue>
        </value>
    </constants>
    <decisions>
        <name>Accept_or_Reject_decision_2</name>
        <label>Accept or Reject?</label>
        <locationX>622</locationX>
        <locationY>566</locationY>
        <defaultConnector>
            <targetReference>Update_Accept_Or_Reject_var_2</targetReference>
        </defaultConnector>
        <defaultConnectorLabel>Reject</defaultConnectorLabel>
        <rules>
            <name>Accept_decision_2</name>
            <conditionLogic>and</conditionLogic>
            <conditions>
                <leftValueReference>Accept_or_Reject_radio_buttons</leftValueReference>
                <operator>EqualTo</operator>
                <rightValue>
                    <elementReference>Accept_Choice</elementReference>
                </rightValue>
            </conditions>
            <connector>
                <targetReference>Update_Accept_Or_Reject_var</targetReference>
            </connector>
            <label>Accept</label>
        </rules>
    </decisions>
    <decisions>
        <name>Accept_or_Reject_decision_3</name>
        <label>Accept or Reject?</label>
        <locationX>468</locationX>
        <locationY>950</locationY>
        <defaultConnector>
            <targetReference>Confirm_Reject_Screen</targetReference>
        </defaultConnector>
        <defaultConnectorLabel>Reject</defaultConnectorLabel>
        <rules>
            <name>Accept_decision_3</name>
            <conditionLogic>and</conditionLogic>
            <conditions>
                <leftValueReference>acceptOrReject</leftValueReference>
                <operator>EqualTo</operator>
                <rightValue>
                    <elementReference>Accept</elementReference>
                </rightValue>
            </conditions>
            <connector>
                <targetReference>Confirm_Accept_Screen</targetReference>
            </connector>
            <label>Accept</label>
        </rules>
    </decisions>
    <decisions>
        <description>This screen Flow can launched with the variable &apos;Accept_Or_Reject&apos; pre-selected as either &apos;Accept&apos; or &apos;Reject&apos;. Or it can be launched without this variable pre-selected. For the latter, we prompt the user for which action they would like to take.</description>
        <name>Accept_or_Reject_Specified</name>
        <label>Accept or Reject Specified?</label>
        <locationX>468</locationX>
        <locationY>350</locationY>
        <defaultConnector>
            <targetReference>Accept_Reject_Prompt_Screen</targetReference>
        </defaultConnector>
        <defaultConnectorLabel>Not Specified</defaultConnectorLabel>
        <rules>
            <name>Specified</name>
            <conditionLogic>or</conditionLogic>
            <conditions>
                <leftValueReference>acceptOrReject</leftValueReference>
                <operator>EqualTo</operator>
                <rightValue>
                    <elementReference>Accept</elementReference>
                </rightValue>
            </conditions>
            <conditions>
                <leftValueReference>acceptOrReject</leftValueReference>
                <operator>EqualTo</operator>
                <rightValue>
                    <elementReference>Reject</elementReference>
                </rightValue>
            </conditions>
            <connector>
                <targetReference>Accept_or_Reject_decision_3</targetReference>
            </connector>
            <label>Specified</label>
        </rules>
    </decisions>
    <decisions>
        <name>Request_Already_Responded_To</name>
        <label>Request Already Responded To?</label>
        <locationX>259</locationX>
        <locationY>242</locationY>
        <defaultConnector>
            <targetReference>Accept_or_Reject_Specified</targetReference>
        </defaultConnector>
        <defaultConnectorLabel>No</defaultConnectorLabel>
        <rules>
            <name>Yes</name>
            <conditionLogic>and</conditionLogic>
            <conditions>
                <leftValueReference>Get_Cross_Sell_Request.Status__c</leftValueReference>
                <operator>NotEqualTo</operator>
                <rightValue>
                    <stringValue>Open</stringValue>
                </rightValue>
            </conditions>
            <connector>
                <targetReference>Request_Already_Responded_To_Screen</targetReference>
            </connector>
            <label>Yes</label>
        </rules>
    </decisions>
    <description>Screenflow users will use the accept or reject invitations to Opportunity Cross-Sell Requests</description>
    <environments>Default</environments>
    <interviewLabel>[Opportunity] Accept or Reject Opportunity Cross-Sell Request (screen flow) {!$Flow.CurrentDateTime}</interviewLabel>
    <label>[Opportunity] Accept or Reject Opportunity Cross-Sell Request (screen flow)</label>
    <processMetadataValues>
        <name>BuilderType</name>
        <value>
            <stringValue>LightningFlowBuilder</stringValue>
        </value>
    </processMetadataValues>
    <processMetadataValues>
        <name>CanvasMode</name>
        <value>
            <stringValue>AUTO_LAYOUT_CANVAS</stringValue>
        </value>
    </processMetadataValues>
    <processMetadataValues>
        <name>OriginBuilderType</name>
        <value>
            <stringValue>LightningFlowBuilder</stringValue>
        </value>
    </processMetadataValues>
    <processType>Flow</processType>
    <recordLookups>
        <name>Get_Cross_Sell_Request</name>
        <label>Get Cross-Sell Request</label>
        <locationX>259</locationX>
        <locationY>134</locationY>
        <assignNullValuesIfNoRecordsFound>false</assignNullValuesIfNoRecordsFound>
        <connector>
            <targetReference>Request_Already_Responded_To</targetReference>
        </connector>
        <filterLogic>and</filterLogic>
        <filters>
            <field>Id</field>
            <operator>EqualTo</operator>
            <value>
                <elementReference>recordId</elementReference>
            </value>
        </filters>
        <getFirstRecordOnly>true</getFirstRecordOnly>
        <object>Opportunity_Cross_Sell_Request__c</object>
        <storeOutputAutomatically>true</storeOutputAutomatically>
    </recordLookups>
    <recordUpdates>
        <description>Status==Accepted</description>
        <name>Update_Request_Status_Accepted</name>
        <label>Update Request Status</label>
        <locationX>336</locationX>
        <locationY>1166</locationY>
        <filterLogic>and</filterLogic>
        <filters>
            <field>Id</field>
            <operator>EqualTo</operator>
            <value>
                <elementReference>recordId</elementReference>
            </value>
        </filters>
        <inputAssignments>
            <field>Status__c</field>
            <value>
                <stringValue>Accepted</stringValue>
            </value>
        </inputAssignments>
        <object>Opportunity_Cross_Sell_Request__c</object>
    </recordUpdates>
    <recordUpdates>
        <description>Status==Rejected &amp; Reject Reason==&lt;User input&gt;</description>
        <name>Update_Request_Status_Rejected</name>
        <label>Update Request Status</label>
        <locationX>600</locationX>
        <locationY>1166</locationY>
        <filterLogic>and</filterLogic>
        <filters>
            <field>Id</field>
            <operator>EqualTo</operator>
            <value>
                <elementReference>recordId</elementReference>
            </value>
        </filters>
        <inputAssignments>
            <field>Reject_Reason__c</field>
            <value>
                <elementReference>Reason</elementReference>
            </value>
        </inputAssignments>
        <inputAssignments>
            <field>Status__c</field>
            <value>
                <stringValue>Rejected</stringValue>
            </value>
        </inputAssignments>
        <object>Opportunity_Cross_Sell_Request__c</object>
    </recordUpdates>
    <runInMode>SystemModeWithoutSharing</runInMode>
    <screens>
        <name>Accept_Reject_Prompt_Screen</name>
        <label>Accept/Reject Prompt Screen</label>
        <locationX>622</locationX>
        <locationY>458</locationY>
        <allowBack>false</allowBack>
        <allowFinish>true</allowFinish>
        <allowPause>false</allowPause>
        <connector>
            <targetReference>Accept_or_Reject_decision_2</targetReference>
        </connector>
        <fields>
            <name>Accept_Reject_Prompt_Screen_dt</name>
            <fieldText>&lt;p&gt;Would you like to Accept or Reject the request:&lt;/p&gt;</fieldText>
            <fieldType>DisplayText</fieldType>
            <styleProperties>
                <verticalAlignment>
                    <stringValue>top</stringValue>
                </verticalAlignment>
                <width>
                    <stringValue>12</stringValue>
                </width>
            </styleProperties>
        </fields>
        <fields>
            <name>Accept_Reject_Prompt_Screen_recordDetail</name>
            <extensionName>c:recordDetailFlowScreenComponent</extensionName>
            <fieldType>ComponentInstance</fieldType>
            <inputParameters>
                <name>mode</name>
                <value>
                    <stringValue>View</stringValue>
                </value>
            </inputParameters>
            <inputParameters>
                <name>objectApiName</name>
                <value>
                    <stringValue>Opportunity_Cross_Sell_Request__c</stringValue>
                </value>
            </inputParameters>
            <inputParameters>
                <name>fields</name>
                <value>
                    <stringValue>Opportunity__c,Partner__c,Trade__c,Status__c</stringValue>
                </value>
            </inputParameters>
            <inputParameters>
                <name>recordId</name>
                <value>
                    <elementReference>recordId</elementReference>
                </value>
            </inputParameters>
            <inputParameters>
                <name>showCancelButton</name>
                <value>
                    <booleanValue>false</booleanValue>
                </value>
            </inputParameters>
            <inputParameters>
                <name>suppressToast</name>
                <value>
                    <booleanValue>false</booleanValue>
                </value>
            </inputParameters>
            <inputParameters>
                <name>columnsize</name>
                <value>
                    <numberValue>1.0</numberValue>
                </value>
            </inputParameters>
            <inputsOnNextNavToAssocScrn>UseStoredValues</inputsOnNextNavToAssocScrn>
            <isRequired>true</isRequired>
            <storeOutputAutomatically>true</storeOutputAutomatically>
            <styleProperties>
                <verticalAlignment>
                    <stringValue>top</stringValue>
                </verticalAlignment>
                <width>
                    <stringValue>12</stringValue>
                </width>
            </styleProperties>
        </fields>
        <fields>
            <name>Accept_or_Reject_radio_buttons</name>
            <choiceReferences>Accept_Choice</choiceReferences>
            <choiceReferences>Reject_Choice</choiceReferences>
            <dataType>String</dataType>
            <fieldText>Accept or Reject</fieldText>
            <fieldType>RadioButtons</fieldType>
            <inputsOnNextNavToAssocScrn>UseStoredValues</inputsOnNextNavToAssocScrn>
            <isRequired>true</isRequired>
            <styleProperties>
                <verticalAlignment>
                    <stringValue>top</stringValue>
                </verticalAlignment>
                <width>
                    <stringValue>12</stringValue>
                </width>
            </styleProperties>
        </fields>
        <showFooter>true</showFooter>
        <showHeader>false</showHeader>
    </screens>
    <screens>
        <name>Confirm_Accept_Screen</name>
        <label>Confirm Accept Screen</label>
        <locationX>336</locationX>
        <locationY>1058</locationY>
        <allowBack>false</allowBack>
        <allowFinish>true</allowFinish>
        <allowPause>false</allowPause>
        <connector>
            <targetReference>Update_Request_Status_Accepted</targetReference>
        </connector>
        <fields>
            <name>Confirm_Accept_Screen_dt</name>
            <fieldText>&lt;p&gt;Click Confirm to &lt;strong&gt;accept&lt;/strong&gt; this request:&lt;/p&gt;</fieldText>
            <fieldType>DisplayText</fieldType>
            <styleProperties>
                <verticalAlignment>
                    <stringValue>top</stringValue>
                </verticalAlignment>
                <width>
                    <stringValue>12</stringValue>
                </width>
            </styleProperties>
        </fields>
        <fields>
            <name>Confirm_Accept_Screen_recordDetail</name>
            <extensionName>c:recordDetailFlowScreenComponent</extensionName>
            <fieldType>ComponentInstance</fieldType>
            <inputParameters>
                <name>mode</name>
                <value>
                    <stringValue>View</stringValue>
                </value>
            </inputParameters>
            <inputParameters>
                <name>objectApiName</name>
                <value>
                    <stringValue>Opportunity_Cross_Sell_Request__c</stringValue>
                </value>
            </inputParameters>
            <inputParameters>
                <name>fields</name>
                <value>
                    <stringValue>Opportunity__c,Partner__c,Trade__c,Status__c</stringValue>
                </value>
            </inputParameters>
            <inputParameters>
                <name>recordId</name>
                <value>
                    <elementReference>recordId</elementReference>
                </value>
            </inputParameters>
            <inputParameters>
                <name>showCancelButton</name>
                <value>
                    <booleanValue>false</booleanValue>
                </value>
            </inputParameters>
            <inputParameters>
                <name>suppressToast</name>
                <value>
                    <booleanValue>false</booleanValue>
                </value>
            </inputParameters>
            <inputParameters>
                <name>columnsize</name>
                <value>
                    <numberValue>1.0</numberValue>
                </value>
            </inputParameters>
            <inputsOnNextNavToAssocScrn>UseStoredValues</inputsOnNextNavToAssocScrn>
            <isRequired>true</isRequired>
            <storeOutputAutomatically>true</storeOutputAutomatically>
            <styleProperties>
                <verticalAlignment>
                    <stringValue>top</stringValue>
                </verticalAlignment>
                <width>
                    <stringValue>12</stringValue>
                </width>
            </styleProperties>
        </fields>
        <nextOrFinishButtonLabel>Confirm</nextOrFinishButtonLabel>
        <showFooter>true</showFooter>
        <showHeader>false</showHeader>
    </screens>
    <screens>
        <name>Confirm_Reject_Screen</name>
        <label>Confirm Reject Screen</label>
        <locationX>600</locationX>
        <locationY>1058</locationY>
        <allowBack>false</allowBack>
        <allowFinish>true</allowFinish>
        <allowPause>false</allowPause>
        <connector>
            <targetReference>Update_Request_Status_Rejected</targetReference>
        </connector>
        <fields>
            <name>Confirm_Reject_Screen_dt</name>
            <fieldText>&lt;p&gt;Enter a reason and click Reject below to &lt;strong&gt;deny&lt;/strong&gt; this request:&lt;/p&gt;</fieldText>
            <fieldType>DisplayText</fieldType>
            <styleProperties>
                <verticalAlignment>
                    <stringValue>top</stringValue>
                </verticalAlignment>
                <width>
                    <stringValue>12</stringValue>
                </width>
            </styleProperties>
        </fields>
        <fields>
            <name>Confirm_Reject_Screen_recordDetail</name>
            <extensionName>c:recordDetailFlowScreenComponent</extensionName>
            <fieldType>ComponentInstance</fieldType>
            <inputParameters>
                <name>mode</name>
                <value>
                    <stringValue>View</stringValue>
                </value>
            </inputParameters>
            <inputParameters>
                <name>objectApiName</name>
                <value>
                    <stringValue>Opportunity_Cross_Sell_Request__c</stringValue>
                </value>
            </inputParameters>
            <inputParameters>
                <name>fields</name>
                <value>
                    <stringValue>Opportunity__c,Partner__c,Trade__c,Status__c</stringValue>
                </value>
            </inputParameters>
            <inputParameters>
                <name>recordId</name>
                <value>
                    <elementReference>recordId</elementReference>
                </value>
            </inputParameters>
            <inputParameters>
                <name>showCancelButton</name>
                <value>
                    <booleanValue>false</booleanValue>
                </value>
            </inputParameters>
            <inputParameters>
                <name>suppressToast</name>
                <value>
                    <booleanValue>false</booleanValue>
                </value>
            </inputParameters>
            <inputParameters>
                <name>columnsize</name>
                <value>
                    <numberValue>1.0</numberValue>
                </value>
            </inputParameters>
            <inputsOnNextNavToAssocScrn>UseStoredValues</inputsOnNextNavToAssocScrn>
            <isRequired>true</isRequired>
            <storeOutputAutomatically>true</storeOutputAutomatically>
            <styleProperties>
                <verticalAlignment>
                    <stringValue>top</stringValue>
                </verticalAlignment>
                <width>
                    <stringValue>12</stringValue>
                </width>
            </styleProperties>
        </fields>
        <fields>
            <name>Reason</name>
            <fieldText>Reason</fieldText>
            <fieldType>LargeTextArea</fieldType>
            <inputsOnNextNavToAssocScrn>UseStoredValues</inputsOnNextNavToAssocScrn>
            <isRequired>true</isRequired>
            <styleProperties>
                <verticalAlignment>
                    <stringValue>top</stringValue>
                </verticalAlignment>
                <width>
                    <stringValue>12</stringValue>
                </width>
            </styleProperties>
        </fields>
        <nextOrFinishButtonLabel>Reject</nextOrFinishButtonLabel>
        <showFooter>true</showFooter>
        <showHeader>false</showHeader>
    </screens>
    <screens>
        <name>Request_Already_Responded_To_Screen</name>
        <label>Request Already Responded To Screen</label>
        <locationX>50</locationX>
        <locationY>350</locationY>
        <allowBack>false</allowBack>
        <allowFinish>true</allowFinish>
        <allowPause>false</allowPause>
        <fields>
            <name>Request_Already_Responded_To_Screen_dt</name>
            <fieldText>&lt;p&gt;This request has already been &lt;strong&gt;{!Get_Cross_Sell_Request.Status__c}&lt;/strong&gt;&lt;/p&gt;</fieldText>
            <fieldType>DisplayText</fieldType>
            <styleProperties>
                <verticalAlignment>
                    <stringValue>top</stringValue>
                </verticalAlignment>
                <width>
                    <stringValue>12</stringValue>
                </width>
            </styleProperties>
        </fields>
        <nextOrFinishButtonLabel>Exit</nextOrFinishButtonLabel>
        <showFooter>true</showFooter>
        <showHeader>false</showHeader>
    </screens>
    <start>
        <locationX>133</locationX>
        <locationY>0</locationY>
        <connector>
            <targetReference>Get_Cross_Sell_Request</targetReference>
        </connector>
    </start>
    <status>Active</status>
    <variables>
        <name>acceptOrReject</name>
        <dataType>String</dataType>
        <isCollection>false</isCollection>
        <isInput>true</isInput>
        <isOutput>false</isOutput>
    </variables>
    <variables>
        <name>recordId</name>
        <dataType>String</dataType>
        <isCollection>false</isCollection>
        <isInput>true</isInput>
        <isOutput>false</isOutput>
    </variables>
</Flow>
