<?xml version="1.0" encoding="UTF-8"?>
<Flow xmlns="http://soap.sforce.com/2006/04/metadata">
    <apiVersion>62.0</apiVersion>
    <areMetricsLoggedToDataCloud>false</areMetricsLoggedToDataCloud>
    <assignments>
        <name>Set_GMS_Quote_Opportunity</name>
        <label>Set GMS Quote Opportunity</label>
        <locationX>176</locationX>
        <locationY>431</locationY>
        <assignmentItems>
            <assignToReference>Get_GMS_Quote.Opportunity__c</assignToReference>
            <operator>Assign</operator>
            <value>
                <elementReference>$Record.Id</elementReference>
            </value>
        </assignmentItems>
        <assignmentItems>
            <assignToReference>Get_GMS_Quote.Name</assignToReference>
            <operator>Assign</operator>
            <value>
                <stringValue>{!Get_GMS_Quote.Name} - Clone</stringValue>
            </value>
        </assignmentItems>
        <connector>
            <targetReference>Clone_GMS_Quote</targetReference>
        </connector>
    </assignments>
    <environments>Default</environments>
    <interviewLabel>[Opportunity] RTF Clone GMS Quote On Clone {!$Flow.CurrentDateTime}</interviewLabel>
    <label>[Opportunity] RTF Clone GMS Quote On Clone</label>
    <processMetadataValues>
        <name>BuilderType</name>
        <value>
            <stringValue>LightningFlowBuilder</stringValue>
        </value>
    </processMetadataValues>
    <processMetadataValues>
        <name>CanvasMode</name>
        <value>
            <stringValue>AUTO_LAYOUT_CANVAS</stringValue>
        </value>
    </processMetadataValues>
    <processMetadataValues>
        <name>OriginBuilderType</name>
        <value>
            <stringValue>LightningFlowBuilder</stringValue>
        </value>
    </processMetadataValues>
    <processType>AutoLaunchedFlow</processType>
    <recordCreates>
        <name>Clone_GMS_Quote</name>
        <label>Clone GMS Quote</label>
        <locationX>176</locationX>
        <locationY>539</locationY>
        <connector>
            <targetReference>Get_New_GMS_Quote</targetReference>
        </connector>
        <inputReference>Get_GMS_Quote</inputReference>
    </recordCreates>
    <recordLookups>
        <name>Get_GMS_Quote</name>
        <label>Get GMS Quote</label>
        <locationX>176</locationX>
        <locationY>323</locationY>
        <assignNullValuesIfNoRecordsFound>false</assignNullValuesIfNoRecordsFound>
        <connector>
            <targetReference>Set_GMS_Quote_Opportunity</targetReference>
        </connector>
        <filterLogic>and</filterLogic>
        <filters>
            <field>Id</field>
            <operator>EqualTo</operator>
            <value>
                <elementReference>$Record.GMS_Quote__c</elementReference>
            </value>
        </filters>
        <getFirstRecordOnly>true</getFirstRecordOnly>
        <object>GMS_Quote__c</object>
        <storeOutputAutomatically>true</storeOutputAutomatically>
    </recordLookups>
    <recordLookups>
        <name>Get_New_GMS_Quote</name>
        <label>Get New GMS Quote</label>
        <locationX>176</locationX>
        <locationY>647</locationY>
        <assignNullValuesIfNoRecordsFound>false</assignNullValuesIfNoRecordsFound>
        <connector>
            <targetReference>Update_Opp_With_Cloned_GMS_Quote</targetReference>
        </connector>
        <filterLogic>and</filterLogic>
        <filters>
            <field>Opportunity__c</field>
            <operator>EqualTo</operator>
            <value>
                <elementReference>$Record.Id</elementReference>
            </value>
        </filters>
        <filters>
            <field>Name</field>
            <operator>Contains</operator>
            <value>
                <stringValue>clone</stringValue>
            </value>
        </filters>
        <getFirstRecordOnly>true</getFirstRecordOnly>
        <object>GMS_Quote__c</object>
        <sortField>CreatedDate</sortField>
        <sortOrder>Asc</sortOrder>
        <storeOutputAutomatically>true</storeOutputAutomatically>
    </recordLookups>
    <recordUpdates>
        <name>Update_Opp_With_Cloned_GMS_Quote</name>
        <label>Update Opp With Cloned GMS Quote</label>
        <locationX>176</locationX>
        <locationY>755</locationY>
        <inputAssignments>
            <field>GMS_Quote__c</field>
            <value>
                <elementReference>Get_New_GMS_Quote.Id</elementReference>
            </value>
        </inputAssignments>
        <inputReference>$Record</inputReference>
    </recordUpdates>
    <start>
        <locationX>50</locationX>
        <locationY>0</locationY>
        <connector>
            <targetReference>Get_GMS_Quote</targetReference>
        </connector>
        <filterLogic>and</filterLogic>
        <filters>
            <field>GMS_Quote__c</field>
            <operator>IsNull</operator>
            <value>
                <booleanValue>false</booleanValue>
            </value>
        </filters>
        <object>Opportunity</object>
        <recordTriggerType>Create</recordTriggerType>
        <triggerType>RecordAfterSave</triggerType>
    </start>
    <status>Active</status>
    <triggerOrder>500</triggerOrder>
</Flow>
