<?xml version="1.0" encoding="UTF-8"?>
<Flow xmlns="http://soap.sforce.com/2006/04/metadata">
    <apiVersion>60.0</apiVersion>
    <areMetricsLoggedToDataCloud>false</areMetricsLoggedToDataCloud>
    <decisions>
        <name>Copy_2_of_What_Stage_is_Earliest_Child_Opp</name>
        <label>Copy 2 of What Stage is Earliest Child Opp?</label>
        <locationX>446</locationX>
        <locationY>384</locationY>
        <defaultConnectorLabel>Neither</defaultConnectorLabel>
        <rules>
            <name>Copy_2_of_Accepted_Cross_Sell</name>
            <conditionLogic>and</conditionLogic>
            <conditions>
                <leftValueReference>Get_Earliest_Stage_Child_Opp.StageName</leftValueReference>
                <operator>EqualTo</operator>
                <rightValue>
                    <stringValue>Accepted Cross-Sell</stringValue>
                </rightValue>
            </conditions>
            <connector>
                <targetReference>Mark_Parent_Qualified</targetReference>
            </connector>
            <label>Copy 2 of Accepted Cross-Sell?</label>
        </rules>
        <rules>
            <name>Copy_2_of_Proposal_Submitted</name>
            <conditionLogic>and</conditionLogic>
            <conditions>
                <leftValueReference>Get_Earliest_Stage_Child_Opp.StageName</leftValueReference>
                <operator>EqualTo</operator>
                <rightValue>
                    <stringValue>Proposal Submitted</stringValue>
                </rightValue>
            </conditions>
            <connector>
                <targetReference>Parent_needs_probability</targetReference>
            </connector>
            <label>Copy 2 of Proposal Submitted?</label>
        </rules>
    </decisions>
    <decisions>
        <name>Parent_has_at_least_1_won_child</name>
        <label>Parent has at least 1 won child?</label>
        <locationX>1238</locationX>
        <locationY>600</locationY>
        <defaultConnector>
            <targetReference>Mark_Parent_Lost</targetReference>
        </defaultConnector>
        <defaultConnectorLabel>No</defaultConnectorLabel>
        <rules>
            <name>Yes2</name>
            <conditionLogic>and</conditionLogic>
            <conditions>
                <leftValueReference>$Record.Parent_Opportunity__r.Closed_Won_Children__c</leftValueReference>
                <operator>GreaterThan</operator>
                <rightValue>
                    <numberValue>0.0</numberValue>
                </rightValue>
            </conditions>
            <connector>
                <targetReference>Mark_Parent_Won</targetReference>
            </connector>
            <label>Yes</label>
        </rules>
    </decisions>
    <decisions>
        <name>Parent_needs_probability</name>
        <label>Parent needs probability?</label>
        <locationX>446</locationX>
        <locationY>492</locationY>
        <defaultConnectorLabel>No</defaultConnectorLabel>
        <rules>
            <name>Yes3</name>
            <conditionLogic>and</conditionLogic>
            <conditions>
                <leftValueReference>$Record.Parent_Opportunity__r.Probability_Percentage__c</leftValueReference>
                <operator>IsNull</operator>
                <rightValue>
                    <booleanValue>true</booleanValue>
                </rightValue>
            </conditions>
            <connector>
                <targetReference>Add_probability_to_parent</targetReference>
            </connector>
            <label>Yes</label>
        </rules>
    </decisions>
    <decisions>
        <name>record_found</name>
        <label>record found?</label>
        <locationX>1667</locationX>
        <locationY>384</locationY>
        <defaultConnectorLabel>No</defaultConnectorLabel>
        <rules>
            <name>Yes</name>
            <conditionLogic>and</conditionLogic>
            <conditions>
                <leftValueReference>Get_Earliest_Stage_Child_Opp</leftValueReference>
                <operator>IsNull</operator>
                <rightValue>
                    <booleanValue>false</booleanValue>
                </rightValue>
            </conditions>
            <connector>
                <targetReference>What_Stage_is_Earliest_Child_Opp</targetReference>
            </connector>
            <label>Yes</label>
        </rules>
    </decisions>
    <decisions>
        <name>What_Stage_is_Earliest_Child_Opp</name>
        <label>What Stage is Earliest Child Opp?</label>
        <locationX>1436</locationX>
        <locationY>492</locationY>
        <defaultConnectorLabel>Not Closed</defaultConnectorLabel>
        <rules>
            <name>Closed</name>
            <conditionLogic>and</conditionLogic>
            <conditions>
                <leftValueReference>Get_Earliest_Stage_Child_Opp.IsClosed</leftValueReference>
                <operator>EqualTo</operator>
                <rightValue>
                    <booleanValue>true</booleanValue>
                </rightValue>
            </conditions>
            <connector>
                <targetReference>Parent_has_at_least_1_won_child</targetReference>
            </connector>
            <label>Closed?</label>
        </rules>
    </decisions>
    <description>Updating the Get records after 1 minute (to look for Parent Opportunity = oppid not parrent Opp ID
Changed Loss to include the loss reason 5-6-2025

Changed start trigger to look at only cross sells</description>
    <environments>Default</environments>
    <interviewLabel>[Opportunity] Update Parent Closed Stage Based on Children {!$Flow.CurrentDateTime}</interviewLabel>
    <label>[Opportunity] Update Parent Closed Stage Based on Children</label>
    <processMetadataValues>
        <name>BuilderType</name>
        <value>
            <stringValue>LightningFlowBuilder</stringValue>
        </value>
    </processMetadataValues>
    <processMetadataValues>
        <name>CanvasMode</name>
        <value>
            <stringValue>AUTO_LAYOUT_CANVAS</stringValue>
        </value>
    </processMetadataValues>
    <processMetadataValues>
        <name>OriginBuilderType</name>
        <value>
            <stringValue>LightningFlowBuilder</stringValue>
        </value>
    </processMetadataValues>
    <processType>AutoLaunchedFlow</processType>
    <recordLookups>
        <name>Copy_1_of_Get_Earliest_Stage_Child_Opp</name>
        <label>Copy 1 of Get Earliest Stage Child Opp</label>
        <locationX>446</locationX>
        <locationY>276</locationY>
        <assignNullValuesIfNoRecordsFound>false</assignNullValuesIfNoRecordsFound>
        <connector>
            <targetReference>Copy_2_of_What_Stage_is_Earliest_Child_Opp</targetReference>
        </connector>
        <filterLogic>and</filterLogic>
        <filters>
            <field>Parent_Opportunity__c</field>
            <operator>EqualTo</operator>
            <value>
                <elementReference>$Record.Parent_Opportunity__c</elementReference>
            </value>
        </filters>
        <getFirstRecordOnly>true</getFirstRecordOnly>
        <object>Opportunity</object>
        <sortField>StageName</sortField>
        <sortOrder>Asc</sortOrder>
        <storeOutputAutomatically>true</storeOutputAutomatically>
    </recordLookups>
    <recordLookups>
        <name>Get_Earliest_Stage_Child_Opp</name>
        <label>Get Earliest Stage Child Opp</label>
        <locationX>1667</locationX>
        <locationY>276</locationY>
        <assignNullValuesIfNoRecordsFound>false</assignNullValuesIfNoRecordsFound>
        <connector>
            <targetReference>record_found</targetReference>
        </connector>
        <filterLogic>and</filterLogic>
        <filters>
            <field>Parent_Opportunity__c</field>
            <operator>EqualTo</operator>
            <value>
                <elementReference>$Record.Id</elementReference>
            </value>
        </filters>
        <getFirstRecordOnly>true</getFirstRecordOnly>
        <object>Opportunity</object>
        <sortField>StageName</sortField>
        <sortOrder>Asc</sortOrder>
        <storeOutputAutomatically>true</storeOutputAutomatically>
    </recordLookups>
    <recordUpdates>
        <name>Add_probability_to_parent</name>
        <label>Add probability to parent</label>
        <locationX>314</locationX>
        <locationY>600</locationY>
        <filterLogic>and</filterLogic>
        <filters>
            <field>Id</field>
            <operator>EqualTo</operator>
            <value>
                <elementReference>$Record.Parent_Opportunity__c</elementReference>
            </value>
        </filters>
        <filters>
            <field>Id</field>
            <operator>EqualTo</operator>
            <value>
                <elementReference>Get_Earliest_Stage_Child_Opp.Parent_Opportunity__c</elementReference>
            </value>
        </filters>
        <inputAssignments>
            <field>Probability_Percentage__c</field>
            <value>
                <numberValue>50.0</numberValue>
            </value>
        </inputAssignments>
        <object>Opportunity</object>
    </recordUpdates>
    <recordUpdates>
        <name>Mark_Parent_Lost</name>
        <label>Mark Parent Lost</label>
        <locationX>1370</locationX>
        <locationY>708</locationY>
        <filterLogic>and</filterLogic>
        <filters>
            <field>Id</field>
            <operator>EqualTo</operator>
            <value>
                <elementReference>$Record.Parent_Opportunity__c</elementReference>
            </value>
        </filters>
        <filters>
            <field>Id</field>
            <operator>EqualTo</operator>
            <value>
                <elementReference>Get_Earliest_Stage_Child_Opp.Parent_Opportunity__c</elementReference>
            </value>
        </filters>
        <inputAssignments>
            <field>Loss_Reason__c</field>
            <value>
                <elementReference>$Record.Loss_Reason__c</elementReference>
            </value>
        </inputAssignments>
        <inputAssignments>
            <field>StageName</field>
            <value>
                <stringValue>Closed Lost</stringValue>
            </value>
        </inputAssignments>
        <object>Opportunity</object>
    </recordUpdates>
    <recordUpdates>
        <name>Mark_Parent_Qualified</name>
        <label>Mark Parent Qualified</label>
        <locationX>50</locationX>
        <locationY>492</locationY>
        <filterLogic>and</filterLogic>
        <filters>
            <field>Id</field>
            <operator>EqualTo</operator>
            <value>
                <elementReference>$Record.Parent_Opportunity__c</elementReference>
            </value>
        </filters>
        <filters>
            <field>Id</field>
            <operator>EqualTo</operator>
            <value>
                <elementReference>Get_Earliest_Stage_Child_Opp.Parent_Opportunity__c</elementReference>
            </value>
        </filters>
        <inputAssignments>
            <field>StageName</field>
            <value>
                <stringValue>Qualified</stringValue>
            </value>
        </inputAssignments>
        <object>Opportunity</object>
    </recordUpdates>
    <recordUpdates>
        <name>Mark_Parent_Won</name>
        <label>Mark Parent Won</label>
        <locationX>1106</locationX>
        <locationY>708</locationY>
        <filterLogic>and</filterLogic>
        <filters>
            <field>Id</field>
            <operator>EqualTo</operator>
            <value>
                <elementReference>$Record.Parent_Opportunity__c</elementReference>
            </value>
        </filters>
        <filters>
            <field>Id</field>
            <operator>EqualTo</operator>
            <value>
                <elementReference>Get_Earliest_Stage_Child_Opp.Parent_Opportunity__c</elementReference>
            </value>
        </filters>
        <inputAssignments>
            <field>StageName</field>
            <value>
                <stringValue>Closed Won</stringValue>
            </value>
        </inputAssignments>
        <object>Opportunity</object>
    </recordUpdates>
    <start>
        <locationX>930</locationX>
        <locationY>0</locationY>
        <connector>
            <targetReference>Copy_1_of_Get_Earliest_Stage_Child_Opp</targetReference>
        </connector>
        <doesRequireRecordChangedToMeetCriteria>true</doesRequireRecordChangedToMeetCriteria>
        <filterLogic>and</filterLogic>
        <filters>
            <field>IsClosed</field>
            <operator>EqualTo</operator>
            <value>
                <booleanValue>true</booleanValue>
            </value>
        </filters>
        <filters>
            <field>Sales_Type__c</field>
            <operator>EqualTo</operator>
            <value>
                <stringValue>Cross-Sell</stringValue>
            </value>
        </filters>
        <object>Opportunity</object>
        <recordTriggerType>Update</recordTriggerType>
        <scheduledPaths>
            <name>X1_Minute</name>
            <connector>
                <targetReference>Get_Earliest_Stage_Child_Opp</targetReference>
            </connector>
            <label>1 Minute</label>
            <offsetNumber>1</offsetNumber>
            <offsetUnit>Minutes</offsetUnit>
            <timeSource>RecordTriggerEvent</timeSource>
        </scheduledPaths>
        <triggerType>RecordAfterSave</triggerType>
    </start>
    <status>Active</status>
</Flow>
