<?xml version="1.0" encoding="UTF-8"?>
<Flow xmlns="http://soap.sforce.com/2006/04/metadata">
    <apiVersion>61.0</apiVersion>
    <areMetricsLoggedToDataCloud>false</areMetricsLoggedToDataCloud>
    <decisions>
        <name>Is_team_member_user_a_partner</name>
        <label>Is team member user a partner?</label>
        <locationX>380</locationX>
        <locationY>323</locationY>
        <defaultConnectorLabel>Default Outcome</defaultConnectorLabel>
        <rules>
            <name>Yes</name>
            <conditionLogic>1 OR 2 OR (3 and 4 and 5)</conditionLogic>
            <conditions>
                <leftValueReference>$Record.User.Profile.Name</leftValueReference>
                <operator>EqualTo</operator>
                <rightValue>
                    <stringValue>AC Corporation SF</stringValue>
                </rightValue>
            </conditions>
            <conditions>
                <leftValueReference>$Record.User.Profile.Name</leftValueReference>
                <operator>EqualTo</operator>
                <rightValue>
                    <stringValue>Partner Standard User</stringValue>
                </rightValue>
            </conditions>
            <conditions>
                <leftValueReference>$Record.TeamMemberRole</leftValueReference>
                <operator>NotEqualTo</operator>
                <rightValue>
                    <stringValue>Partner - Initiator of Opportunity</stringValue>
                </rightValue>
            </conditions>
            <conditions>
                <leftValueReference>$Record.TeamMemberRole</leftValueReference>
                <operator>NotEqualTo</operator>
                <rightValue>
                    <stringValue>Partner - Principle</stringValue>
                </rightValue>
            </conditions>
            <conditions>
                <leftValueReference>$Record.TeamMemberRole</leftValueReference>
                <operator>NotEqualTo</operator>
                <rightValue>
                    <stringValue>Divisional VP of Operations</stringValue>
                </rightValue>
            </conditions>
            <connector>
                <targetReference>Team_Role_is_Initiator</targetReference>
            </connector>
            <label>Yes</label>
        </rules>
    </decisions>
    <decisions>
        <name>Team_Role_is_Initiator</name>
        <label>Team Role is Initiator</label>
        <locationX>182</locationX>
        <locationY>431</locationY>
        <defaultConnectorLabel>Default Outcome</defaultConnectorLabel>
        <rules>
            <name>No</name>
            <conditionLogic>and</conditionLogic>
            <conditions>
                <leftValueReference>$Record.TeamMemberRole</leftValueReference>
                <operator>NotEqualTo</operator>
                <rightValue>
                    <stringValue>Partner - Initiator of Opportunity</stringValue>
                </rightValue>
            </conditions>
            <connector>
                <targetReference>Update_Role</targetReference>
            </connector>
            <label>No</label>
        </rules>
    </decisions>
    <description>Adding exemption to the is team member user a partner to exempt Partner - Principle and Divisional VP of Operations
Update Team Role to Opportunity - Quarterback, if the user added to the opportunity team member is a partner user and the role is not Partner - Opportunity Initiator.</description>
    <environments>Default</environments>
    <interviewLabel>{Opportunity Team Member} Update Team Role {!$Flow.CurrentDateTime}</interviewLabel>
    <label>{Opportunity Team Member} Update Team Role</label>
    <processMetadataValues>
        <name>BuilderType</name>
        <value>
            <stringValue>LightningFlowBuilder</stringValue>
        </value>
    </processMetadataValues>
    <processMetadataValues>
        <name>CanvasMode</name>
        <value>
            <stringValue>AUTO_LAYOUT_CANVAS</stringValue>
        </value>
    </processMetadataValues>
    <processMetadataValues>
        <name>OriginBuilderType</name>
        <value>
            <stringValue>LightningFlowBuilder</stringValue>
        </value>
    </processMetadataValues>
    <processType>AutoLaunchedFlow</processType>
    <recordUpdates>
        <name>Update_Role</name>
        <label>Update Role</label>
        <locationX>50</locationX>
        <locationY>539</locationY>
        <inputAssignments>
            <field>TeamMemberRole</field>
            <value>
                <stringValue>Partner - Opportunity Quarterback</stringValue>
            </value>
        </inputAssignments>
        <inputReference>$Record</inputReference>
    </recordUpdates>
    <start>
        <locationX>254</locationX>
        <locationY>0</locationY>
        <connector>
            <targetReference>Is_team_member_user_a_partner</targetReference>
        </connector>
        <filterLogic>and</filterLogic>
        <filters>
            <field>TeamMemberRole</field>
            <operator>NotEqualTo</operator>
            <value>
                <stringValue>Opportunity Quarterback</stringValue>
            </value>
        </filters>
        <object>OpportunityTeamMember</object>
        <recordTriggerType>Create</recordTriggerType>
        <triggerType>RecordAfterSave</triggerType>
    </start>
    <status>Obsolete</status>
</Flow>
