<?xml version="1.0" encoding="UTF-8"?>
<Flow xmlns="http://soap.sforce.com/2006/04/metadata">
    <apiVersion>61.0</apiVersion>
    <areMetricsLoggedToDataCloud>false</areMetricsLoggedToDataCloud>
    <description>4-1-2025 Setting Percent to 0</description>
    <environments>Default</environments>
    <interviewLabel>{Opportunity} Create Team Role - Initiator {!$Flow.CurrentDateTime}</interviewLabel>
    <label>{Opportunity} Opp Created - Create Team Role - Opportunity Quarteback</label>
    <processMetadataValues>
        <name>BuilderType</name>
        <value>
            <stringValue>LightningFlowBuilder</stringValue>
        </value>
    </processMetadataValues>
    <processMetadataValues>
        <name>CanvasMode</name>
        <value>
            <stringValue>AUTO_LAYOUT_CANVAS</stringValue>
        </value>
    </processMetadataValues>
    <processMetadataValues>
        <name>OriginBuilderType</name>
        <value>
            <stringValue>LightningFlowBuilder</stringValue>
        </value>
    </processMetadataValues>
    <processType>AutoLaunchedFlow</processType>
    <recordCreates>
        <name>Create_Opporutnity_Team_Member</name>
        <label>Create Opportunity Team Member</label>
        <locationX>176</locationX>
        <locationY>323</locationY>
        <inputAssignments>
            <field>OpportunityId</field>
            <value>
                <elementReference>$Record.Id</elementReference>
            </value>
        </inputAssignments>
        <inputAssignments>
            <field>Percent__c</field>
            <value>
                <numberValue>0.0</numberValue>
            </value>
        </inputAssignments>
        <inputAssignments>
            <field>TeamMemberRole</field>
            <value>
                <stringValue>Opportunity Quarterback</stringValue>
            </value>
        </inputAssignments>
        <inputAssignments>
            <field>UserId</field>
            <value>
                <elementReference>$Record.OwnerId</elementReference>
            </value>
        </inputAssignments>
        <object>OpportunityTeamMember</object>
        <storeOutputAutomatically>true</storeOutputAutomatically>
    </recordCreates>
    <start>
        <locationX>50</locationX>
        <locationY>0</locationY>
        <connector>
            <targetReference>Create_Opporutnity_Team_Member</targetReference>
        </connector>
        <doesRequireRecordChangedToMeetCriteria>true</doesRequireRecordChangedToMeetCriteria>
        <filterLogic>1 AND (2 OR 3)</filterLogic>
        <filters>
            <field>RecordTypeId</field>
            <operator>EqualTo</operator>
            <value>
                <stringValue>0124x000000AoFuAAK</stringValue>
            </value>
        </filters>
        <filters>
            <field>Partner__c</field>
            <operator>EqualTo</operator>
            <value>
                <stringValue>a0vUw0000036KK5IAM</stringValue>
            </value>
        </filters>
        <filters>
            <field>Partner__c</field>
            <operator>EqualTo</operator>
            <value>
                <stringValue>a0v4x000006DpshAAC</stringValue>
            </value>
        </filters>
        <object>Opportunity</object>
        <recordTriggerType>CreateAndUpdate</recordTriggerType>
        <triggerType>RecordAfterSave</triggerType>
    </start>
    <status>Active</status>
</Flow>
