<?xml version="1.0" encoding="UTF-8"?>
<Flow xmlns="http://soap.sforce.com/2006/04/metadata">
    <apiVersion>62.0</apiVersion>
    <areMetricsLoggedToDataCloud>false</areMetricsLoggedToDataCloud>
    <assignments>
        <name>Set_SingleRecordHolder_for_Month</name>
        <label>Set SingleRecordHolder for Month</label>
        <locationX>50</locationX>
        <locationY>1055</locationY>
        <assignmentItems>
            <assignToReference>SingleRecordHolder.Month__c</assignToReference>
            <operator>Assign</operator>
            <value>
                <elementReference>FM_CurrentMonthForLoop</elementReference>
            </value>
        </assignmentItems>
        <assignmentItems>
            <assignToReference>SingleRecordHolder.Year__c</assignToReference>
            <operator>Assign</operator>
            <value>
                <elementReference>FM_CurrentYearForLoop</elementReference>
            </value>
        </assignmentItems>
        <assignmentItems>
            <assignToReference>SingleRecordHolder.Opportunity__c</assignToReference>
            <operator>Assign</operator>
            <value>
                <elementReference>$Record.Id</elementReference>
            </value>
        </assignmentItems>
        <assignmentItems>
            <assignToReference>SingleRecordHolder.Labor_Hours__c</assignToReference>
            <operator>Assign</operator>
            <value>
                <elementReference>FM_PerMonthLabor</elementReference>
            </value>
        </assignmentItems>
        <assignmentItems>
            <assignToReference>SingleRecordHolder.Amount__c</assignToReference>
            <operator>Assign</operator>
            <value>
                <elementReference>FM_PerMonthRevinue</elementReference>
            </value>
        </assignmentItems>
        <assignmentItems>
            <assignToReference>Var_CurrentMonthCNTForLoop</assignToReference>
            <operator>Assign</operator>
            <value>
                <elementReference>FM_CurrentMonthPlus1</elementReference>
            </value>
        </assignmentItems>
        <connector>
            <targetReference>Set_Var_RecordsToCreate</targetReference>
        </connector>
    </assignments>
    <assignments>
        <name>Set_Var_NumberOfMonths</name>
        <label>Set Var_NumberOfMonths</label>
        <locationX>182</locationX>
        <locationY>839</locationY>
        <assignmentItems>
            <assignToReference>Var_NumberOfMonths</assignToReference>
            <operator>Assign</operator>
            <value>
                <elementReference>FM_MonthsInProject</elementReference>
            </value>
        </assignmentItems>
        <assignmentItems>
            <assignToReference>Var_CurrentMonthCNTForLoop</assignToReference>
            <operator>Assign</operator>
            <value>
                <numberValue>0.0</numberValue>
            </value>
        </assignmentItems>
        <connector>
            <targetReference>Is_Var_NumberOfMonth_Greater_than_Var_CurrentMonthCNTForLoop</targetReference>
        </connector>
    </assignments>
    <assignments>
        <name>Set_Var_RecordsToCreate</name>
        <label>Set Var_RecordsToCreate</label>
        <locationX>50</locationX>
        <locationY>1163</locationY>
        <assignmentItems>
            <assignToReference>Var_RecordsToCreate</assignToReference>
            <operator>Add</operator>
            <value>
                <elementReference>SingleRecordHolder</elementReference>
            </value>
        </assignmentItems>
        <connector>
            <isGoTo>true</isGoTo>
            <targetReference>Is_Var_NumberOfMonth_Greater_than_Var_CurrentMonthCNTForLoop</targetReference>
        </connector>
    </assignments>
    <constants>
        <name>Con_1</name>
        <dataType>Number</dataType>
        <value>
            <numberValue>1.0</numberValue>
        </value>
    </constants>
    <decisions>
        <name>Any_Records_To_Delete</name>
        <label>Any Records To Delete</label>
        <locationX>182</locationX>
        <locationY>539</locationY>
        <defaultConnector>
            <targetReference>Set_Var_NumberOfMonths</targetReference>
        </defaultConnector>
        <defaultConnectorLabel>Default Outcome</defaultConnectorLabel>
        <rules>
            <name>Yes_Records_To_Delete</name>
            <conditionLogic>and</conditionLogic>
            <conditions>
                <leftValueReference>Var_RecordsToDelete</leftValueReference>
                <operator>IsNull</operator>
                <rightValue>
                    <booleanValue>false</booleanValue>
                </rightValue>
            </conditions>
            <connector>
                <targetReference>Delete_Old_Records</targetReference>
            </connector>
            <label>Yes Records To Delete</label>
        </rules>
    </decisions>
    <decisions>
        <name>Has_Start_or_End_date_Changed</name>
        <label>Has Start or End date Changed</label>
        <locationX>380</locationX>
        <locationY>323</locationY>
        <defaultConnectorLabel>Default Outcome</defaultConnectorLabel>
        <rules>
            <name>Yes_Run_Flow</name>
            <conditionLogic>or</conditionLogic>
            <conditions>
                <leftValueReference>$Record.Start_Date__c</leftValueReference>
                <operator>IsChanged</operator>
                <rightValue>
                    <booleanValue>true</booleanValue>
                </rightValue>
            </conditions>
            <conditions>
                <leftValueReference>$Record.End_Date__c</leftValueReference>
                <operator>IsChanged</operator>
                <rightValue>
                    <booleanValue>true</booleanValue>
                </rightValue>
            </conditions>
            <conditions>
                <leftValueReference>$Record__Prior.Start_Date__c</leftValueReference>
                <operator>IsNull</operator>
                <rightValue>
                    <booleanValue>true</booleanValue>
                </rightValue>
            </conditions>
            <conditions>
                <leftValueReference>$Record__Prior.End_Date__c</leftValueReference>
                <operator>IsNull</operator>
                <rightValue>
                    <booleanValue>true</booleanValue>
                </rightValue>
            </conditions>
            <conditions>
                <leftValueReference>$Record.Amount</leftValueReference>
                <operator>IsChanged</operator>
                <rightValue>
                    <booleanValue>true</booleanValue>
                </rightValue>
            </conditions>
            <conditions>
                <leftValueReference>$Record__Prior.Amount</leftValueReference>
                <operator>IsNull</operator>
                <rightValue>
                    <booleanValue>true</booleanValue>
                </rightValue>
            </conditions>
            <conditions>
                <leftValueReference>$Record.Ambrose_Metadata__c</leftValueReference>
                <operator>EqualTo</operator>
                <rightValue>
                    <stringValue>X</stringValue>
                </rightValue>
            </conditions>
            <connector>
                <targetReference>Get_Month_Records</targetReference>
            </connector>
            <label>Yes Run Flow</label>
        </rules>
    </decisions>
    <decisions>
        <name>Is_Var_NumberOfMonth_Greater_than_Var_CurrentMonthCNTForLoop</name>
        <label>Is Var_NumberOfMonth Greater than Var_CurrentMonthCNTForLoop</label>
        <locationX>182</locationX>
        <locationY>947</locationY>
        <defaultConnector>
            <targetReference>Create_New_Records</targetReference>
        </defaultConnector>
        <defaultConnectorLabel>Default Outcome</defaultConnectorLabel>
        <rules>
            <name>Yes_Greater_Then_Var_CurrentMonthCNTForLoop</name>
            <conditionLogic>and</conditionLogic>
            <conditions>
                <leftValueReference>Var_NumberOfMonths</leftValueReference>
                <operator>GreaterThan</operator>
                <rightValue>
                    <elementReference>Var_CurrentMonthCNTForLoop</elementReference>
                </rightValue>
            </conditions>
            <connector>
                <targetReference>Set_SingleRecordHolder_for_Month</targetReference>
            </connector>
            <label>Yes Greater Then Var_CurrentMonthCNTForLoop</label>
        </rules>
    </decisions>
    <description>Why errors why?</description>
    <environments>Default</environments>
    <formulas>
        <name>FM_CurrentMonthForLoop</name>
        <dataType>Number</dataType>
        <expression>Month(addmonths({!$Record.Start_Date__c}, {!Var_CurrentMonthCNTForLoop}))</expression>
        <scale>2</scale>
    </formulas>
    <formulas>
        <name>FM_CurrentMonthPlus1</name>
        <dataType>Number</dataType>
        <expression>{!Var_CurrentMonthCNTForLoop} +1</expression>
        <scale>2</scale>
    </formulas>
    <formulas>
        <name>FM_CurrentYearForLoop</name>
        <dataType>Number</dataType>
        <expression>Year(addmonths({!$Record.Start_Date__c}, {!Var_CurrentMonthCNTForLoop}))</expression>
        <scale>2</scale>
    </formulas>
    <formulas>
        <name>FM_MonthsInProject</name>
        <dataType>Number</dataType>
        <expression>{!$Record.Months_In_Project__c}</expression>
        <scale>2</scale>
    </formulas>
    <formulas>
        <name>FM_PerMonthLabor</name>
        <dataType>Number</dataType>
        <expression>{!$Record.Per_Month_Labor__c}</expression>
        <scale>2</scale>
    </formulas>
    <formulas>
        <name>FM_PerMonthRevinue</name>
        <dataType>Currency</dataType>
        <expression>{!$Record.Per_Month_Revenue__c}</expression>
        <scale>2</scale>
    </formulas>
    <interviewLabel>[Opportunity] Create or Update Monthly {!$Flow.CurrentDateTime}</interviewLabel>
    <label>[Opportunity] Create or Update Monthly Break Out</label>
    <processMetadataValues>
        <name>BuilderType</name>
        <value>
            <stringValue>LightningFlowBuilder</stringValue>
        </value>
    </processMetadataValues>
    <processMetadataValues>
        <name>CanvasMode</name>
        <value>
            <stringValue>AUTO_LAYOUT_CANVAS</stringValue>
        </value>
    </processMetadataValues>
    <processMetadataValues>
        <name>OriginBuilderType</name>
        <value>
            <stringValue>LightningFlowBuilder</stringValue>
        </value>
    </processMetadataValues>
    <processType>AutoLaunchedFlow</processType>
    <recordCreates>
        <name>Create_New_Records</name>
        <label>Create New Records</label>
        <locationX>314</locationX>
        <locationY>1055</locationY>
        <inputReference>Var_RecordsToCreate</inputReference>
    </recordCreates>
    <recordDeletes>
        <name>Delete_Old_Records</name>
        <label>Delete Old Records</label>
        <locationX>50</locationX>
        <locationY>647</locationY>
        <connector>
            <targetReference>Set_Var_NumberOfMonths</targetReference>
        </connector>
        <inputReference>Var_RecordsToDelete</inputReference>
    </recordDeletes>
    <recordLookups>
        <name>Get_Month_Records</name>
        <label>Get Month Records</label>
        <locationX>182</locationX>
        <locationY>431</locationY>
        <assignNullValuesIfNoRecordsFound>false</assignNullValuesIfNoRecordsFound>
        <connector>
            <targetReference>Any_Records_To_Delete</targetReference>
        </connector>
        <filterLogic>and</filterLogic>
        <filters>
            <field>Opportunity__c</field>
            <operator>EqualTo</operator>
            <value>
                <elementReference>$Record.Id</elementReference>
            </value>
        </filters>
        <object>Opp_Monthly_Break_Out__c</object>
        <outputReference>Var_RecordsToDelete</outputReference>
        <queriedFields>Id</queriedFields>
        <sortField>Id</sortField>
        <sortOrder>Asc</sortOrder>
    </recordLookups>
    <start>
        <locationX>254</locationX>
        <locationY>0</locationY>
        <connector>
            <targetReference>Has_Start_or_End_date_Changed</targetReference>
        </connector>
        <filterLogic>and</filterLogic>
        <filters>
            <field>Start_Date__c</field>
            <operator>IsNull</operator>
            <value>
                <booleanValue>false</booleanValue>
            </value>
        </filters>
        <filters>
            <field>End_Date__c</field>
            <operator>IsNull</operator>
            <value>
                <booleanValue>false</booleanValue>
            </value>
        </filters>
        <object>Opportunity</object>
        <recordTriggerType>CreateAndUpdate</recordTriggerType>
        <triggerType>RecordAfterSave</triggerType>
    </start>
    <status>Active</status>
    <variables>
        <name>SingleRecordHolder</name>
        <dataType>SObject</dataType>
        <isCollection>false</isCollection>
        <isInput>false</isInput>
        <isOutput>false</isOutput>
        <objectType>Opp_Monthly_Break_Out__c</objectType>
    </variables>
    <variables>
        <name>Var_CurrentMonthCNTForLoop</name>
        <dataType>Number</dataType>
        <isCollection>false</isCollection>
        <isInput>false</isInput>
        <isOutput>false</isOutput>
        <scale>0</scale>
        <value>
            <numberValue>0.0</numberValue>
        </value>
    </variables>
    <variables>
        <name>Var_NumberOfMonths</name>
        <dataType>Number</dataType>
        <isCollection>false</isCollection>
        <isInput>false</isInput>
        <isOutput>false</isOutput>
        <scale>0</scale>
    </variables>
    <variables>
        <name>Var_RecordsToCreate</name>
        <dataType>SObject</dataType>
        <isCollection>true</isCollection>
        <isInput>false</isInput>
        <isOutput>false</isOutput>
        <objectType>Opp_Monthly_Break_Out__c</objectType>
    </variables>
    <variables>
        <name>Var_RecordsToDelete</name>
        <dataType>SObject</dataType>
        <isCollection>true</isCollection>
        <isInput>false</isInput>
        <isOutput>false</isOutput>
        <objectType>Opp_Monthly_Break_Out__c</objectType>
    </variables>
</Flow>
