<?xml version="1.0" encoding="UTF-8"?>
<Flow xmlns="http://soap.sforce.com/2006/04/metadata">
    <actionCalls>
        <name>Open_Epic</name>
        <label>Open Epic</label>
        <locationX>336</locationX>
        <locationY>7694</locationY>
        <actionName>c:fsc_openUrl</actionName>
        <actionType>component</actionType>
        <flowTransactionModel>CurrentTransaction</flowTransactionModel>
        <inputParameters>
            <name>url</name>
            <value>
                <stringValue>/{!Var_Epic}</stringValue>
            </value>
        </inputParameters>
        <nameSegment>c:fsc_openUrl</nameSegment>
        <offset>0</offset>
        <storeOutputAutomatically>true</storeOutputAutomatically>
    </actionCalls>
    <apiVersion>62.0</apiVersion>
    <areMetricsLoggedToDataCloud>false</areMetricsLoggedToDataCloud>
    <assignments>
        <name>Add_Build_Out_to_Var_StorykRecordSingle</name>
        <label>Add Build Out to Var_StorykRecordSingle</label>
        <locationX>424</locationX>
        <locationY>1574</locationY>
        <assignmentItems>
            <assignToReference>Var_StorykRecordSingle.Start_Date__c</assignToReference>
            <operator>Assign</operator>
            <value>
                <elementReference>Var_Today</elementReference>
            </value>
        </assignmentItems>
        <assignmentItems>
            <assignToReference>Var_StorykRecordSingle.Owner__c</assignToReference>
            <operator>Assign</operator>
            <value>
                <elementReference>Var_Owner</elementReference>
            </value>
        </assignmentItems>
        <assignmentItems>
            <assignToReference>Var_StorykRecordSingle.Name</assignToReference>
            <operator>Assign</operator>
            <value>
                <stringValue>Build Out</stringValue>
            </value>
        </assignmentItems>
        <assignmentItems>
            <assignToReference>Var_StorykRecordSingle.Status__c</assignToReference>
            <operator>Assign</operator>
            <value>
                <stringValue>Backlog</stringValue>
            </value>
        </assignmentItems>
        <assignmentItems>
            <assignToReference>Var_StorykRecordSingle.PMT_Epic__c</assignToReference>
            <operator>Assign</operator>
            <value>
                <elementReference>Var_Epic</elementReference>
            </value>
        </assignmentItems>
        <connector>
            <targetReference>Save_Build_Out_to_Var_StorykRecordsHolder</targetReference>
        </connector>
    </assignments>
    <assignments>
        <name>Add_Initial_Meeting_to_Var_StorykRecordSingle</name>
        <label>Add Initial Meeting to Var_StorykRecordSingle</label>
        <locationX>424</locationX>
        <locationY>758</locationY>
        <assignmentItems>
            <assignToReference>Var_StorykRecordSingle.Start_Date__c</assignToReference>
            <operator>Assign</operator>
            <value>
                <elementReference>Var_Today</elementReference>
            </value>
        </assignmentItems>
        <assignmentItems>
            <assignToReference>Var_StorykRecordSingle.Owner__c</assignToReference>
            <operator>Assign</operator>
            <value>
                <elementReference>Var_Owner</elementReference>
            </value>
        </assignmentItems>
        <assignmentItems>
            <assignToReference>Var_StorykRecordSingle.Name</assignToReference>
            <operator>Assign</operator>
            <value>
                <stringValue>Initial Meeting</stringValue>
            </value>
        </assignmentItems>
        <assignmentItems>
            <assignToReference>Var_StorykRecordSingle.Status__c</assignToReference>
            <operator>Assign</operator>
            <value>
                <stringValue>Backlog</stringValue>
            </value>
        </assignmentItems>
        <assignmentItems>
            <assignToReference>Var_StorykRecordSingle.PMT_Epic__c</assignToReference>
            <operator>Assign</operator>
            <value>
                <elementReference>Var_Epic</elementReference>
            </value>
        </assignmentItems>
        <connector>
            <targetReference>Save_Initial_Meeting_to_Var_StorykRecordsHolder</targetReference>
        </connector>
    </assignments>
    <assignments>
        <name>Add_Planning_to_Var_StorykRecordSingle</name>
        <label>Add Planning to Var_StorykRecordSingle</label>
        <locationX>424</locationX>
        <locationY>1166</locationY>
        <assignmentItems>
            <assignToReference>Var_StorykRecordSingle.Start_Date__c</assignToReference>
            <operator>Assign</operator>
            <value>
                <elementReference>Var_Today</elementReference>
            </value>
        </assignmentItems>
        <assignmentItems>
            <assignToReference>Var_StorykRecordSingle.Owner__c</assignToReference>
            <operator>Assign</operator>
            <value>
                <elementReference>Var_Owner</elementReference>
            </value>
        </assignmentItems>
        <assignmentItems>
            <assignToReference>Var_StorykRecordSingle.Name</assignToReference>
            <operator>Assign</operator>
            <value>
                <stringValue>Planning</stringValue>
            </value>
        </assignmentItems>
        <assignmentItems>
            <assignToReference>Var_StorykRecordSingle.Status__c</assignToReference>
            <operator>Assign</operator>
            <value>
                <stringValue>Backlog</stringValue>
            </value>
        </assignmentItems>
        <assignmentItems>
            <assignToReference>Var_StorykRecordSingle.PMT_Epic__c</assignToReference>
            <operator>Assign</operator>
            <value>
                <elementReference>Var_Epic</elementReference>
            </value>
        </assignmentItems>
        <connector>
            <targetReference>Save_Planning_to_Var_StorykRecordsHolder</targetReference>
        </connector>
    </assignments>
    <assignments>
        <name>Add_Training_to_Var_StorykRecordSingle</name>
        <label>Add Training to Var_StorykRecordSingle</label>
        <locationX>424</locationX>
        <locationY>1982</locationY>
        <assignmentItems>
            <assignToReference>Var_StorykRecordSingle.Start_Date__c</assignToReference>
            <operator>Assign</operator>
            <value>
                <elementReference>Var_Today</elementReference>
            </value>
        </assignmentItems>
        <assignmentItems>
            <assignToReference>Var_StorykRecordSingle.Owner__c</assignToReference>
            <operator>Assign</operator>
            <value>
                <elementReference>Var_Owner</elementReference>
            </value>
        </assignmentItems>
        <assignmentItems>
            <assignToReference>Var_StorykRecordSingle.Name</assignToReference>
            <operator>Assign</operator>
            <value>
                <stringValue>Training</stringValue>
            </value>
        </assignmentItems>
        <assignmentItems>
            <assignToReference>Var_StorykRecordSingle.Status__c</assignToReference>
            <operator>Assign</operator>
            <value>
                <stringValue>Backlog</stringValue>
            </value>
        </assignmentItems>
        <assignmentItems>
            <assignToReference>Var_StorykRecordSingle.PMT_Epic__c</assignToReference>
            <operator>Assign</operator>
            <value>
                <elementReference>Var_Epic</elementReference>
            </value>
        </assignmentItems>
        <connector>
            <targetReference>Save_Training_to_Var_StorykRecordsHolder</targetReference>
        </connector>
    </assignments>
    <assignments>
        <name>Copy_2_of_Set_Var_Owner</name>
        <label>Copy 2 of Set Var_Owner</label>
        <locationX>204</locationX>
        <locationY>350</locationY>
        <assignmentItems>
            <assignToReference>Var_Owner</assignToReference>
            <operator>Assign</operator>
            <value>
                <elementReference>What_is_the_name_of_the_new_partner</elementReference>
            </value>
        </assignmentItems>
        <connector>
            <targetReference>Create_Epic</targetReference>
        </connector>
    </assignments>
    <assignments>
        <name>Copy_2_of_Set_Var_taskSingleRecord_Custom_List_Views</name>
        <label>Set Var_taskSingleRecord Set custom Filed Views On All Page Layouts</label>
        <locationX>336</locationX>
        <locationY>6290</locationY>
        <assignmentItems>
            <assignToReference>Var_TaskSingleRecord.PMT_Epic__c</assignToReference>
            <operator>Assign</operator>
            <value>
                <elementReference>Var_Epic</elementReference>
            </value>
        </assignmentItems>
        <assignmentItems>
            <assignToReference>Var_TaskSingleRecord.Name</assignToReference>
            <operator>Assign</operator>
            <value>
                <stringValue>Set custom Filed Views On All Page Layouts</stringValue>
            </value>
        </assignmentItems>
        <assignmentItems>
            <assignToReference>Var_TaskSingleRecord.Owner__c</assignToReference>
            <operator>Assign</operator>
            <value>
                <elementReference>Var_Owner</elementReference>
            </value>
        </assignmentItems>
        <assignmentItems>
            <assignToReference>Var_TaskSingleRecord.Stage__c</assignToReference>
            <operator>Assign</operator>
            <value>
                <stringValue>On Deck</stringValue>
            </value>
        </assignmentItems>
        <connector>
            <targetReference>Copy_2_of_Var_TaskRecordHolder_Partner_Picklist</targetReference>
        </connector>
    </assignments>
    <assignments>
        <name>Copy_2_of_Var_TaskRecordHolder_Custom_Views</name>
        <label>Var_TaskRecordHolder list views</label>
        <locationX>336</locationX>
        <locationY>6614</locationY>
        <assignmentItems>
            <assignToReference>Var_TaskRecordHolder</assignToReference>
            <operator>Add</operator>
            <value>
                <elementReference>Var_TaskSingleRecord</elementReference>
            </value>
        </assignmentItems>
        <connector>
            <targetReference>Set_Var_TaskSingleRecord_Partner_Tasks</targetReference>
        </connector>
    </assignments>
    <assignments>
        <name>Copy_2_of_Var_TaskRecordHolder_Partner_Picklist</name>
        <label>Var_TaskRecordHolder Custom Views</label>
        <locationX>336</locationX>
        <locationY>6398</locationY>
        <assignmentItems>
            <assignToReference>Var_TaskRecordHolder</assignToReference>
            <operator>Add</operator>
            <value>
                <elementReference>Var_TaskSingleRecord</elementReference>
            </value>
        </assignmentItems>
        <connector>
            <targetReference>Set_Var_taskSingleRecord_Custom_List_Views</targetReference>
        </connector>
    </assignments>
    <assignments>
        <name>Save_Build_Out_to_Var_StorykRecordsHolder</name>
        <label>Save Build Out to Var_StorykRecordsHolder</label>
        <locationX>424</locationX>
        <locationY>1682</locationY>
        <assignmentItems>
            <assignToReference>Var_StorykRecordsHolder</assignToReference>
            <operator>Add</operator>
            <value>
                <elementReference>Var_StorykRecordSingle</elementReference>
            </value>
        </assignmentItems>
        <connector>
            <targetReference>Is_Training_Checked</targetReference>
        </connector>
    </assignments>
    <assignments>
        <name>Save_Initial_Meeting_to_Var_StorykRecordsHolder</name>
        <label>Save Initial Meeting to Var_StorykRecordsHolder</label>
        <locationX>424</locationX>
        <locationY>866</locationY>
        <assignmentItems>
            <assignToReference>Var_StorykRecordsHolder</assignToReference>
            <operator>Add</operator>
            <value>
                <elementReference>Var_StorykRecordSingle</elementReference>
            </value>
        </assignmentItems>
        <connector>
            <targetReference>Is_Planning_Checked</targetReference>
        </connector>
    </assignments>
    <assignments>
        <name>Save_Planning_to_Var_StorykRecordsHolder</name>
        <label>Save Planning to Var_StorykRecordsHolder</label>
        <locationX>424</locationX>
        <locationY>1274</locationY>
        <assignmentItems>
            <assignToReference>Var_StorykRecordsHolder</assignToReference>
            <operator>Add</operator>
            <value>
                <elementReference>Var_StorykRecordSingle</elementReference>
            </value>
        </assignmentItems>
        <connector>
            <targetReference>Is_Build_Out_Checked</targetReference>
        </connector>
    </assignments>
    <assignments>
        <name>Save_Training_to_Var_StorykRecordsHolder</name>
        <label>Save Training to Var_StorykRecordsHolder</label>
        <locationX>424</locationX>
        <locationY>2090</locationY>
        <assignmentItems>
            <assignToReference>Var_StorykRecordsHolder</assignToReference>
            <operator>Add</operator>
            <value>
                <elementReference>Var_StorykRecordSingle</elementReference>
            </value>
        </assignmentItems>
        <connector>
            <targetReference>Create_Stories</targetReference>
        </connector>
    </assignments>
    <assignments>
        <name>Set_Var_TaskRecordHolder</name>
        <label>Set Var_TaskRecordHolder</label>
        <locationX>50</locationX>
        <locationY>3038</locationY>
        <assignmentItems>
            <assignToReference>Var_TaskRecordHolder</assignToReference>
            <operator>Add</operator>
            <value>
                <elementReference>Var_TaskSingleRecord</elementReference>
            </value>
        </assignmentItems>
        <connector>
            <targetReference>Set_Var_TaskSingleRecord_Map_Out_Users</targetReference>
        </connector>
    </assignments>
    <assignments>
        <name>Set_Var_TaskRecordHolder_Companies</name>
        <label>Set Var_TaskRecordHolder Companies</label>
        <locationX>182</locationX>
        <locationY>3554</locationY>
        <assignmentItems>
            <assignToReference>Var_TaskRecordHolder</assignToReference>
            <operator>Add</operator>
            <value>
                <elementReference>Var_TaskSingleRecord</elementReference>
            </value>
        </assignmentItems>
        <connector>
            <targetReference>Set_Var_TaskSingleRecord_Map_Out_Leads</targetReference>
        </connector>
    </assignments>
    <assignments>
        <name>Set_Var_TaskRecordHolder_Early_Adopters_Training</name>
        <label>Set Var_TaskRecordHolder Early Adopters Training</label>
        <locationX>204</locationX>
        <locationY>5666</locationY>
        <assignmentItems>
            <assignToReference>Var_TaskRecordHolder</assignToReference>
            <operator>Add</operator>
            <value>
                <elementReference>Var_TaskSingleRecord</elementReference>
            </value>
        </assignmentItems>
        <connector>
            <targetReference>Set_Var_TaskSingleRecord_First_Training</targetReference>
        </connector>
    </assignments>
    <assignments>
        <name>Set_Var_TaskRecordHolder_Final_Training</name>
        <label>Set Var_TaskRecordHolder Final Training</label>
        <locationX>204</locationX>
        <locationY>6098</locationY>
        <assignmentItems>
            <assignToReference>Var_TaskRecordHolder</assignToReference>
            <operator>Add</operator>
            <value>
                <elementReference>Var_TaskSingleRecord</elementReference>
            </value>
        </assignmentItems>
        <connector>
            <targetReference>Copy_2_of_Set_Var_taskSingleRecord_Custom_List_Views</targetReference>
        </connector>
    </assignments>
    <assignments>
        <name>Set_Var_TaskRecordHolder_First_Training</name>
        <label>Set Var_TaskRecordHolder First Training</label>
        <locationX>204</locationX>
        <locationY>5882</locationY>
        <assignmentItems>
            <assignToReference>Var_TaskRecordHolder</assignToReference>
            <operator>Add</operator>
            <value>
                <elementReference>Var_TaskSingleRecord</elementReference>
            </value>
        </assignmentItems>
        <connector>
            <targetReference>Set_Var_TaskSingleRecord_Final_Training</targetReference>
        </connector>
    </assignments>
    <assignments>
        <name>Set_Var_TaskRecordHolder_Import_Companies</name>
        <label>Set Var_TaskRecordHolder Import Companies</label>
        <locationX>204</locationX>
        <locationY>4718</locationY>
        <assignmentItems>
            <assignToReference>Var_TaskRecordHolder</assignToReference>
            <operator>Add</operator>
            <value>
                <elementReference>Var_TaskSingleRecord</elementReference>
            </value>
        </assignmentItems>
        <connector>
            <targetReference>Set_Var_TaskSingleRecord_Import_Leads</targetReference>
        </connector>
    </assignments>
    <assignments>
        <name>Set_Var_TaskRecordHolder_Import_Leads</name>
        <label>Set Var_TaskRecordHolder Import Leads</label>
        <locationX>204</locationX>
        <locationY>4934</locationY>
        <assignmentItems>
            <assignToReference>Var_TaskRecordHolder</assignToReference>
            <operator>Add</operator>
            <value>
                <elementReference>Var_TaskSingleRecord</elementReference>
            </value>
        </assignmentItems>
        <connector>
            <targetReference>Set_Var_TaskSingleRecord_Import_Opportunities</targetReference>
        </connector>
    </assignments>
    <assignments>
        <name>Set_Var_TaskRecordHolder_Import_Opportunities</name>
        <label>Set Var_TaskRecordHolder Import Opportunities</label>
        <locationX>204</locationX>
        <locationY>5150</locationY>
        <assignmentItems>
            <assignToReference>Var_TaskRecordHolder</assignToReference>
            <operator>Add</operator>
            <value>
                <elementReference>Var_TaskSingleRecord</elementReference>
            </value>
        </assignmentItems>
        <connector>
            <targetReference>Is_Training_CheckedTask</targetReference>
        </connector>
    </assignments>
    <assignments>
        <name>Set_Var_TaskRecordHolder_Import_Users</name>
        <label>Set Var_TaskRecordHolder Import Users</label>
        <locationX>204</locationX>
        <locationY>4502</locationY>
        <assignmentItems>
            <assignToReference>Var_TaskRecordHolder</assignToReference>
            <operator>Add</operator>
            <value>
                <elementReference>Var_TaskSingleRecord</elementReference>
            </value>
        </assignmentItems>
        <connector>
            <targetReference>Set_Var_TaskSingleRecord_Import_Companies</targetReference>
        </connector>
    </assignments>
    <assignments>
        <name>Set_Var_TaskRecordHolder_Leads</name>
        <label>Set Var_TaskRecordHolder Leads</label>
        <locationX>182</locationX>
        <locationY>3770</locationY>
        <assignmentItems>
            <assignToReference>Var_TaskRecordHolder</assignToReference>
            <operator>Add</operator>
            <value>
                <elementReference>Var_TaskSingleRecord</elementReference>
            </value>
        </assignmentItems>
        <connector>
            <targetReference>Set_Var_TaskSingleRecord_Map_Out_Opportunities</targetReference>
        </connector>
    </assignments>
    <assignments>
        <name>Set_Var_TaskRecordHolder_Opp</name>
        <label>Set Var_TaskRecordHolder Opp</label>
        <locationX>182</locationX>
        <locationY>3986</locationY>
        <assignmentItems>
            <assignToReference>Var_TaskRecordHolder</assignToReference>
            <operator>Add</operator>
            <value>
                <elementReference>Var_TaskSingleRecord</elementReference>
            </value>
        </assignmentItems>
        <connector>
            <targetReference>Is_Build_Out_Checked_Task</targetReference>
        </connector>
    </assignments>
    <assignments>
        <name>Set_Var_TaskRecordHolder_Users</name>
        <label>Set Var_TaskRecordHolder Users</label>
        <locationX>182</locationX>
        <locationY>3338</locationY>
        <assignmentItems>
            <assignToReference>Var_TaskRecordHolder</assignToReference>
            <operator>Add</operator>
            <value>
                <elementReference>Var_TaskSingleRecord</elementReference>
            </value>
        </assignmentItems>
        <connector>
            <targetReference>Set_Var_TaskSingleRecord_Map_Out_Companies</targetReference>
        </connector>
    </assignments>
    <assignments>
        <name>Set_Var_TaskSingleRecord_Add_New_Partner_To_Main_Dashboards</name>
        <label>Set Var_TaskSingleRecord Add New Partner To Main Dashboards</label>
        <locationX>336</locationX>
        <locationY>7370</locationY>
        <assignmentItems>
            <assignToReference>Var_TaskSingleRecord.PMT_Epic__c</assignToReference>
            <operator>Assign</operator>
            <value>
                <elementReference>Var_Epic</elementReference>
            </value>
        </assignmentItems>
        <assignmentItems>
            <assignToReference>Var_TaskSingleRecord.Name</assignToReference>
            <operator>Assign</operator>
            <value>
                <stringValue>Add New Partner To Main Dashboards</stringValue>
            </value>
        </assignmentItems>
        <assignmentItems>
            <assignToReference>Var_TaskSingleRecord.Owner__c</assignToReference>
            <operator>Assign</operator>
            <value>
                <elementReference>Var_Owner</elementReference>
            </value>
        </assignmentItems>
        <assignmentItems>
            <assignToReference>Var_TaskSingleRecord.Stage__c</assignToReference>
            <operator>Assign</operator>
            <value>
                <stringValue>On Deck</stringValue>
            </value>
        </assignmentItems>
        <connector>
            <targetReference>Var_TaskRecordHolder_Add_New_Partner_To_Main_Dashboards</targetReference>
        </connector>
    </assignments>
    <assignments>
        <name>Set_Var_TaskSingleRecord_Add_Partner_To_Partner_Object</name>
        <label>Set Var_TaskSingleRecord Add Partner To Partner Object</label>
        <locationX>336</locationX>
        <locationY>6938</locationY>
        <assignmentItems>
            <assignToReference>Var_TaskSingleRecord.PMT_Epic__c</assignToReference>
            <operator>Assign</operator>
            <value>
                <elementReference>Var_Epic</elementReference>
            </value>
        </assignmentItems>
        <assignmentItems>
            <assignToReference>Var_TaskSingleRecord.Name</assignToReference>
            <operator>Assign</operator>
            <value>
                <stringValue>Add Partner To Partner Object </stringValue>
            </value>
        </assignmentItems>
        <assignmentItems>
            <assignToReference>Var_TaskSingleRecord.Owner__c</assignToReference>
            <operator>Assign</operator>
            <value>
                <elementReference>Var_Owner</elementReference>
            </value>
        </assignmentItems>
        <assignmentItems>
            <assignToReference>Var_TaskSingleRecord.Stage__c</assignToReference>
            <operator>Assign</operator>
            <value>
                <stringValue>On Deck</stringValue>
            </value>
        </assignmentItems>
        <connector>
            <targetReference>Var_TaskRecordHolder_Partner_To_Partner_Object</targetReference>
        </connector>
    </assignments>
    <assignments>
        <name>Set_Var_TaskSingleRecord_Add_Roles_and_Sharing_Rules</name>
        <label>Set Var_TaskSingleRecord Add Roles and Sharing Rules</label>
        <locationX>336</locationX>
        <locationY>7154</locationY>
        <assignmentItems>
            <assignToReference>Var_TaskSingleRecord.PMT_Epic__c</assignToReference>
            <operator>Assign</operator>
            <value>
                <elementReference>Var_Epic</elementReference>
            </value>
        </assignmentItems>
        <assignmentItems>
            <assignToReference>Var_TaskSingleRecord.Name</assignToReference>
            <operator>Assign</operator>
            <value>
                <stringValue>Add Roles and Sharing Rules</stringValue>
            </value>
        </assignmentItems>
        <assignmentItems>
            <assignToReference>Var_TaskSingleRecord.Owner__c</assignToReference>
            <operator>Assign</operator>
            <value>
                <elementReference>Var_Owner</elementReference>
            </value>
        </assignmentItems>
        <assignmentItems>
            <assignToReference>Var_TaskSingleRecord.Stage__c</assignToReference>
            <operator>Assign</operator>
            <value>
                <stringValue>On Deck</stringValue>
            </value>
        </assignmentItems>
        <connector>
            <targetReference>Var_TaskRecordHolder_Add_Roles_and_Sharing_Rules</targetReference>
        </connector>
    </assignments>
    <assignments>
        <name>Set_Var_taskSingleRecord_Custom_List_Views</name>
        <label>Set Var_taskSingleRecord_Custom_List Views</label>
        <locationX>336</locationX>
        <locationY>6506</locationY>
        <assignmentItems>
            <assignToReference>Var_TaskSingleRecord.PMT_Epic__c</assignToReference>
            <operator>Assign</operator>
            <value>
                <elementReference>Var_Epic</elementReference>
            </value>
        </assignmentItems>
        <assignmentItems>
            <assignToReference>Var_TaskSingleRecord.Name</assignToReference>
            <operator>Assign</operator>
            <value>
                <stringValue>Create Customized List Views</stringValue>
            </value>
        </assignmentItems>
        <assignmentItems>
            <assignToReference>Var_TaskSingleRecord.Owner__c</assignToReference>
            <operator>Assign</operator>
            <value>
                <elementReference>Var_Owner</elementReference>
            </value>
        </assignmentItems>
        <assignmentItems>
            <assignToReference>Var_TaskSingleRecord.Stage__c</assignToReference>
            <operator>Assign</operator>
            <value>
                <stringValue>On Deck</stringValue>
            </value>
        </assignmentItems>
        <connector>
            <targetReference>Copy_2_of_Var_TaskRecordHolder_Custom_Views</targetReference>
        </connector>
    </assignments>
    <assignments>
        <name>Set_Var_TaskSingleRecord_Early_Adopters_Training</name>
        <label>Set Var_TaskSingleRecord Early Adopters Training</label>
        <locationX>204</locationX>
        <locationY>5558</locationY>
        <assignmentItems>
            <assignToReference>Var_TaskSingleRecord.PMT_Epic__c</assignToReference>
            <operator>Assign</operator>
            <value>
                <elementReference>Var_Epic</elementReference>
            </value>
        </assignmentItems>
        <assignmentItems>
            <assignToReference>Var_TaskSingleRecord.PMT_Story__c</assignToReference>
            <operator>Assign</operator>
            <value>
                <elementReference>Get_New_Story_ID_For_Training.Id</elementReference>
            </value>
        </assignmentItems>
        <assignmentItems>
            <assignToReference>Var_TaskSingleRecord.Name</assignToReference>
            <operator>Assign</operator>
            <value>
                <stringValue>Early Adopters Training</stringValue>
            </value>
        </assignmentItems>
        <assignmentItems>
            <assignToReference>Var_TaskSingleRecord.Owner__c</assignToReference>
            <operator>Assign</operator>
            <value>
                <elementReference>Var_Owner</elementReference>
            </value>
        </assignmentItems>
        <assignmentItems>
            <assignToReference>Var_TaskSingleRecord.Stage__c</assignToReference>
            <operator>Assign</operator>
            <value>
                <stringValue>On Deck</stringValue>
            </value>
        </assignmentItems>
        <connector>
            <targetReference>Set_Var_TaskRecordHolder_Early_Adopters_Training</targetReference>
        </connector>
    </assignments>
    <assignments>
        <name>Set_Var_TaskSingleRecord_Final_Training</name>
        <label>Set Var_TaskSingleRecord Final Training</label>
        <locationX>204</locationX>
        <locationY>5990</locationY>
        <assignmentItems>
            <assignToReference>Var_TaskSingleRecord.PMT_Epic__c</assignToReference>
            <operator>Assign</operator>
            <value>
                <elementReference>Var_Epic</elementReference>
            </value>
        </assignmentItems>
        <assignmentItems>
            <assignToReference>Var_TaskSingleRecord.PMT_Story__c</assignToReference>
            <operator>Assign</operator>
            <value>
                <elementReference>Get_New_Story_ID_For_Training.Id</elementReference>
            </value>
        </assignmentItems>
        <assignmentItems>
            <assignToReference>Var_TaskSingleRecord.Name</assignToReference>
            <operator>Assign</operator>
            <value>
                <stringValue>Final Training </stringValue>
            </value>
        </assignmentItems>
        <assignmentItems>
            <assignToReference>Var_TaskSingleRecord.Owner__c</assignToReference>
            <operator>Assign</operator>
            <value>
                <elementReference>Var_Owner</elementReference>
            </value>
        </assignmentItems>
        <assignmentItems>
            <assignToReference>Var_TaskSingleRecord.Stage__c</assignToReference>
            <operator>Assign</operator>
            <value>
                <stringValue>On Deck</stringValue>
            </value>
        </assignmentItems>
        <connector>
            <targetReference>Set_Var_TaskRecordHolder_Final_Training</targetReference>
        </connector>
    </assignments>
    <assignments>
        <name>Set_Var_TaskSingleRecord_First_Training</name>
        <label>Set Var_TaskSingleRecord First Training</label>
        <locationX>204</locationX>
        <locationY>5774</locationY>
        <assignmentItems>
            <assignToReference>Var_TaskSingleRecord.PMT_Epic__c</assignToReference>
            <operator>Assign</operator>
            <value>
                <elementReference>Var_Epic</elementReference>
            </value>
        </assignmentItems>
        <assignmentItems>
            <assignToReference>Var_TaskSingleRecord.PMT_Story__c</assignToReference>
            <operator>Assign</operator>
            <value>
                <elementReference>Get_New_Story_ID_For_Training.Id</elementReference>
            </value>
        </assignmentItems>
        <assignmentItems>
            <assignToReference>Var_TaskSingleRecord.Name</assignToReference>
            <operator>Assign</operator>
            <value>
                <stringValue>First Training</stringValue>
            </value>
        </assignmentItems>
        <assignmentItems>
            <assignToReference>Var_TaskSingleRecord.Owner__c</assignToReference>
            <operator>Assign</operator>
            <value>
                <elementReference>Var_Owner</elementReference>
            </value>
        </assignmentItems>
        <assignmentItems>
            <assignToReference>Var_TaskSingleRecord.Stage__c</assignToReference>
            <operator>Assign</operator>
            <value>
                <stringValue>On Deck</stringValue>
            </value>
        </assignmentItems>
        <connector>
            <targetReference>Set_Var_TaskRecordHolder_First_Training</targetReference>
        </connector>
    </assignments>
    <assignments>
        <name>Set_Var_TaskSingleRecord_Get_Access_To_CRM</name>
        <label>Set Var_TaskSingleRecord Get Access To CRM</label>
        <locationX>50</locationX>
        <locationY>2930</locationY>
        <assignmentItems>
            <assignToReference>Var_TaskSingleRecord.PMT_Epic__c</assignToReference>
            <operator>Assign</operator>
            <value>
                <elementReference>Var_Epic</elementReference>
            </value>
        </assignmentItems>
        <assignmentItems>
            <assignToReference>Var_TaskSingleRecord.PMT_Story__c</assignToReference>
            <operator>Assign</operator>
            <value>
                <elementReference>Get_New_Story_ID_For_Planning.Id</elementReference>
            </value>
        </assignmentItems>
        <assignmentItems>
            <assignToReference>Var_TaskSingleRecord.Name</assignToReference>
            <operator>Assign</operator>
            <value>
                <stringValue>Get CRM access from {!What_is_the_name_of_the_new_partner}</stringValue>
            </value>
        </assignmentItems>
        <assignmentItems>
            <assignToReference>Var_TaskSingleRecord.Owner__c</assignToReference>
            <operator>Assign</operator>
            <value>
                <elementReference>Var_Owner</elementReference>
            </value>
        </assignmentItems>
        <assignmentItems>
            <assignToReference>Var_TaskSingleRecord.Stage__c</assignToReference>
            <operator>Assign</operator>
            <value>
                <stringValue>On Deck</stringValue>
            </value>
        </assignmentItems>
        <connector>
            <targetReference>Set_Var_TaskRecordHolder</targetReference>
        </connector>
    </assignments>
    <assignments>
        <name>Set_Var_TaskSingleRecord_Import_Companies</name>
        <label>Set Var_TaskSingleRecord Import Companies</label>
        <locationX>204</locationX>
        <locationY>4610</locationY>
        <assignmentItems>
            <assignToReference>Var_TaskSingleRecord.PMT_Epic__c</assignToReference>
            <operator>Assign</operator>
            <value>
                <elementReference>Var_Epic</elementReference>
            </value>
        </assignmentItems>
        <assignmentItems>
            <assignToReference>Var_TaskSingleRecord.PMT_Story__c</assignToReference>
            <operator>Assign</operator>
            <value>
                <elementReference>Get_New_Story_ID_For_Build_Out.Id</elementReference>
            </value>
        </assignmentItems>
        <assignmentItems>
            <assignToReference>Var_TaskSingleRecord.Name</assignToReference>
            <operator>Assign</operator>
            <value>
                <stringValue>Import companies into Salesforce </stringValue>
            </value>
        </assignmentItems>
        <assignmentItems>
            <assignToReference>Var_TaskSingleRecord.Owner__c</assignToReference>
            <operator>Assign</operator>
            <value>
                <elementReference>Var_Owner</elementReference>
            </value>
        </assignmentItems>
        <assignmentItems>
            <assignToReference>Var_TaskSingleRecord.Stage__c</assignToReference>
            <operator>Assign</operator>
            <value>
                <stringValue>On Deck</stringValue>
            </value>
        </assignmentItems>
        <connector>
            <targetReference>Set_Var_TaskRecordHolder_Import_Companies</targetReference>
        </connector>
    </assignments>
    <assignments>
        <name>Set_Var_TaskSingleRecord_Import_Leads</name>
        <label>Set Var_TaskSingleRecord Import Leads</label>
        <locationX>204</locationX>
        <locationY>4826</locationY>
        <assignmentItems>
            <assignToReference>Var_TaskSingleRecord.PMT_Epic__c</assignToReference>
            <operator>Assign</operator>
            <value>
                <elementReference>Var_Epic</elementReference>
            </value>
        </assignmentItems>
        <assignmentItems>
            <assignToReference>Var_TaskSingleRecord.PMT_Story__c</assignToReference>
            <operator>Assign</operator>
            <value>
                <elementReference>Get_New_Story_ID_For_Build_Out.Id</elementReference>
            </value>
        </assignmentItems>
        <assignmentItems>
            <assignToReference>Var_TaskSingleRecord.Name</assignToReference>
            <operator>Assign</operator>
            <value>
                <stringValue>Create Leads In Salesforce </stringValue>
            </value>
        </assignmentItems>
        <assignmentItems>
            <assignToReference>Var_TaskSingleRecord.Owner__c</assignToReference>
            <operator>Assign</operator>
            <value>
                <elementReference>Var_Owner</elementReference>
            </value>
        </assignmentItems>
        <assignmentItems>
            <assignToReference>Var_TaskSingleRecord.Stage__c</assignToReference>
            <operator>Assign</operator>
            <value>
                <stringValue>On Deck</stringValue>
            </value>
        </assignmentItems>
        <connector>
            <targetReference>Set_Var_TaskRecordHolder_Import_Leads</targetReference>
        </connector>
    </assignments>
    <assignments>
        <name>Set_Var_TaskSingleRecord_Import_Opportunities</name>
        <label>Set Var_TaskSingleRecord Import Opportunities</label>
        <locationX>204</locationX>
        <locationY>5042</locationY>
        <assignmentItems>
            <assignToReference>Var_TaskSingleRecord.PMT_Epic__c</assignToReference>
            <operator>Assign</operator>
            <value>
                <elementReference>Var_Epic</elementReference>
            </value>
        </assignmentItems>
        <assignmentItems>
            <assignToReference>Var_TaskSingleRecord.PMT_Story__c</assignToReference>
            <operator>Assign</operator>
            <value>
                <elementReference>Get_New_Story_ID_For_Build_Out.Id</elementReference>
            </value>
        </assignmentItems>
        <assignmentItems>
            <assignToReference>Var_TaskSingleRecord.Name</assignToReference>
            <operator>Assign</operator>
            <value>
                <stringValue>Create Opportunities In Salesforce </stringValue>
            </value>
        </assignmentItems>
        <assignmentItems>
            <assignToReference>Var_TaskSingleRecord.Owner__c</assignToReference>
            <operator>Assign</operator>
            <value>
                <elementReference>Var_Owner</elementReference>
            </value>
        </assignmentItems>
        <assignmentItems>
            <assignToReference>Var_TaskSingleRecord.Stage__c</assignToReference>
            <operator>Assign</operator>
            <value>
                <stringValue>On Deck</stringValue>
            </value>
        </assignmentItems>
        <connector>
            <targetReference>Set_Var_TaskRecordHolder_Import_Opportunities</targetReference>
        </connector>
    </assignments>
    <assignments>
        <name>Set_Var_TaskSingleRecord_Import_Users</name>
        <label>Set Var_TaskSingleRecord Import Users</label>
        <locationX>204</locationX>
        <locationY>4394</locationY>
        <assignmentItems>
            <assignToReference>Var_TaskSingleRecord.PMT_Epic__c</assignToReference>
            <operator>Assign</operator>
            <value>
                <elementReference>Var_Epic</elementReference>
            </value>
        </assignmentItems>
        <assignmentItems>
            <assignToReference>Var_TaskSingleRecord.PMT_Story__c</assignToReference>
            <operator>Assign</operator>
            <value>
                <elementReference>Get_New_Story_ID_For_Build_Out.Id</elementReference>
            </value>
        </assignmentItems>
        <assignmentItems>
            <assignToReference>Var_TaskSingleRecord.Name</assignToReference>
            <operator>Assign</operator>
            <value>
                <stringValue>Create Users In Salesforce </stringValue>
            </value>
        </assignmentItems>
        <assignmentItems>
            <assignToReference>Var_TaskSingleRecord.Owner__c</assignToReference>
            <operator>Assign</operator>
            <value>
                <elementReference>Var_Owner</elementReference>
            </value>
        </assignmentItems>
        <assignmentItems>
            <assignToReference>Var_TaskSingleRecord.Stage__c</assignToReference>
            <operator>Assign</operator>
            <value>
                <stringValue>On Deck</stringValue>
            </value>
        </assignmentItems>
        <connector>
            <targetReference>Set_Var_TaskRecordHolder_Import_Users</targetReference>
        </connector>
    </assignments>
    <assignments>
        <name>Set_Var_TaskSingleRecord_Map_Out_Companies</name>
        <label>Set Var_TaskSingleRecord Map Out Companies</label>
        <locationX>182</locationX>
        <locationY>3446</locationY>
        <assignmentItems>
            <assignToReference>Var_TaskSingleRecord.PMT_Epic__c</assignToReference>
            <operator>Assign</operator>
            <value>
                <elementReference>Var_Epic</elementReference>
            </value>
        </assignmentItems>
        <assignmentItems>
            <assignToReference>Var_TaskSingleRecord.PMT_Story__c</assignToReference>
            <operator>Assign</operator>
            <value>
                <elementReference>Get_New_Story_ID_For_Planning.Id</elementReference>
            </value>
        </assignmentItems>
        <assignmentItems>
            <assignToReference>Var_TaskSingleRecord.Name</assignToReference>
            <operator>Assign</operator>
            <value>
                <stringValue>Map out companies </stringValue>
            </value>
        </assignmentItems>
        <assignmentItems>
            <assignToReference>Var_TaskSingleRecord.Owner__c</assignToReference>
            <operator>Assign</operator>
            <value>
                <elementReference>Var_Owner</elementReference>
            </value>
        </assignmentItems>
        <assignmentItems>
            <assignToReference>Var_TaskSingleRecord.Stage__c</assignToReference>
            <operator>Assign</operator>
            <value>
                <stringValue>On Deck</stringValue>
            </value>
        </assignmentItems>
        <connector>
            <targetReference>Set_Var_TaskRecordHolder_Companies</targetReference>
        </connector>
    </assignments>
    <assignments>
        <name>Set_Var_TaskSingleRecord_Map_Out_Leads</name>
        <label>Set Var_TaskSingleRecord Map Out Leads</label>
        <locationX>182</locationX>
        <locationY>3662</locationY>
        <assignmentItems>
            <assignToReference>Var_TaskSingleRecord.PMT_Epic__c</assignToReference>
            <operator>Assign</operator>
            <value>
                <elementReference>Var_Epic</elementReference>
            </value>
        </assignmentItems>
        <assignmentItems>
            <assignToReference>Var_TaskSingleRecord.PMT_Story__c</assignToReference>
            <operator>Assign</operator>
            <value>
                <elementReference>Get_New_Story_ID_For_Planning.Id</elementReference>
            </value>
        </assignmentItems>
        <assignmentItems>
            <assignToReference>Var_TaskSingleRecord.Name</assignToReference>
            <operator>Assign</operator>
            <value>
                <stringValue>Map out leads</stringValue>
            </value>
        </assignmentItems>
        <assignmentItems>
            <assignToReference>Var_TaskSingleRecord.Owner__c</assignToReference>
            <operator>Assign</operator>
            <value>
                <elementReference>Var_Owner</elementReference>
            </value>
        </assignmentItems>
        <assignmentItems>
            <assignToReference>Var_TaskSingleRecord.Stage__c</assignToReference>
            <operator>Assign</operator>
            <value>
                <stringValue>On Deck</stringValue>
            </value>
        </assignmentItems>
        <connector>
            <targetReference>Set_Var_TaskRecordHolder_Leads</targetReference>
        </connector>
    </assignments>
    <assignments>
        <name>Set_Var_TaskSingleRecord_Map_Out_Opportunities</name>
        <label>Set Var_TaskSingleRecord Map Out Opportunities</label>
        <locationX>182</locationX>
        <locationY>3878</locationY>
        <assignmentItems>
            <assignToReference>Var_TaskSingleRecord.PMT_Epic__c</assignToReference>
            <operator>Assign</operator>
            <value>
                <elementReference>Var_Epic</elementReference>
            </value>
        </assignmentItems>
        <assignmentItems>
            <assignToReference>Var_TaskSingleRecord.PMT_Story__c</assignToReference>
            <operator>Assign</operator>
            <value>
                <elementReference>Get_New_Story_ID_For_Planning.Id</elementReference>
            </value>
        </assignmentItems>
        <assignmentItems>
            <assignToReference>Var_TaskSingleRecord.Name</assignToReference>
            <operator>Assign</operator>
            <value>
                <stringValue>Map out opportunities</stringValue>
            </value>
        </assignmentItems>
        <assignmentItems>
            <assignToReference>Var_TaskSingleRecord.Owner__c</assignToReference>
            <operator>Assign</operator>
            <value>
                <elementReference>Var_Owner</elementReference>
            </value>
        </assignmentItems>
        <assignmentItems>
            <assignToReference>Var_TaskSingleRecord.Stage__c</assignToReference>
            <operator>Assign</operator>
            <value>
                <stringValue>On Deck</stringValue>
            </value>
        </assignmentItems>
        <connector>
            <targetReference>Set_Var_TaskRecordHolder_Opp</targetReference>
        </connector>
    </assignments>
    <assignments>
        <name>Set_Var_TaskSingleRecord_Map_Out_Users</name>
        <label>Set Var_TaskSingleRecord Map Out Users</label>
        <locationX>182</locationX>
        <locationY>3230</locationY>
        <assignmentItems>
            <assignToReference>Var_TaskSingleRecord.PMT_Epic__c</assignToReference>
            <operator>Assign</operator>
            <value>
                <elementReference>Var_Epic</elementReference>
            </value>
        </assignmentItems>
        <assignmentItems>
            <assignToReference>Var_TaskSingleRecord.PMT_Story__c</assignToReference>
            <operator>Assign</operator>
            <value>
                <elementReference>currentItem_Filter_To_Planning_Story.Id</elementReference>
            </value>
        </assignmentItems>
        <assignmentItems>
            <assignToReference>Var_TaskSingleRecord.Name</assignToReference>
            <operator>Assign</operator>
            <value>
                <stringValue>Map out users</stringValue>
            </value>
        </assignmentItems>
        <assignmentItems>
            <assignToReference>Var_TaskSingleRecord.Owner__c</assignToReference>
            <operator>Assign</operator>
            <value>
                <elementReference>Var_Owner</elementReference>
            </value>
        </assignmentItems>
        <assignmentItems>
            <assignToReference>Var_TaskSingleRecord.Stage__c</assignToReference>
            <operator>Assign</operator>
            <value>
                <stringValue>On Deck</stringValue>
            </value>
        </assignmentItems>
        <connector>
            <targetReference>Set_Var_TaskRecordHolder_Users</targetReference>
        </connector>
    </assignments>
    <assignments>
        <name>Set_Var_TaskSingleRecord_Partner_Tasks</name>
        <label>Set Var_TaskSingleRecord Partner Picklist</label>
        <locationX>336</locationX>
        <locationY>6722</locationY>
        <assignmentItems>
            <assignToReference>Var_TaskSingleRecord.PMT_Epic__c</assignToReference>
            <operator>Assign</operator>
            <value>
                <elementReference>Var_Epic</elementReference>
            </value>
        </assignmentItems>
        <assignmentItems>
            <assignToReference>Var_TaskSingleRecord.Name</assignToReference>
            <operator>Assign</operator>
            <value>
                <stringValue>Add Partner To Partner Picklist </stringValue>
            </value>
        </assignmentItems>
        <assignmentItems>
            <assignToReference>Var_TaskSingleRecord.Owner__c</assignToReference>
            <operator>Assign</operator>
            <value>
                <elementReference>Var_Owner</elementReference>
            </value>
        </assignmentItems>
        <assignmentItems>
            <assignToReference>Var_TaskSingleRecord.Stage__c</assignToReference>
            <operator>Assign</operator>
            <value>
                <stringValue>On Deck</stringValue>
            </value>
        </assignmentItems>
        <connector>
            <targetReference>Var_TaskRecordHolder_Partner_Picklist</targetReference>
        </connector>
    </assignments>
    <assignments>
        <name>Set_Var_user</name>
        <label>Set Var_Owner</label>
        <locationX>468</locationX>
        <locationY>350</locationY>
        <assignmentItems>
            <assignToReference>Var_Owner</assignToReference>
            <operator>Assign</operator>
            <value>
                <elementReference>$User.Id</elementReference>
            </value>
        </assignmentItems>
        <connector>
            <targetReference>Create_Epic</targetReference>
        </connector>
    </assignments>
    <assignments>
        <name>Var_TaskRecordHolder_Add_New_Partner_To_Main_Dashboards</name>
        <label>Var_TaskRecordHolder Add New Partner To Main Dashboards</label>
        <locationX>336</locationX>
        <locationY>7478</locationY>
        <assignmentItems>
            <assignToReference>Var_TaskRecordHolder</assignToReference>
            <operator>Add</operator>
            <value>
                <elementReference>Var_TaskSingleRecord</elementReference>
            </value>
        </assignmentItems>
        <connector>
            <targetReference>Create_Tasks</targetReference>
        </connector>
    </assignments>
    <assignments>
        <name>Var_TaskRecordHolder_Add_Roles_and_Sharing_Rules</name>
        <label>Var_TaskRecordHolder Add Roles and Sharing Rules</label>
        <locationX>336</locationX>
        <locationY>7262</locationY>
        <assignmentItems>
            <assignToReference>Var_TaskRecordHolder</assignToReference>
            <operator>Add</operator>
            <value>
                <elementReference>Var_TaskSingleRecord</elementReference>
            </value>
        </assignmentItems>
        <connector>
            <targetReference>Set_Var_TaskSingleRecord_Add_New_Partner_To_Main_Dashboards</targetReference>
        </connector>
    </assignments>
    <assignments>
        <name>Var_TaskRecordHolder_Partner_Picklist</name>
        <label>Var_TaskRecordHolder Partner Picklist</label>
        <locationX>336</locationX>
        <locationY>6830</locationY>
        <assignmentItems>
            <assignToReference>Var_TaskRecordHolder</assignToReference>
            <operator>Add</operator>
            <value>
                <elementReference>Var_TaskSingleRecord</elementReference>
            </value>
        </assignmentItems>
        <connector>
            <targetReference>Set_Var_TaskSingleRecord_Add_Partner_To_Partner_Object</targetReference>
        </connector>
    </assignments>
    <assignments>
        <name>Var_TaskRecordHolder_Partner_To_Partner_Object</name>
        <label>Var_TaskRecordHolder Partner To Partner Object</label>
        <locationX>336</locationX>
        <locationY>7046</locationY>
        <assignmentItems>
            <assignToReference>Var_TaskRecordHolder</assignToReference>
            <operator>Add</operator>
            <value>
                <elementReference>Var_TaskSingleRecord</elementReference>
            </value>
        </assignmentItems>
        <connector>
            <targetReference>Set_Var_TaskSingleRecord_Add_Roles_and_Sharing_Rules</targetReference>
        </connector>
    </assignments>
    <choices>
        <name>CR_BuildOut</name>
        <choiceText>Build Out</choiceText>
        <dataType>String</dataType>
        <value>
            <stringValue>Build Out</stringValue>
        </value>
    </choices>
    <choices>
        <name>CR_InitialMeeting</name>
        <choiceText>Initial Meeting&amp;nbsp;</choiceText>
        <dataType>String</dataType>
        <value>
            <stringValue>Initial Meeting </stringValue>
        </value>
    </choices>
    <choices>
        <name>CR_Planning</name>
        <choiceText>Planning</choiceText>
        <dataType>String</dataType>
        <value>
            <stringValue>Planning </stringValue>
        </value>
    </choices>
    <choices>
        <name>CR_Training</name>
        <choiceText>Training</choiceText>
        <dataType>String</dataType>
        <value>
            <stringValue>Training </stringValue>
        </value>
    </choices>
    <collectionProcessors>
        <name>Filter_To_Planning_Story</name>
        <elementSubtype>FilterCollectionProcessor</elementSubtype>
        <label>Filter To Planning Story</label>
        <locationX>182</locationX>
        <locationY>2714</locationY>
        <assignNextValueToReference>currentItem_Filter_To_Planning_Story</assignNextValueToReference>
        <collectionProcessorType>FilterCollectionProcessor</collectionProcessorType>
        <collectionReference>Get_New_Story_ID_s</collectionReference>
        <conditionLogic>and</conditionLogic>
        <conditions>
            <leftValueReference>currentItem_Filter_To_Planning_Story.Name</leftValueReference>
            <operator>EqualTo</operator>
            <rightValue>
                <stringValue>Planning</stringValue>
            </rightValue>
        </conditions>
        <connector>
            <targetReference>Is_CRM_Checked</targetReference>
        </connector>
    </collectionProcessors>
    <decisions>
        <name>Is_Build_Out_Checked</name>
        <label>Is Build Out Checked</label>
        <locationX>336</locationX>
        <locationY>1466</locationY>
        <defaultConnector>
            <targetReference>Add_Build_Out_to_Var_StorykRecordSingle</targetReference>
        </defaultConnector>
        <defaultConnectorLabel>Default Outcome</defaultConnectorLabel>
        <rules>
            <name>No_Build_Out_Is_Not_Checked</name>
            <conditionLogic>and</conditionLogic>
            <conditions>
                <leftValueReference>Build_Out</leftValueReference>
                <operator>EqualTo</operator>
                <rightValue>
                    <booleanValue>false</booleanValue>
                </rightValue>
            </conditions>
            <connector>
                <targetReference>Is_Training_Checked</targetReference>
            </connector>
            <label>No Build Out Is Not Checked</label>
        </rules>
    </decisions>
    <decisions>
        <name>Is_Build_Out_Checked_Task</name>
        <label>Is Build Out Checked (Task)</label>
        <locationX>336</locationX>
        <locationY>4178</locationY>
        <defaultConnector>
            <targetReference>Is_Training_CheckedTask</targetReference>
        </defaultConnector>
        <defaultConnectorLabel>Default Outcome</defaultConnectorLabel>
        <rules>
            <name>Yes_Build_Out_is_Checked</name>
            <conditionLogic>and</conditionLogic>
            <conditions>
                <leftValueReference>Build_Out</leftValueReference>
                <operator>EqualTo</operator>
                <rightValue>
                    <booleanValue>true</booleanValue>
                </rightValue>
            </conditions>
            <connector>
                <targetReference>Get_New_Story_ID_For_Build_Out</targetReference>
            </connector>
            <label>Yes Build Out is Checked</label>
        </rules>
    </decisions>
    <decisions>
        <name>Is_CRM_Checked</name>
        <label>Is CRM Checked</label>
        <locationX>182</locationX>
        <locationY>2822</locationY>
        <defaultConnector>
            <targetReference>Set_Var_TaskSingleRecord_Map_Out_Users</targetReference>
        </defaultConnector>
        <defaultConnectorLabel>Default Outcome</defaultConnectorLabel>
        <rules>
            <name>Yes_CRM_is_checked</name>
            <conditionLogic>and</conditionLogic>
            <conditions>
                <leftValueReference>HasCRM</leftValueReference>
                <operator>EqualTo</operator>
                <rightValue>
                    <booleanValue>true</booleanValue>
                </rightValue>
            </conditions>
            <connector>
                <targetReference>Set_Var_TaskSingleRecord_Get_Access_To_CRM</targetReference>
            </connector>
            <label>Yes CRM is checked</label>
        </rules>
    </decisions>
    <decisions>
        <name>Is_Initial_Meeting_Checked</name>
        <label>Is Initial Meeting Checked</label>
        <locationX>336</locationX>
        <locationY>650</locationY>
        <defaultConnector>
            <targetReference>Add_Initial_Meeting_to_Var_StorykRecordSingle</targetReference>
        </defaultConnector>
        <defaultConnectorLabel>Default Outcome</defaultConnectorLabel>
        <rules>
            <name>IMNO</name>
            <conditionLogic>and</conditionLogic>
            <conditions>
                <leftValueReference>CR_InitialMeeting</leftValueReference>
                <operator>EqualTo</operator>
                <rightValue>
                    <booleanValue>false</booleanValue>
                </rightValue>
            </conditions>
            <connector>
                <targetReference>Is_Planning_Checked</targetReference>
            </connector>
            <label>IM No</label>
        </rules>
    </decisions>
    <decisions>
        <name>Is_new_owner_checked</name>
        <label>Is new owner checked</label>
        <locationX>336</locationX>
        <locationY>242</locationY>
        <defaultConnector>
            <targetReference>Set_Var_user</targetReference>
        </defaultConnector>
        <defaultConnectorLabel>Default Outcome</defaultConnectorLabel>
        <rules>
            <name>Yes_New_User_is_checked</name>
            <conditionLogic>and</conditionLogic>
            <conditions>
                <leftValueReference>Who_will_be_the_Owner</leftValueReference>
                <operator>IsBlank</operator>
                <rightValue>
                    <booleanValue>false</booleanValue>
                </rightValue>
            </conditions>
            <connector>
                <targetReference>Copy_2_of_Set_Var_Owner</targetReference>
            </connector>
            <label>Yes New User is checked</label>
        </rules>
    </decisions>
    <decisions>
        <name>Is_Planning_Checked</name>
        <label>Is Planning Checked</label>
        <locationX>336</locationX>
        <locationY>1058</locationY>
        <defaultConnector>
            <targetReference>Add_Planning_to_Var_StorykRecordSingle</targetReference>
        </defaultConnector>
        <defaultConnectorLabel>Default Outcome</defaultConnectorLabel>
        <rules>
            <name>No_Planning_is_not_checked</name>
            <conditionLogic>and</conditionLogic>
            <conditions>
                <leftValueReference>Planning</leftValueReference>
                <operator>EqualTo</operator>
                <rightValue>
                    <booleanValue>false</booleanValue>
                </rightValue>
            </conditions>
            <connector>
                <targetReference>Is_Build_Out_Checked</targetReference>
            </connector>
            <label>No Planning is not checked</label>
        </rules>
    </decisions>
    <decisions>
        <name>Is_Planning_Checked_tasks</name>
        <label>Is Planning Checked (tasks)</label>
        <locationX>336</locationX>
        <locationY>2498</locationY>
        <defaultConnector>
            <targetReference>Is_Build_Out_Checked_Task</targetReference>
        </defaultConnector>
        <defaultConnectorLabel>Default Outcome</defaultConnectorLabel>
        <rules>
            <name>Yes_Planning_is_checked</name>
            <conditionLogic>and</conditionLogic>
            <conditions>
                <leftValueReference>Planning</leftValueReference>
                <operator>EqualTo</operator>
                <rightValue>
                    <booleanValue>true</booleanValue>
                </rightValue>
            </conditions>
            <connector>
                <targetReference>Get_New_Story_ID_For_Planning</targetReference>
            </connector>
            <label>Yes Planning is checked</label>
        </rules>
    </decisions>
    <decisions>
        <name>Is_Training_Checked</name>
        <label>Is Training Checked</label>
        <locationX>336</locationX>
        <locationY>1874</locationY>
        <defaultConnector>
            <targetReference>Add_Training_to_Var_StorykRecordSingle</targetReference>
        </defaultConnector>
        <defaultConnectorLabel>Default Outcome</defaultConnectorLabel>
        <rules>
            <name>No_Training_is_not_checked</name>
            <conditionLogic>and</conditionLogic>
            <conditions>
                <leftValueReference>Training</leftValueReference>
                <operator>EqualTo</operator>
                <rightValue>
                    <booleanValue>false</booleanValue>
                </rightValue>
            </conditions>
            <connector>
                <targetReference>Create_Stories</targetReference>
            </connector>
            <label>No Training is not checked</label>
        </rules>
    </decisions>
    <decisions>
        <name>Is_Training_CheckedTask</name>
        <label>Is Training Checked?</label>
        <locationX>336</locationX>
        <locationY>5342</locationY>
        <defaultConnector>
            <targetReference>Copy_2_of_Set_Var_taskSingleRecord_Custom_List_Views</targetReference>
        </defaultConnector>
        <defaultConnectorLabel>Default Outcome</defaultConnectorLabel>
        <rules>
            <name>Yes_Training_Is_Checked</name>
            <conditionLogic>and</conditionLogic>
            <conditions>
                <leftValueReference>Training</leftValueReference>
                <operator>EqualTo</operator>
                <rightValue>
                    <booleanValue>true</booleanValue>
                </rightValue>
            </conditions>
            <connector>
                <targetReference>Get_New_Story_ID_For_Training</targetReference>
            </connector>
            <label>Yes Training Is Checked</label>
        </rules>
    </decisions>
    <description>v9 Adding New Tasks 
v8 - Changing to new Epic
V7- Clean up unused fields
V6Moving to Top 
V4- updating Task to story connection fix
V3- Added Open URL at end of the flow 
V2-Added Partner Create</description>
    <dynamicChoiceSets>
        <name>CR_Owner</name>
        <dataType>String</dataType>
        <displayField>Name</displayField>
        <filterLogic>and</filterLogic>
        <filters>
            <field>IsActive</field>
            <operator>EqualTo</operator>
            <value>
                <booleanValue>true</booleanValue>
            </value>
        </filters>
        <object>User</object>
        <sortField>Name</sortField>
        <sortOrder>Asc</sortOrder>
        <valueField>Id</valueField>
    </dynamicChoiceSets>
    <environments>Default</environments>
    <interviewLabel>[PMT] New Onboarding {!$Flow.CurrentDateTime}</interviewLabel>
    <label>[PMT] New Onboarding</label>
    <processMetadataValues>
        <name>BuilderType</name>
        <value>
            <stringValue>LightningFlowBuilder</stringValue>
        </value>
    </processMetadataValues>
    <processMetadataValues>
        <name>CanvasMode</name>
        <value>
            <stringValue>AUTO_LAYOUT_CANVAS</stringValue>
        </value>
    </processMetadataValues>
    <processMetadataValues>
        <name>OriginBuilderType</name>
        <value>
            <stringValue>LightningFlowBuilder</stringValue>
        </value>
    </processMetadataValues>
    <processType>Flow</processType>
    <recordCreates>
        <name>Create_Epic</name>
        <label>Create Epic</label>
        <locationX>336</locationX>
        <locationY>542</locationY>
        <assignRecordIdToReference>Var_Epic</assignRecordIdToReference>
        <connector>
            <targetReference>Is_Initial_Meeting_Checked</targetReference>
        </connector>
        <inputAssignments>
            <field>Name</field>
            <value>
                <stringValue>New Onboarding For {!What_is_the_name_of_the_new_partner}</stringValue>
            </value>
        </inputAssignments>
        <inputAssignments>
            <field>Owner__c</field>
            <value>
                <elementReference>Var_Owner</elementReference>
            </value>
        </inputAssignments>
        <inputAssignments>
            <field>PMT_Category__c</field>
            <value>
                <stringValue>a1LUw000001FYLoMAO</stringValue>
            </value>
        </inputAssignments>
        <inputAssignments>
            <field>Status__c</field>
            <value>
                <stringValue>Backlog</stringValue>
            </value>
        </inputAssignments>
        <object>PMT_Epic__c</object>
    </recordCreates>
    <recordCreates>
        <name>Create_Stories</name>
        <label>Create Stories</label>
        <locationX>336</locationX>
        <locationY>2282</locationY>
        <connector>
            <targetReference>Get_New_Story_ID_s</targetReference>
        </connector>
        <inputReference>Var_StorykRecordsHolder</inputReference>
    </recordCreates>
    <recordCreates>
        <name>Create_Tasks</name>
        <label>Create Tasks</label>
        <locationX>336</locationX>
        <locationY>7586</locationY>
        <connector>
            <targetReference>Open_Epic</targetReference>
        </connector>
        <inputReference>Var_TaskRecordHolder</inputReference>
    </recordCreates>
    <recordLookups>
        <name>Get_New_Story_ID_For_Build_Out</name>
        <label>Get New Story ID For Build Out</label>
        <locationX>204</locationX>
        <locationY>4286</locationY>
        <assignNullValuesIfNoRecordsFound>false</assignNullValuesIfNoRecordsFound>
        <connector>
            <targetReference>Set_Var_TaskSingleRecord_Import_Users</targetReference>
        </connector>
        <filterLogic>and</filterLogic>
        <filters>
            <field>PMT_Epic__c</field>
            <operator>EqualTo</operator>
            <value>
                <elementReference>Var_Epic</elementReference>
            </value>
        </filters>
        <filters>
            <field>Name</field>
            <operator>EqualTo</operator>
            <value>
                <stringValue>Build Out</stringValue>
            </value>
        </filters>
        <getFirstRecordOnly>true</getFirstRecordOnly>
        <object>PMT_Story__c</object>
        <storeOutputAutomatically>true</storeOutputAutomatically>
    </recordLookups>
    <recordLookups>
        <name>Get_New_Story_ID_For_Planning</name>
        <label>Get New Story ID For Planning</label>
        <locationX>182</locationX>
        <locationY>2606</locationY>
        <assignNullValuesIfNoRecordsFound>false</assignNullValuesIfNoRecordsFound>
        <connector>
            <targetReference>Filter_To_Planning_Story</targetReference>
        </connector>
        <filterLogic>and</filterLogic>
        <filters>
            <field>PMT_Epic__c</field>
            <operator>EqualTo</operator>
            <value>
                <elementReference>Var_Epic</elementReference>
            </value>
        </filters>
        <filters>
            <field>Name</field>
            <operator>EqualTo</operator>
            <value>
                <stringValue>Planning</stringValue>
            </value>
        </filters>
        <getFirstRecordOnly>true</getFirstRecordOnly>
        <object>PMT_Story__c</object>
        <storeOutputAutomatically>true</storeOutputAutomatically>
    </recordLookups>
    <recordLookups>
        <name>Get_New_Story_ID_For_Training</name>
        <label>Get New Story ID For Training</label>
        <locationX>204</locationX>
        <locationY>5450</locationY>
        <assignNullValuesIfNoRecordsFound>false</assignNullValuesIfNoRecordsFound>
        <connector>
            <targetReference>Set_Var_TaskSingleRecord_Early_Adopters_Training</targetReference>
        </connector>
        <filterLogic>and</filterLogic>
        <filters>
            <field>PMT_Epic__c</field>
            <operator>EqualTo</operator>
            <value>
                <elementReference>Var_Epic</elementReference>
            </value>
        </filters>
        <filters>
            <field>Name</field>
            <operator>EqualTo</operator>
            <value>
                <stringValue>Training</stringValue>
            </value>
        </filters>
        <getFirstRecordOnly>true</getFirstRecordOnly>
        <object>PMT_Story__c</object>
        <storeOutputAutomatically>true</storeOutputAutomatically>
    </recordLookups>
    <recordLookups>
        <name>Get_New_Story_ID_s</name>
        <label>Get New Story ID&apos;s</label>
        <locationX>336</locationX>
        <locationY>2390</locationY>
        <assignNullValuesIfNoRecordsFound>false</assignNullValuesIfNoRecordsFound>
        <connector>
            <targetReference>Is_Planning_Checked_tasks</targetReference>
        </connector>
        <filterLogic>and</filterLogic>
        <filters>
            <field>PMT_Epic__c</field>
            <operator>EqualTo</operator>
            <value>
                <elementReference>Var_Epic</elementReference>
            </value>
        </filters>
        <getFirstRecordOnly>false</getFirstRecordOnly>
        <object>PMT_Story__c</object>
        <storeOutputAutomatically>true</storeOutputAutomatically>
    </recordLookups>
    <screens>
        <name>First_Page</name>
        <label>Get Partner Name</label>
        <locationX>336</locationX>
        <locationY>134</locationY>
        <allowBack>true</allowBack>
        <allowFinish>true</allowFinish>
        <allowPause>true</allowPause>
        <connector>
            <targetReference>Is_new_owner_checked</targetReference>
        </connector>
        <fields>
            <name>What_is_the_name_of_the_new_partner</name>
            <dataType>String</dataType>
            <fieldText>What is the name of the new partner?</fieldText>
            <fieldType>InputField</fieldType>
            <inputsOnNextNavToAssocScrn>UseStoredValues</inputsOnNextNavToAssocScrn>
            <isRequired>true</isRequired>
            <styleProperties>
                <verticalAlignment>
                    <stringValue>top</stringValue>
                </verticalAlignment>
                <width>
                    <stringValue>12</stringValue>
                </width>
            </styleProperties>
        </fields>
        <fields>
            <name>SubTaskUncheck</name>
            <fieldText>&lt;p&gt;What sub tasks do you want to create?&lt;/p&gt;</fieldText>
            <fieldType>DisplayText</fieldType>
            <styleProperties>
                <verticalAlignment>
                    <stringValue>top</stringValue>
                </verticalAlignment>
                <width>
                    <stringValue>12</stringValue>
                </width>
            </styleProperties>
        </fields>
        <fields>
            <name>Initial_Meeting</name>
            <dataType>Boolean</dataType>
            <defaultValue>
                <booleanValue>true</booleanValue>
            </defaultValue>
            <fieldText>Initial Meeting</fieldText>
            <fieldType>InputField</fieldType>
            <inputsOnNextNavToAssocScrn>UseStoredValues</inputsOnNextNavToAssocScrn>
            <isRequired>true</isRequired>
            <styleProperties>
                <verticalAlignment>
                    <stringValue>top</stringValue>
                </verticalAlignment>
                <width>
                    <stringValue>12</stringValue>
                </width>
            </styleProperties>
        </fields>
        <fields>
            <name>Planning</name>
            <dataType>Boolean</dataType>
            <defaultValue>
                <booleanValue>true</booleanValue>
            </defaultValue>
            <fieldText>Planning</fieldText>
            <fieldType>InputField</fieldType>
            <inputsOnNextNavToAssocScrn>UseStoredValues</inputsOnNextNavToAssocScrn>
            <isRequired>true</isRequired>
            <styleProperties>
                <verticalAlignment>
                    <stringValue>top</stringValue>
                </verticalAlignment>
                <width>
                    <stringValue>12</stringValue>
                </width>
            </styleProperties>
        </fields>
        <fields>
            <name>Build_Out</name>
            <dataType>Boolean</dataType>
            <defaultValue>
                <booleanValue>true</booleanValue>
            </defaultValue>
            <fieldText>Build Out</fieldText>
            <fieldType>InputField</fieldType>
            <inputsOnNextNavToAssocScrn>UseStoredValues</inputsOnNextNavToAssocScrn>
            <isRequired>true</isRequired>
            <styleProperties>
                <verticalAlignment>
                    <stringValue>top</stringValue>
                </verticalAlignment>
                <width>
                    <stringValue>12</stringValue>
                </width>
            </styleProperties>
        </fields>
        <fields>
            <name>Training</name>
            <dataType>Boolean</dataType>
            <defaultValue>
                <booleanValue>true</booleanValue>
            </defaultValue>
            <fieldText>Training</fieldText>
            <fieldType>InputField</fieldType>
            <inputsOnNextNavToAssocScrn>UseStoredValues</inputsOnNextNavToAssocScrn>
            <isRequired>true</isRequired>
            <styleProperties>
                <verticalAlignment>
                    <stringValue>top</stringValue>
                </verticalAlignment>
                <width>
                    <stringValue>12</stringValue>
                </width>
            </styleProperties>
        </fields>
        <fields>
            <name>Who_will_be_the_Owner</name>
            <choiceReferences>CR_Owner</choiceReferences>
            <dataType>String</dataType>
            <fieldText>Who will be the Owner (default is current user)</fieldText>
            <fieldType>DropdownBox</fieldType>
            <inputsOnNextNavToAssocScrn>UseStoredValues</inputsOnNextNavToAssocScrn>
            <isRequired>false</isRequired>
            <styleProperties>
                <verticalAlignment>
                    <stringValue>top</stringValue>
                </verticalAlignment>
                <width>
                    <stringValue>12</stringValue>
                </width>
            </styleProperties>
        </fields>
        <fields>
            <name>HasCRM</name>
            <dataType>Boolean</dataType>
            <defaultValue>
                <booleanValue>false</booleanValue>
            </defaultValue>
            <fieldText>Customer Has An Existing CRM</fieldText>
            <fieldType>InputField</fieldType>
            <inputsOnNextNavToAssocScrn>UseStoredValues</inputsOnNextNavToAssocScrn>
            <isRequired>true</isRequired>
            <styleProperties>
                <verticalAlignment>
                    <stringValue>top</stringValue>
                </verticalAlignment>
                <width>
                    <stringValue>12</stringValue>
                </width>
            </styleProperties>
        </fields>
        <showFooter>true</showFooter>
        <showHeader>true</showHeader>
    </screens>
    <start>
        <locationX>210</locationX>
        <locationY>0</locationY>
        <connector>
            <targetReference>First_Page</targetReference>
        </connector>
    </start>
    <status>Draft</status>
    <variables>
        <name>currentItem_Filter_For_Training</name>
        <dataType>SObject</dataType>
        <isCollection>false</isCollection>
        <isInput>false</isInput>
        <isOutput>false</isOutput>
        <objectType>PMT_Story__c</objectType>
    </variables>
    <variables>
        <name>currentItem_Filter_To_Build_Out</name>
        <dataType>SObject</dataType>
        <isCollection>false</isCollection>
        <isInput>false</isInput>
        <isOutput>false</isOutput>
        <objectType>PMT_Story__c</objectType>
    </variables>
    <variables>
        <name>currentItem_Filter_To_Planning_Story</name>
        <dataType>SObject</dataType>
        <isCollection>false</isCollection>
        <isInput>false</isInput>
        <isOutput>false</isOutput>
        <objectType>PMT_Story__c</objectType>
    </variables>
    <variables>
        <name>Var_Epic</name>
        <dataType>String</dataType>
        <isCollection>false</isCollection>
        <isInput>false</isInput>
        <isOutput>false</isOutput>
    </variables>
    <variables>
        <name>Var_Owner</name>
        <dataType>String</dataType>
        <isCollection>false</isCollection>
        <isInput>false</isInput>
        <isOutput>false</isOutput>
        <value>
            <elementReference>$User.Id</elementReference>
        </value>
    </variables>
    <variables>
        <name>Var_StorykRecordsHolder</name>
        <dataType>SObject</dataType>
        <isCollection>true</isCollection>
        <isInput>false</isInput>
        <isOutput>false</isOutput>
        <objectType>PMT_Story__c</objectType>
    </variables>
    <variables>
        <name>Var_StorykRecordSingle</name>
        <dataType>SObject</dataType>
        <isCollection>false</isCollection>
        <isInput>false</isInput>
        <isOutput>false</isOutput>
        <objectType>PMT_Story__c</objectType>
    </variables>
    <variables>
        <name>Var_SubtaskRecordSingle</name>
        <dataType>SObject</dataType>
        <isCollection>false</isCollection>
        <isInput>false</isInput>
        <isOutput>false</isOutput>
        <objectType>PMT_Story__c</objectType>
    </variables>
    <variables>
        <name>Var_TaskRecordHolder</name>
        <dataType>SObject</dataType>
        <isCollection>true</isCollection>
        <isInput>false</isInput>
        <isOutput>false</isOutput>
        <objectType>PMT_Task__c</objectType>
    </variables>
    <variables>
        <name>Var_TaskSingleRecord</name>
        <dataType>SObject</dataType>
        <isCollection>false</isCollection>
        <isInput>false</isInput>
        <isOutput>false</isOutput>
        <objectType>PMT_Task__c</objectType>
    </variables>
    <variables>
        <name>Var_Today</name>
        <dataType>Date</dataType>
        <isCollection>false</isCollection>
        <isInput>false</isInput>
        <isOutput>false</isOutput>
        <value>
            <elementReference>$Flow.CurrentDate</elementReference>
        </value>
    </variables>
</Flow>
